Datetime,H9
2014-12-01T00:00,0.0
2014-12-01T00:15,0.0
2014-12-01T00:30,0.0
2014-12-01T00:45,0.0
2014-12-01T01:00,0.0
2014-12-01T01:15,0.0
2014-12-01T01:30,0.0
2014-12-01T01:45,0.0
2014-12-01T02:00,0.0
2014-12-01T02:15,0.0
2014-12-01T02:30,0.0
2014-12-01T02:45,0.0
2014-12-01T03:00,0.0
2014-12-01T03:15,0.0
2014-12-01T03:30,0.0
2014-12-01T03:45,0.0
2014-12-01T04:00,0.0
2014-12-01T04:15,0.0
2014-12-01T04:30,0.0
2014-12-01T04:45,0.0
2014-12-01T05:00,0.0
2014-12-01T05:15,0.0
2014-12-01T05:30,0.0
2014-12-01T05:45,0.0
2014-12-01T06:00,0.0
2014-12-01T06:15,0.0
2014-12-01T06:30,0.0
2014-12-01T06:45,0.0
2014-12-01T07:00,0.0
2014-12-01T07:15,0.0
2014-12-01T07:30,0.0
2014-12-01T07:45,0.0
2014-12-01T08:00,0.0
2014-12-01T08:15,147.118
2014-12-01T08:30,294.236
2014-12-01T08:45,441.354
2014-12-01T09:00,588.472
2014-12-01T09:15,1002.325
2014-12-01T09:30,1416.179
2014-12-01T09:45,1830.033
2014-12-01T10:00,2243.886
2014-12-01T10:15,2382.689
2014-12-01T10:30,2521.491
2014-12-01T10:45,2660.293
2014-12-01T11:00,2799.096
2014-12-01T11:15,3119.706
2014-12-01T11:30,3440.317
2014-12-01T11:45,3760.927
2014-12-01T12:00,4081.537
2014-12-01T12:15,3806.524
2014-12-01T12:30,3531.51
2014-12-01T12:45,3256.496
2014-12-01T13:00,2981.483
2014-12-01T13:15,2709.785
2014-12-01T13:30,2438.086
2014-12-01T13:45,2166.388
2014-12-01T14:00,1894.69
2014-12-01T14:15,1483.845
2014-12-01T14:30,1073.001
2014-12-01T14:45,662.156
2014-12-01T15:00,251.312
2014-12-01T15:15,188.484
2014-12-01T15:30,125.656
2014-12-01T15:45,62.828
2014-12-01T16:00,0.0
2014-12-01T16:15,0.0
2014-12-01T16:30,0.0
2014-12-01T16:45,0.0
2014-12-01T17:00,0.0
2014-12-01T17:15,0.0
2014-12-01T17:30,0.0
2014-12-01T17:45,0.0
2014-12-01T18:00,0.0
2014-12-01T18:15,0.0
2014-12-01T18:30,0.0
2014-12-01T18:45,0.0
2014-12-01T19:00,0.0
2014-12-01T19:15,0.0
2014-12-01T19:30,0.0
2014-12-01T19:45,0.0
2014-12-01T20:00,0.0
2014-12-01T20:15,0.0
2014-12-01T20:30,0.0
2014-12-01T20:45,0.0
2014-12-01T21:00,0.0
2014-12-01T21:15,0.0
2014-12-01T21:30,0.0
2014-12-01T21:45,0.0
2014-12-01T22:00,0.0
2014-12-01T22:15,0.0
2014-12-01T22:30,0.0
2014-12-01T22:45,0.0
2014-12-01T23:00,0.0
2014-12-01T23:15,0.0
2014-12-01T23:30,0.0
2014-12-01T23:45,0.0
2014-12-02T00:00,0.0
2014-12-02T00:15,0.0
2014-12-02T00:30,0.0
2014-12-02T00:45,0.0
2014-12-02T01:00,0.0
2014-12-02T01:15,0.0
2014-12-02T01:30,0.0
2014-12-02T01:45,0.0
2014-12-02T02:00,0.0
2014-12-02T02:15,0.0
2014-12-02T02:30,0.0
2014-12-02T02:45,0.0
2014-12-02T03:00,0.0
2014-12-02T03:15,0.0
2014-12-02T03:30,0.0
2014-12-02T03:45,0.0
2014-12-02T04:00,0.0
2014-12-02T04:15,0.0
2014-12-02T04:30,0.0
2014-12-02T04:45,0.0
2014-12-02T05:00,0.0
2014-12-02T05:15,0.0
2014-12-02T05:30,0.0
2014-12-02T05:45,0.0
2014-12-02T06:00,0.0
2014-12-02T06:15,0.0
2014-12-02T06:30,0.0
2014-12-02T06:45,0.0
2014-12-02T07:00,0.0
2014-12-02T07:15,43.178
2014-12-02T07:30,86.357
2014-12-02T07:45,129.535
2014-12-02T08:00,172.713
2014-12-02T08:15,440.676
2014-12-02T08:30,708.638
2014-12-02T08:45,976.601
2014-12-02T09:00,1244.564
2014-12-02T09:15,1577.409
2014-12-02T09:30,1910.254
2014-12-02T09:45,2243.099
2014-12-02T10:00,2575.944
2014-12-02T10:15,2884.181
2014-12-02T10:30,3192.418
2014-12-02T10:45,3500.656
2014-12-02T11:00,3808.893
2014-12-02T11:15,3780.743
2014-12-02T11:30,3752.593
2014-12-02T11:45,3724.443
2014-12-02T12:00,3696.293
2014-12-02T12:15,3428.898
2014-12-02T12:30,3161.502
2014-12-02T12:45,2894.106
2014-12-02T13:00,2626.71
2014-12-02T13:15,2224.841
2014-12-02T13:30,1822.972
2014-12-02T13:45,1421.103
2014-12-02T14:00,1019.235
2014-12-02T14:15,791.885
2014-12-02T14:30,564.535
2014-12-02T14:45,337.186
2014-12-02T15:00,109.836
2014-12-02T15:15,82.377
2014-12-02T15:30,54.918
2014-12-02T15:45,27.459
2014-12-02T16:00,0.0
2014-12-02T16:15,0.0
2014-12-02T16:30,0.0
2014-12-02T16:45,0.0
2014-12-02T17:00,0.0
2014-12-02T17:15,0.0
2014-12-02T17:30,0.0
2014-12-02T17:45,0.0
2014-12-02T18:00,0.0
2014-12-02T18:15,0.0
2014-12-02T18:30,0.0
2014-12-02T18:45,0.0
2014-12-02T19:00,0.0
2014-12-02T19:15,0.0
2014-12-02T19:30,0.0
2014-12-02T19:45,0.0
2014-12-02T20:00,0.0
2014-12-02T20:15,0.0
2014-12-02T20:30,0.0
2014-12-02T20:45,0.0
2014-12-02T21:00,0.0
2014-12-02T21:15,0.0
2014-12-02T21:30,0.0
2014-12-02T21:45,0.0
2014-12-02T22:00,0.0
2014-12-02T22:15,0.0
2014-12-02T22:30,0.0
2014-12-02T22:45,0.0
2014-12-02T23:00,0.0
2014-12-02T23:15,0.0
2014-12-02T23:30,0.0
2014-12-02T23:45,0.0
2014-12-03T00:00,0.0
2014-12-03T00:15,0.0
2014-12-03T00:30,0.0
2014-12-03T00:45,0.0
2014-12-03T01:00,0.0
2014-12-03T01:15,0.0
2014-12-03T01:30,0.0
2014-12-03T01:45,0.0
2014-12-03T02:00,0.0
2014-12-03T02:15,0.0
2014-12-03T02:30,0.0
2014-12-03T02:45,0.0
2014-12-03T03:00,0.0
2014-12-03T03:15,0.0
2014-12-03T03:30,0.0
2014-12-03T03:45,0.0
2014-12-03T04:00,0.0
2014-12-03T04:15,0.0
2014-12-03T04:30,0.0
2014-12-03T04:45,0.0
2014-12-03T05:00,0.0
2014-12-03T05:15,0.0
2014-12-03T05:30,0.0
2014-12-03T05:45,0.0
2014-12-03T06:00,0.0
2014-12-03T06:15,0.0
2014-12-03T06:30,0.0
2014-12-03T06:45,0.0
2014-12-03T07:00,0.0
2014-12-03T07:15,0.0
2014-12-03T07:30,0.0
2014-12-03T07:45,0.0
2014-12-03T08:00,0.0
2014-12-03T08:15,57.07
2014-12-03T08:30,114.14
2014-12-03T08:45,171.21
2014-12-03T09:00,228.28
2014-12-03T09:15,336.396
2014-12-03T09:30,444.512
2014-12-03T09:45,552.628
2014-12-03T10:00,660.744
2014-12-03T10:15,732.546
2014-12-03T10:30,804.348
2014-12-03T10:45,876.15
2014-12-03T11:00,947.952
2014-12-03T11:15,875.116
2014-12-03T11:30,802.279
2014-12-03T11:45,729.442
2014-12-03T12:00,656.606
2014-12-03T12:15,611.283
2014-12-03T12:30,565.96
2014-12-03T12:45,520.637
2014-12-03T13:00,475.314
2014-12-03T13:15,398.83
2014-12-03T13:30,322.347
2014-12-03T13:45,245.864
2014-12-03T14:00,169.381
2014-12-03T14:15,127.036
2014-12-03T14:30,84.69
2014-12-03T14:45,42.345
2014-12-03T15:00,0.0
2014-12-03T15:15,0.0
2014-12-03T15:30,0.0
2014-12-03T15:45,0.0
2014-12-03T16:00,0.0
2014-12-03T16:15,0.0
2014-12-03T16:30,0.0
2014-12-03T16:45,0.0
2014-12-03T17:00,0.0
2014-12-03T17:15,0.0
2014-12-03T17:30,0.0
2014-12-03T17:45,0.0
2014-12-03T18:00,0.0
2014-12-03T18:15,0.0
2014-12-03T18:30,0.0
2014-12-03T18:45,0.0
2014-12-03T19:00,0.0
2014-12-03T19:15,0.0
2014-12-03T19:30,0.0
2014-12-03T19:45,0.0
2014-12-03T20:00,0.0
2014-12-03T20:15,0.0
2014-12-03T20:30,0.0
2014-12-03T20:45,0.0
2014-12-03T21:00,0.0
2014-12-03T21:15,0.0
2014-12-03T21:30,0.0
2014-12-03T21:45,0.0
2014-12-03T22:00,0.0
2014-12-03T22:15,0.0
2014-12-03T22:30,0.0
2014-12-03T22:45,0.0
2014-12-03T23:00,0.0
2014-12-03T23:15,0.0
2014-12-03T23:30,0.0
2014-12-03T23:45,0.0
2014-12-04T00:00,0.0
2014-12-04T00:15,0.0
2014-12-04T00:30,0.0
2014-12-04T00:45,0.0
2014-12-04T01:00,0.0
2014-12-04T01:15,0.0
2014-12-04T01:30,0.0
2014-12-04T01:45,0.0
2014-12-04T02:00,0.0
2014-12-04T02:15,0.0
2014-12-04T02:30,0.0
2014-12-04T02:45,0.0
2014-12-04T03:00,0.0
2014-12-04T03:15,0.0
2014-12-04T03:30,0.0
2014-12-04T03:45,0.0
2014-12-04T04:00,0.0
2014-12-04T04:15,0.0
2014-12-04T04:30,0.0
2014-12-04T04:45,0.0
2014-12-04T05:00,0.0
2014-12-04T05:15,0.0
2014-12-04T05:30,0.0
2014-12-04T05:45,0.0
2014-12-04T06:00,0.0
2014-12-04T06:15,0.0
2014-12-04T06:30,0.0
2014-12-04T06:45,0.0
2014-12-04T07:00,0.0
2014-12-04T07:15,0.0
2014-12-04T07:30,0.0
2014-12-04T07:45,0.0
2014-12-04T08:00,0.0
2014-12-04T08:15,0.0
2014-12-04T08:30,0.0
2014-12-04T08:45,0.0
2014-12-04T09:00,0.0
2014-12-04T09:15,65.029
2014-12-04T09:30,130.058
2014-12-04T09:45,195.087
2014-12-04T10:00,260.116
2014-12-04T10:15,302.879
2014-12-04T10:30,345.642
2014-12-04T10:45,388.405
2014-12-04T11:00,431.168
2014-12-04T11:15,378.548
2014-12-04T11:30,325.928
2014-12-04T11:45,273.307
2014-12-04T12:00,220.687
2014-12-04T12:15,220.582
2014-12-04T12:30,220.477
2014-12-04T12:45,220.372
2014-12-04T13:00,220.267
2014-12-04T13:15,165.201
2014-12-04T13:30,110.134
2014-12-04T13:45,55.067
2014-12-04T14:00,0.0
2014-12-04T14:15,0.0
2014-12-04T14:30,0.0
2014-12-04T14:45,0.0
2014-12-04T15:00,0.0
2014-12-04T15:15,0.0
2014-12-04T15:30,0.0
2014-12-04T15:45,0.0
2014-12-04T16:00,0.0
2014-12-04T16:15,0.0
2014-12-04T16:30,0.0
2014-12-04T16:45,0.0
2014-12-04T17:00,0.0
2014-12-04T17:15,0.0
2014-12-04T17:30,0.0
2014-12-04T17:45,0.0
2014-12-04T18:00,0.0
2014-12-04T18:15,0.0
2014-12-04T18:30,0.0
2014-12-04T18:45,0.0
2014-12-04T19:00,0.0
2014-12-04T19:15,0.0
2014-12-04T19:30,0.0
2014-12-04T19:45,0.0
2014-12-04T20:00,0.0
2014-12-04T20:15,0.0
2014-12-04T20:30,0.0
2014-12-04T20:45,0.0
2014-12-04T21:00,0.0
2014-12-04T21:15,0.0
2014-12-04T21:30,0.0
2014-12-04T21:45,0.0
2014-12-04T22:00,0.0
2014-12-04T22:15,0.0
2014-12-04T22:30,0.0
2014-12-04T22:45,0.0
2014-12-04T23:00,0.0
2014-12-04T23:15,0.0
2014-12-04T23:30,0.0
2014-12-04T23:45,0.0
2014-12-05T00:00,0.0
2014-12-05T00:15,0.0
2014-12-05T00:30,0.0
2014-12-05T00:45,0.0
2014-12-05T01:00,0.0
2014-12-05T01:15,0.0
2014-12-05T01:30,0.0
2014-12-05T01:45,0.0
2014-12-05T02:00,0.0
2014-12-05T02:15,0.0
2014-12-05T02:30,0.0
2014-12-05T02:45,0.0
2014-12-05T03:00,0.0
2014-12-05T03:15,0.0
2014-12-05T03:30,0.0
2014-12-05T03:45,0.0
2014-12-05T04:00,0.0
2014-12-05T04:15,0.0
2014-12-05T04:30,0.0
2014-12-05T04:45,0.0
2014-12-05T05:00,0.0
2014-12-05T05:15,0.0
2014-12-05T05:30,0.0
2014-12-05T05:45,0.0
2014-12-05T06:00,0.0
2014-12-05T06:15,0.0
2014-12-05T06:30,0.0
2014-12-05T06:45,0.0
2014-12-05T07:00,0.0
2014-12-05T07:15,0.0
2014-12-05T07:30,0.0
2014-12-05T07:45,0.0
2014-12-05T08:00,0.0
2014-12-05T08:15,0.0
2014-12-05T08:30,0.0
2014-12-05T08:45,0.0
2014-12-05T09:00,0.0
2014-12-05T09:15,55.802
2014-12-05T09:30,111.604
2014-12-05T09:45,167.407
2014-12-05T10:00,223.209
2014-12-05T10:15,285.578
2014-12-05T10:30,347.947
2014-12-05T10:45,410.316
2014-12-05T11:00,472.685
2014-12-05T11:15,472.603
2014-12-05T11:30,472.521
2014-12-05T11:45,472.439
2014-12-05T12:00,472.357
2014-12-05T12:15,409.964
2014-12-05T12:30,347.572
2014-12-05T12:45,285.18
2014-12-05T13:00,222.788
2014-12-05T13:15,182.506
2014-12-05T13:30,142.224
2014-12-05T13:45,101.943
2014-12-05T14:00,61.661
2014-12-05T14:15,46.246
2014-12-05T14:30,30.83
2014-12-05T14:45,15.415
2014-12-05T15:00,0.0
2014-12-05T15:15,0.0
2014-12-05T15:30,0.0
2014-12-05T15:45,0.0
2014-12-05T16:00,0.0
2014-12-05T16:15,0.0
2014-12-05T16:30,0.0
2014-12-05T16:45,0.0
2014-12-05T17:00,0.0
2014-12-05T17:15,0.0
2014-12-05T17:30,0.0
2014-12-05T17:45,0.0
2014-12-05T18:00,0.0
2014-12-05T18:15,0.0
2014-12-05T18:30,0.0
2014-12-05T18:45,0.0
2014-12-05T19:00,0.0
2014-12-05T19:15,0.0
2014-12-05T19:30,0.0
2014-12-05T19:45,0.0
2014-12-05T20:00,0.0
2014-12-05T20:15,0.0
2014-12-05T20:30,0.0
2014-12-05T20:45,0.0
2014-12-05T21:00,0.0
2014-12-05T21:15,0.0
2014-12-05T21:30,0.0
2014-12-05T21:45,0.0
2014-12-05T22:00,0.0
2014-12-05T22:15,0.0
2014-12-05T22:30,0.0
2014-12-05T22:45,0.0
2014-12-05T23:00,0.0
2014-12-05T23:15,0.0
2014-12-05T23:30,0.0
2014-12-05T23:45,0.0
2014-12-06T00:00,0.0
2014-12-06T00:15,0.0
2014-12-06T00:30,0.0
2014-12-06T00:45,0.0
2014-12-06T01:00,0.0
2014-12-06T01:15,0.0
2014-12-06T01:30,0.0
2014-12-06T01:45,0.0
2014-12-06T02:00,0.0
2014-12-06T02:15,0.0
2014-12-06T02:30,0.0
2014-12-06T02:45,0.0
2014-12-06T03:00,0.0
2014-12-06T03:15,0.0
2014-12-06T03:30,0.0
2014-12-06T03:45,0.0
2014-12-06T04:00,0.0
2014-12-06T04:15,0.0
2014-12-06T04:30,0.0
2014-12-06T04:45,0.0
2014-12-06T05:00,0.0
2014-12-06T05:15,0.0
2014-12-06T05:30,0.0
2014-12-06T05:45,0.0
2014-12-06T06:00,0.0
2014-12-06T06:15,0.0
2014-12-06T06:30,0.0
2014-12-06T06:45,0.0
2014-12-06T07:00,0.0
2014-12-06T07:15,0.0
2014-12-06T07:30,0.0
2014-12-06T07:45,0.0
2014-12-06T08:00,0.0
2014-12-06T08:15,3.347
2014-12-06T08:30,6.694
2014-12-06T08:45,10.041
2014-12-06T09:00,13.388
2014-12-06T09:15,10.041
2014-12-06T09:30,6.694
2014-12-06T09:45,3.347
2014-12-06T10:00,0.0
2014-12-06T10:15,56.435
2014-12-06T10:30,112.87
2014-12-06T10:45,169.305
2014-12-06T11:00,225.74
2014-12-06T11:15,169.305
2014-12-06T11:30,112.87
2014-12-06T11:45,56.435
2014-12-06T12:00,0.0
2014-12-06T12:15,56.224
2014-12-06T12:30,112.448
2014-12-06T12:45,168.671
2014-12-06T13:00,224.895
2014-12-06T13:15,332.41
2014-12-06T13:30,439.924
2014-12-06T13:45,547.439
2014-12-06T14:00,654.954
2014-12-06T14:15,494.182
2014-12-06T14:30,333.409
2014-12-06T14:45,172.637
2014-12-06T15:00,11.865
2014-12-06T15:15,8.899
2014-12-06T15:30,5.933
2014-12-06T15:45,2.966
2014-12-06T16:00,0.0
2014-12-06T16:15,0.0
2014-12-06T16:30,0.0
2014-12-06T16:45,0.0
2014-12-06T17:00,0.0
2014-12-06T17:15,0.0
2014-12-06T17:30,0.0
2014-12-06T17:45,0.0
2014-12-06T18:00,0.0
2014-12-06T18:15,0.0
2014-12-06T18:30,0.0
2014-12-06T18:45,0.0
2014-12-06T19:00,0.0
2014-12-06T19:15,0.0
2014-12-06T19:30,0.0
2014-12-06T19:45,0.0
2014-12-06T20:00,0.0
2014-12-06T20:15,0.0
2014-12-06T20:30,0.0
2014-12-06T20:45,0.0
2014-12-06T21:00,0.0
2014-12-06T21:15,0.0
2014-12-06T21:30,0.0
2014-12-06T21:45,0.0
2014-12-06T22:00,0.0
2014-12-06T22:15,0.0
2014-12-06T22:30,0.0
2014-12-06T22:45,0.0
2014-12-06T23:00,0.0
2014-12-06T23:15,0.0
2014-12-06T23:30,0.0
2014-12-06T23:45,0.0
2014-12-07T00:00,0.0
2014-12-07T00:15,0.0
2014-12-07T00:30,0.0
2014-12-07T00:45,0.0
2014-12-07T01:00,0.0
2014-12-07T01:15,0.0
2014-12-07T01:30,0.0
2014-12-07T01:45,0.0
2014-12-07T02:00,0.0
2014-12-07T02:15,0.0
2014-12-07T02:30,0.0
2014-12-07T02:45,0.0
2014-12-07T03:00,0.0
2014-12-07T03:15,0.0
2014-12-07T03:30,0.0
2014-12-07T03:45,0.0
2014-12-07T04:00,0.0
2014-12-07T04:15,0.0
2014-12-07T04:30,0.0
2014-12-07T04:45,0.0
2014-12-07T05:00,0.0
2014-12-07T05:15,0.0
2014-12-07T05:30,0.0
2014-12-07T05:45,0.0
2014-12-07T06:00,0.0
2014-12-07T06:15,0.0
2014-12-07T06:30,0.0
2014-12-07T06:45,0.0
2014-12-07T07:00,0.0
2014-12-07T07:15,38.439
2014-12-07T07:30,76.878
2014-12-07T07:45,115.318
2014-12-07T08:00,153.757
2014-12-07T08:15,523.221
2014-12-07T08:30,892.686
2014-12-07T08:45,1262.15
2014-12-07T09:00,1631.614
2014-12-07T09:15,1989.954
2014-12-07T09:30,2348.294
2014-12-07T09:45,2706.634
2014-12-07T10:00,3064.974
2014-12-07T10:15,3269.917
2014-12-07T10:30,3474.86
2014-12-07T10:45,3679.804
2014-12-07T11:00,3884.747
2014-12-07T11:15,3900.273
2014-12-07T11:30,3915.798
2014-12-07T11:45,3931.324
2014-12-07T12:00,3946.849
2014-12-07T12:15,3730.801
2014-12-07T12:30,3514.754
2014-12-07T12:45,3298.706
2014-12-07T13:00,3082.658
2014-12-07T13:15,2659.108
2014-12-07T13:30,2235.559
2014-12-07T13:45,1812.01
2014-12-07T14:00,1388.461
2014-12-07T14:15,1044.955
2014-12-07T14:30,701.449
2014-12-07T14:45,357.942
2014-12-07T15:00,14.436
2014-12-07T15:15,10.827
2014-12-07T15:30,7.218
2014-12-07T15:45,3.609
2014-12-07T16:00,0.0
2014-12-07T16:15,0.0
2014-12-07T16:30,0.0
2014-12-07T16:45,0.0
2014-12-07T17:00,0.0
2014-12-07T17:15,0.0
2014-12-07T17:30,0.0
2014-12-07T17:45,0.0
2014-12-07T18:00,0.0
2014-12-07T18:15,0.0
2014-12-07T18:30,0.0
2014-12-07T18:45,0.0
2014-12-07T19:00,0.0
2014-12-07T19:15,0.0
2014-12-07T19:30,0.0
2014-12-07T19:45,0.0
2014-12-07T20:00,0.0
2014-12-07T20:15,0.0
2014-12-07T20:30,0.0
2014-12-07T20:45,0.0
2014-12-07T21:00,0.0
2014-12-07T21:15,0.0
2014-12-07T21:30,0.0
2014-12-07T21:45,0.0
2014-12-07T22:00,0.0
2014-12-07T22:15,0.0
2014-12-07T22:30,0.0
2014-12-07T22:45,0.0
2014-12-07T23:00,0.0
2014-12-07T23:15,0.0
2014-12-07T23:30,0.0
2014-12-07T23:45,0.0
2014-12-08T00:00,0.0
2014-12-08T00:15,0.0
2014-12-08T00:30,0.0
2014-12-08T00:45,0.0
2014-12-08T01:00,0.0
2014-12-08T01:15,0.0
2014-12-08T01:30,0.0
2014-12-08T01:45,0.0
2014-12-08T02:00,0.0
2014-12-08T02:15,0.0
2014-12-08T02:30,0.0
2014-12-08T02:45,0.0
2014-12-08T03:00,0.0
2014-12-08T03:15,0.0
2014-12-08T03:30,0.0
2014-12-08T03:45,0.0
2014-12-08T04:00,0.0
2014-12-08T04:15,0.0
2014-12-08T04:30,0.0
2014-12-08T04:45,0.0
2014-12-08T05:00,0.0
2014-12-08T05:15,0.0
2014-12-08T05:30,0.0
2014-12-08T05:45,0.0
2014-12-08T06:00,0.0
2014-12-08T06:15,0.0
2014-12-08T06:30,0.0
2014-12-08T06:45,0.0
2014-12-08T07:00,0.0
2014-12-08T07:15,26.546
2014-12-08T07:30,53.092
2014-12-08T07:45,79.638
2014-12-08T08:00,106.183
2014-12-08T08:15,464.719
2014-12-08T08:30,823.255
2014-12-08T08:45,1181.791
2014-12-08T09:00,1540.326
2014-12-08T09:15,1898.891
2014-12-08T09:30,2257.455
2014-12-08T09:45,2616.019
2014-12-08T10:00,2974.584
2014-12-08T10:15,3176.429
2014-12-08T10:30,3378.274
2014-12-08T10:45,3580.119
2014-12-08T11:00,3781.964
2014-12-08T11:15,3780.855
2014-12-08T11:30,3779.745
2014-12-08T11:45,3778.636
2014-12-08T12:00,3777.527
2014-12-08T12:15,3558.012
2014-12-08T12:30,3338.498
2014-12-08T12:45,3118.983
2014-12-08T13:00,2899.469
2014-12-08T13:15,2489.745
2014-12-08T13:30,2080.022
2014-12-08T13:45,1670.298
2014-12-08T14:00,1260.574
2014-12-08T14:15,949.29
2014-12-08T14:30,638.005
2014-12-08T14:45,326.721
2014-12-08T15:00,15.436
2014-12-08T15:15,11.577
2014-12-08T15:30,7.718
2014-12-08T15:45,3.859
2014-12-08T16:00,0.0
2014-12-08T16:15,0.0
2014-12-08T16:30,0.0
2014-12-08T16:45,0.0
2014-12-08T17:00,0.0
2014-12-08T17:15,0.0
2014-12-08T17:30,0.0
2014-12-08T17:45,0.0
2014-12-08T18:00,0.0
2014-12-08T18:15,0.0
2014-12-08T18:30,0.0
2014-12-08T18:45,0.0
2014-12-08T19:00,0.0
2014-12-08T19:15,0.0
2014-12-08T19:30,0.0
2014-12-08T19:45,0.0
2014-12-08T20:00,0.0
2014-12-08T20:15,0.0
2014-12-08T20:30,0.0
2014-12-08T20:45,0.0
2014-12-08T21:00,0.0
2014-12-08T21:15,0.0
2014-12-08T21:30,0.0
2014-12-08T21:45,0.0
2014-12-08T22:00,0.0
2014-12-08T22:15,0.0
2014-12-08T22:30,0.0
2014-12-08T22:45,0.0
2014-12-08T23:00,0.0
2014-12-08T23:15,0.0
2014-12-08T23:30,0.0
2014-12-08T23:45,0.0
2014-12-09T00:00,0.0
2014-12-09T00:15,0.0
2014-12-09T00:30,0.0
2014-12-09T00:45,0.0
2014-12-09T01:00,0.0
2014-12-09T01:15,0.0
2014-12-09T01:30,0.0
2014-12-09T01:45,0.0
2014-12-09T02:00,0.0
2014-12-09T02:15,0.0
2014-12-09T02:30,0.0
2014-12-09T02:45,0.0
2014-12-09T03:00,0.0
2014-12-09T03:15,0.0
2014-12-09T03:30,0.0
2014-12-09T03:45,0.0
2014-12-09T04:00,0.0
2014-12-09T04:15,0.0
2014-12-09T04:30,0.0
2014-12-09T04:45,0.0
2014-12-09T05:00,0.0
2014-12-09T05:15,0.0
2014-12-09T05:30,0.0
2014-12-09T05:45,0.0
2014-12-09T06:00,0.0
2014-12-09T06:15,0.0
2014-12-09T06:30,0.0
2014-12-09T06:45,0.0
2014-12-09T07:00,0.0
2014-12-09T07:15,45.697
2014-12-09T07:30,91.393
2014-12-09T07:45,137.09
2014-12-09T08:00,182.787
2014-12-09T08:15,568.346
2014-12-09T08:30,953.906
2014-12-09T08:45,1339.466
2014-12-09T09:00,1725.026
2014-12-09T09:15,2081.241
2014-12-09T09:30,2437.456
2014-12-09T09:45,2793.671
2014-12-09T10:00,3149.886
2014-12-09T10:15,3348.038
2014-12-09T10:30,3546.19
2014-12-09T10:45,3744.341
2014-12-09T11:00,3942.493
2014-12-09T11:15,3932.024
2014-12-09T11:30,3921.554
2014-12-09T11:45,3911.084
2014-12-09T12:00,3900.615
2014-12-09T12:15,3675.582
2014-12-09T12:30,3450.549
2014-12-09T12:45,3225.516
2014-12-09T13:00,3000.483
2014-12-09T13:15,2619.327
2014-12-09T13:30,2238.17
2014-12-09T13:45,1857.014
2014-12-09T14:00,1475.857
2014-12-09T14:15,1138.247
2014-12-09T14:30,800.637
2014-12-09T14:45,463.026
2014-12-09T15:00,125.416
2014-12-09T15:15,94.062
2014-12-09T15:30,62.708
2014-12-09T15:45,31.354
2014-12-09T16:00,0.0
2014-12-09T16:15,0.0
2014-12-09T16:30,0.0
2014-12-09T16:45,0.0
2014-12-09T17:00,0.0
2014-12-09T17:15,0.0
2014-12-09T17:30,0.0
2014-12-09T17:45,0.0
2014-12-09T18:00,0.0
2014-12-09T18:15,0.0
2014-12-09T18:30,0.0
2014-12-09T18:45,0.0
2014-12-09T19:00,0.0
2014-12-09T19:15,0.0
2014-12-09T19:30,0.0
2014-12-09T19:45,0.0
2014-12-09T20:00,0.0
2014-12-09T20:15,0.0
2014-12-09T20:30,0.0
2014-12-09T20:45,0.0
2014-12-09T21:00,0.0
2014-12-09T21:15,0.0
2014-12-09T21:30,0.0
2014-12-09T21:45,0.0
2014-12-09T22:00,0.0
2014-12-09T22:15,0.0
2014-12-09T22:30,0.0
2014-12-09T22:45,0.0
2014-12-09T23:00,0.0
2014-12-09T23:15,0.0
2014-12-09T23:30,0.0
2014-12-09T23:45,0.0
2014-12-10T00:00,0.0
2014-12-10T00:15,0.0
2014-12-10T00:30,0.0
2014-12-10T00:45,0.0
2014-12-10T01:00,0.0
2014-12-10T01:15,0.0
2014-12-10T01:30,0.0
2014-12-10T01:45,0.0
2014-12-10T02:00,0.0
2014-12-10T02:15,0.0
2014-12-10T02:30,0.0
2014-12-10T02:45,0.0
2014-12-10T03:00,0.0
2014-12-10T03:15,0.0
2014-12-10T03:30,0.0
2014-12-10T03:45,0.0
2014-12-10T04:00,0.0
2014-12-10T04:15,0.0
2014-12-10T04:30,0.0
2014-12-10T04:45,0.0
2014-12-10T05:00,0.0
2014-12-10T05:15,0.0
2014-12-10T05:30,0.0
2014-12-10T05:45,0.0
2014-12-10T06:00,0.0
2014-12-10T06:15,0.0
2014-12-10T06:30,0.0
2014-12-10T06:45,0.0
2014-12-10T07:00,0.0
2014-12-10T07:15,56.707
2014-12-10T07:30,113.414
2014-12-10T07:45,170.12
2014-12-10T08:00,226.827
2014-12-10T08:15,583.698
2014-12-10T08:30,940.568
2014-12-10T08:45,1297.438
2014-12-10T09:00,1654.308
2014-12-10T09:15,2013.892
2014-12-10T09:30,2373.476
2014-12-10T09:45,2733.059
2014-12-10T10:00,3092.643
2014-12-10T10:15,3298.569
2014-12-10T10:30,3504.495
2014-12-10T10:45,3710.42
2014-12-10T11:00,3916.346
2014-12-10T11:15,3898.759
2014-12-10T11:30,3881.171
2014-12-10T11:45,3863.583
2014-12-10T12:00,3845.996
2014-12-10T12:15,3631.273
2014-12-10T12:30,3416.55
2014-12-10T12:45,3201.827
2014-12-10T13:00,2987.104
2014-12-10T13:15,2597.62
2014-12-10T13:30,2208.137
2014-12-10T13:45,1818.654
2014-12-10T14:00,1429.171
2014-12-10T14:15,1102.87
2014-12-10T14:30,776.569
2014-12-10T14:45,450.269
2014-12-10T15:00,123.968
2014-12-10T15:15,92.976
2014-12-10T15:30,61.984
2014-12-10T15:45,30.992
2014-12-10T16:00,0.0
2014-12-10T16:15,0.0
2014-12-10T16:30,0.0
2014-12-10T16:45,0.0
2014-12-10T17:00,0.0
2014-12-10T17:15,0.0
2014-12-10T17:30,0.0
2014-12-10T17:45,0.0
2014-12-10T18:00,0.0
2014-12-10T18:15,0.0
2014-12-10T18:30,0.0
2014-12-10T18:45,0.0
2014-12-10T19:00,0.0
2014-12-10T19:15,0.0
2014-12-10T19:30,0.0
2014-12-10T19:45,0.0
2014-12-10T20:00,0.0
2014-12-10T20:15,0.0
2014-12-10T20:30,0.0
2014-12-10T20:45,0.0
2014-12-10T21:00,0.0
2014-12-10T21:15,0.0
2014-12-10T21:30,0.0
2014-12-10T21:45,0.0
2014-12-10T22:00,0.0
2014-12-10T22:15,0.0
2014-12-10T22:30,0.0
2014-12-10T22:45,0.0
2014-12-10T23:00,0.0
2014-12-10T23:15,0.0
2014-12-10T23:30,0.0
2014-12-10T23:45,0.0
2014-12-11T00:00,0.0
2014-12-11T00:15,0.0
2014-12-11T00:30,0.0
2014-12-11T00:45,0.0
2014-12-11T01:00,0.0
2014-12-11T01:15,0.0
2014-12-11T01:30,0.0
2014-12-11T01:45,0.0
2014-12-11T02:00,0.0
2014-12-11T02:15,0.0
2014-12-11T02:30,0.0
2014-12-11T02:45,0.0
2014-12-11T03:00,0.0
2014-12-11T03:15,0.0
2014-12-11T03:30,0.0
2014-12-11T03:45,0.0
2014-12-11T04:00,0.0
2014-12-11T04:15,0.0
2014-12-11T04:30,0.0
2014-12-11T04:45,0.0
2014-12-11T05:00,0.0
2014-12-11T05:15,0.0
2014-12-11T05:30,0.0
2014-12-11T05:45,0.0
2014-12-11T06:00,0.0
2014-12-11T06:15,0.0
2014-12-11T06:30,0.0
2014-12-11T06:45,0.0
2014-12-11T07:00,0.0
2014-12-11T07:15,43.176
2014-12-11T07:30,86.351
2014-12-11T07:45,129.527
2014-12-11T08:00,172.702
2014-12-11T08:15,549.896
2014-12-11T08:30,927.09
2014-12-11T08:45,1304.283
2014-12-11T09:00,1681.477
2014-12-11T09:15,2054.594
2014-12-11T09:30,2427.711
2014-12-11T09:45,2800.827
2014-12-11T10:00,3173.944
2014-12-11T10:15,3376.282
2014-12-11T10:30,3578.619
2014-12-11T10:45,3780.956
2014-12-11T11:00,3983.294
2014-12-11T11:15,3972.808
2014-12-11T11:30,3962.323
2014-12-11T11:45,3951.837
2014-12-11T12:00,3941.352
2014-12-11T12:15,3718.186
2014-12-11T12:30,3495.02
2014-12-11T12:45,3271.855
2014-12-11T13:00,3048.689
2014-12-11T13:15,2659.632
2014-12-11T13:30,2270.576
2014-12-11T13:45,1881.519
2014-12-11T14:00,1492.463
2014-12-11T14:15,1150.732
2014-12-11T14:30,809.002
2014-12-11T14:45,467.271
2014-12-11T15:00,125.541
2014-12-11T15:15,94.156
2014-12-11T15:30,62.77
2014-12-11T15:45,31.385
2014-12-11T16:00,0.0
2014-12-11T16:15,0.0
2014-12-11T16:30,0.0
2014-12-11T16:45,0.0
2014-12-11T17:00,0.0
2014-12-11T17:15,0.0
2014-12-11T17:30,0.0
2014-12-11T17:45,0.0
2014-12-11T18:00,0.0
2014-12-11T18:15,0.0
2014-12-11T18:30,0.0
2014-12-11T18:45,0.0
2014-12-11T19:00,0.0
2014-12-11T19:15,0.0
2014-12-11T19:30,0.0
2014-12-11T19:45,0.0
2014-12-11T20:00,0.0
2014-12-11T20:15,0.0
2014-12-11T20:30,0.0
2014-12-11T20:45,0.0
2014-12-11T21:00,0.0
2014-12-11T21:15,0.0
2014-12-11T21:30,0.0
2014-12-11T21:45,0.0
2014-12-11T22:00,0.0
2014-12-11T22:15,0.0
2014-12-11T22:30,0.0
2014-12-11T22:45,0.0
2014-12-11T23:00,0.0
2014-12-11T23:15,0.0
2014-12-11T23:30,0.0
2014-12-11T23:45,0.0
2014-12-12T00:00,0.0
2014-12-12T00:15,0.0
2014-12-12T00:30,0.0
2014-12-12T00:45,0.0
2014-12-12T01:00,0.0
2014-12-12T01:15,0.0
2014-12-12T01:30,0.0
2014-12-12T01:45,0.0
2014-12-12T02:00,0.0
2014-12-12T02:15,0.0
2014-12-12T02:30,0.0
2014-12-12T02:45,0.0
2014-12-12T03:00,0.0
2014-12-12T03:15,0.0
2014-12-12T03:30,0.0
2014-12-12T03:45,0.0
2014-12-12T04:00,0.0
2014-12-12T04:15,0.0
2014-12-12T04:30,0.0
2014-12-12T04:45,0.0
2014-12-12T05:00,0.0
2014-12-12T05:15,0.0
2014-12-12T05:30,0.0
2014-12-12T05:45,0.0
2014-12-12T06:00,0.0
2014-12-12T06:15,0.0
2014-12-12T06:30,0.0
2014-12-12T06:45,0.0
2014-12-12T07:00,0.0
2014-12-12T07:15,5.307
2014-12-12T07:30,10.614
2014-12-12T07:45,15.92
2014-12-12T08:00,21.227
2014-12-12T08:15,366.67
2014-12-12T08:30,712.112
2014-12-12T08:45,1057.554
2014-12-12T09:00,1402.997
2014-12-12T09:15,1418.426
2014-12-12T09:30,1433.856
2014-12-12T09:45,1449.285
2014-12-12T10:00,1464.715
2014-12-12T10:15,1854.831
2014-12-12T10:30,2244.947
2014-12-12T10:45,2635.062
2014-12-12T11:00,3025.178
2014-12-12T11:15,3198.577
2014-12-12T11:30,3371.975
2014-12-12T11:45,3545.373
2014-12-12T12:00,3718.771
2014-12-12T12:15,3491.035
2014-12-12T12:30,3263.299
2014-12-12T12:45,3035.563
2014-12-12T13:00,2807.828
2014-12-12T13:15,2446.006
2014-12-12T13:30,2084.183
2014-12-12T13:45,1722.361
2014-12-12T14:00,1360.539
2014-12-12T14:15,1051.403
2014-12-12T14:30,742.266
2014-12-12T14:45,433.129
2014-12-12T15:00,123.993
2014-12-12T15:15,92.995
2014-12-12T15:30,61.996
2014-12-12T15:45,30.998
2014-12-12T16:00,0.0
2014-12-12T16:15,0.0
2014-12-12T16:30,0.0
2014-12-12T16:45,0.0
2014-12-12T17:00,0.0
2014-12-12T17:15,0.0
2014-12-12T17:30,0.0
2014-12-12T17:45,0.0
2014-12-12T18:00,0.0
2014-12-12T18:15,0.0
2014-12-12T18:30,0.0
2014-12-12T18:45,0.0
2014-12-12T19:00,0.0
2014-12-12T19:15,0.0
2014-12-12T19:30,0.0
2014-12-12T19:45,0.0
2014-12-12T20:00,0.0
2014-12-12T20:15,0.0
2014-12-12T20:30,0.0
2014-12-12T20:45,0.0
2014-12-12T21:00,0.0
2014-12-12T21:15,0.0
2014-12-12T21:30,0.0
2014-12-12T21:45,0.0
2014-12-12T22:00,0.0
2014-12-12T22:15,0.0
2014-12-12T22:30,0.0
2014-12-12T22:45,0.0
2014-12-12T23:00,0.0
2014-12-12T23:15,0.0
2014-12-12T23:30,0.0
2014-12-12T23:45,0.0
2014-12-13T00:00,0.0
2014-12-13T00:15,0.0
2014-12-13T00:30,0.0
2014-12-13T00:45,0.0
2014-12-13T01:00,0.0
2014-12-13T01:15,0.0
2014-12-13T01:30,0.0
2014-12-13T01:45,0.0
2014-12-13T02:00,0.0
2014-12-13T02:15,0.0
2014-12-13T02:30,0.0
2014-12-13T02:45,0.0
2014-12-13T03:00,0.0
2014-12-13T03:15,0.0
2014-12-13T03:30,0.0
2014-12-13T03:45,0.0
2014-12-13T04:00,0.0
2014-12-13T04:15,0.0
2014-12-13T04:30,0.0
2014-12-13T04:45,0.0
2014-12-13T05:00,0.0
2014-12-13T05:15,0.0
2014-12-13T05:30,0.0
2014-12-13T05:45,0.0
2014-12-13T06:00,0.0
2014-12-13T06:15,0.0
2014-12-13T06:30,0.0
2014-12-13T06:45,0.0
2014-12-13T07:00,0.0
2014-12-13T07:15,0.0
2014-12-13T07:30,0.0
2014-12-13T07:45,0.0
2014-12-13T08:00,0.0
2014-12-13T08:15,154.762
2014-12-13T08:30,309.525
2014-12-13T08:45,464.287
2014-12-13T09:00,619.05
2014-12-13T09:15,691.596
2014-12-13T09:30,764.143
2014-12-13T09:45,836.69
2014-12-13T10:00,909.236
2014-12-13T10:15,1136.347
2014-12-13T10:30,1363.458
2014-12-13T10:45,1590.569
2014-12-13T11:00,1817.68
2014-12-13T11:15,2041.853
2014-12-13T11:30,2266.027
2014-12-13T11:45,2490.201
2014-12-13T12:00,2714.374
2014-12-13T12:15,2487.165
2014-12-13T12:30,2259.955
2014-12-13T12:45,2032.745
2014-12-13T13:00,1805.536
2014-12-13T13:15,1578.063
2014-12-13T13:30,1350.591
2014-12-13T13:45,1123.119
2014-12-13T14:00,895.647
2014-12-13T14:15,671.735
2014-12-13T14:30,447.824
2014-12-13T14:45,223.912
2014-12-13T15:00,0.0
2014-12-13T15:15,0.0
2014-12-13T15:30,0.0
2014-12-13T15:45,0.0
2014-12-13T16:00,0.0
2014-12-13T16:15,0.0
2014-12-13T16:30,0.0
2014-12-13T16:45,0.0
2014-12-13T17:00,0.0
2014-12-13T17:15,0.0
2014-12-13T17:30,0.0
2014-12-13T17:45,0.0
2014-12-13T18:00,0.0
2014-12-13T18:15,0.0
2014-12-13T18:30,0.0
2014-12-13T18:45,0.0
2014-12-13T19:00,0.0
2014-12-13T19:15,0.0
2014-12-13T19:30,0.0
2014-12-13T19:45,0.0
2014-12-13T20:00,0.0
2014-12-13T20:15,0.0
2014-12-13T20:30,0.0
2014-12-13T20:45,0.0
2014-12-13T21:00,0.0
2014-12-13T21:15,0.0
2014-12-13T21:30,0.0
2014-12-13T21:45,0.0
2014-12-13T22:00,0.0
2014-12-13T22:15,0.0
2014-12-13T22:30,0.0
2014-12-13T22:45,0.0
2014-12-13T23:00,0.0
2014-12-13T23:15,0.0
2014-12-13T23:30,0.0
2014-12-13T23:45,0.0
2014-12-14T00:00,0.0
2014-12-14T00:15,0.0
2014-12-14T00:30,0.0
2014-12-14T00:45,0.0
2014-12-14T01:00,0.0
2014-12-14T01:15,0.0
2014-12-14T01:30,0.0
2014-12-14T01:45,0.0
2014-12-14T02:00,0.0
2014-12-14T02:15,0.0
2014-12-14T02:30,0.0
2014-12-14T02:45,0.0
2014-12-14T03:00,0.0
2014-12-14T03:15,0.0
2014-12-14T03:30,0.0
2014-12-14T03:45,0.0
2014-12-14T04:00,0.0
2014-12-14T04:15,0.0
2014-12-14T04:30,0.0
2014-12-14T04:45,0.0
2014-12-14T05:00,0.0
2014-12-14T05:15,0.0
2014-12-14T05:30,0.0
2014-12-14T05:45,0.0
2014-12-14T06:00,0.0
2014-12-14T06:15,0.0
2014-12-14T06:30,0.0
2014-12-14T06:45,0.0
2014-12-14T07:00,0.0
2014-12-14T07:15,0.0
2014-12-14T07:30,0.0
2014-12-14T07:45,0.0
2014-12-14T08:00,0.0
2014-12-14T08:15,375.637
2014-12-14T08:30,751.274
2014-12-14T08:45,1126.91
2014-12-14T09:00,1502.547
2014-12-14T09:15,1783.288
2014-12-14T09:30,2064.028
2014-12-14T09:45,2344.769
2014-12-14T10:00,2625.509
2014-12-14T10:15,2792.619
2014-12-14T10:30,2959.73
2014-12-14T10:45,3126.84
2014-12-14T11:00,3293.95
2014-12-14T11:15,3336.831
2014-12-14T11:30,3379.711
2014-12-14T11:45,3422.592
2014-12-14T12:00,3465.473
2014-12-14T12:15,3256.271
2014-12-14T12:30,3047.07
2014-12-14T12:45,2837.869
2014-12-14T13:00,2628.667
2014-12-14T13:15,2259.793
2014-12-14T13:30,1890.92
2014-12-14T13:45,1522.046
2014-12-14T14:00,1153.172
2014-12-14T14:15,864.879
2014-12-14T14:30,576.586
2014-12-14T14:45,288.293
2014-12-14T15:00,0.0
2014-12-14T15:15,0.0
2014-12-14T15:30,0.0
2014-12-14T15:45,0.0
2014-12-14T16:00,0.0
2014-12-14T16:15,0.0
2014-12-14T16:30,0.0
2014-12-14T16:45,0.0
2014-12-14T17:00,0.0
2014-12-14T17:15,0.0
2014-12-14T17:30,0.0
2014-12-14T17:45,0.0
2014-12-14T18:00,0.0
2014-12-14T18:15,0.0
2014-12-14T18:30,0.0
2014-12-14T18:45,0.0
2014-12-14T19:00,0.0
2014-12-14T19:15,0.0
2014-12-14T19:30,0.0
2014-12-14T19:45,0.0
2014-12-14T20:00,0.0
2014-12-14T20:15,0.0
2014-12-14T20:30,0.0
2014-12-14T20:45,0.0
2014-12-14T21:00,0.0
2014-12-14T21:15,0.0
2014-12-14T21:30,0.0
2014-12-14T21:45,0.0
2014-12-14T22:00,0.0
2014-12-14T22:15,0.0
2014-12-14T22:30,0.0
2014-12-14T22:45,0.0
2014-12-14T23:00,0.0
2014-12-14T23:15,0.0
2014-12-14T23:30,0.0
2014-12-14T23:45,0.0
2014-12-15T00:00,0.0
2014-12-15T00:15,0.0
2014-12-15T00:30,0.0
2014-12-15T00:45,0.0
2014-12-15T01:00,0.0
2014-12-15T01:15,0.0
2014-12-15T01:30,0.0
2014-12-15T01:45,0.0
2014-12-15T02:00,0.0
2014-12-15T02:15,0.0
2014-12-15T02:30,0.0
2014-12-15T02:45,0.0
2014-12-15T03:00,0.0
2014-12-15T03:15,0.0
2014-12-15T03:30,0.0
2014-12-15T03:45,0.0
2014-12-15T04:00,0.0
2014-12-15T04:15,0.0
2014-12-15T04:30,0.0
2014-12-15T04:45,0.0
2014-12-15T05:00,0.0
2014-12-15T05:15,0.0
2014-12-15T05:30,0.0
2014-12-15T05:45,0.0
2014-12-15T06:00,0.0
2014-12-15T06:15,0.0
2014-12-15T06:30,0.0
2014-12-15T06:45,0.0
2014-12-15T07:00,0.0
2014-12-15T07:15,0.0
2014-12-15T07:30,0.0
2014-12-15T07:45,0.0
2014-12-15T08:00,0.0
2014-12-15T08:15,29.916
2014-12-15T08:30,59.832
2014-12-15T08:45,89.748
2014-12-15T09:00,119.664
2014-12-15T09:15,133.158
2014-12-15T09:30,146.653
2014-12-15T09:45,160.147
2014-12-15T10:00,173.642
2014-12-15T10:15,265.788
2014-12-15T10:30,357.934
2014-12-15T10:45,450.081
2014-12-15T11:00,542.227
2014-12-15T11:15,449.848
2014-12-15T11:30,357.47
2014-12-15T11:45,265.092
2014-12-15T12:00,172.713
2014-12-15T12:15,172.759
2014-12-15T12:30,172.806
2014-12-15T12:45,172.852
2014-12-15T13:00,172.899
2014-12-15T13:15,321.61
2014-12-15T13:30,470.322
2014-12-15T13:45,619.033
2014-12-15T14:00,767.745
2014-12-15T14:15,575.809
2014-12-15T14:30,383.872
2014-12-15T14:45,191.936
2014-12-15T15:00,0.0
2014-12-15T15:15,0.0
2014-12-15T15:30,0.0
2014-12-15T15:45,0.0
2014-12-15T16:00,0.0
2014-12-15T16:15,0.0
2014-12-15T16:30,0.0
2014-12-15T16:45,0.0
2014-12-15T17:00,0.0
2014-12-15T17:15,0.0
2014-12-15T17:30,0.0
2014-12-15T17:45,0.0
2014-12-15T18:00,0.0
2014-12-15T18:15,0.0
2014-12-15T18:30,0.0
2014-12-15T18:45,0.0
2014-12-15T19:00,0.0
2014-12-15T19:15,0.0
2014-12-15T19:30,0.0
2014-12-15T19:45,0.0
2014-12-15T20:00,0.0
2014-12-15T20:15,0.0
2014-12-15T20:30,0.0
2014-12-15T20:45,0.0
2014-12-15T21:00,0.0
2014-12-15T21:15,0.0
2014-12-15T21:30,0.0
2014-12-15T21:45,0.0
2014-12-15T22:00,0.0
2014-12-15T22:15,0.0
2014-12-15T22:30,0.0
2014-12-15T22:45,0.0
2014-12-15T23:00,0.0
2014-12-15T23:15,0.0
2014-12-15T23:30,0.0
2014-12-15T23:45,0.0
2014-12-16T00:00,0.0
2014-12-16T00:15,0.0
2014-12-16T00:30,0.0
2014-12-16T00:45,0.0
2014-12-16T01:00,0.0
2014-12-16T01:15,0.0
2014-12-16T01:30,0.0
2014-12-16T01:45,0.0
2014-12-16T02:00,0.0
2014-12-16T02:15,0.0
2014-12-16T02:30,0.0
2014-12-16T02:45,0.0
2014-12-16T03:00,0.0
2014-12-16T03:15,0.0
2014-12-16T03:30,0.0
2014-12-16T03:45,0.0
2014-12-16T04:00,0.0
2014-12-16T04:15,0.0
2014-12-16T04:30,0.0
2014-12-16T04:45,0.0
2014-12-16T05:00,0.0
2014-12-16T05:15,0.0
2014-12-16T05:30,0.0
2014-12-16T05:45,0.0
2014-12-16T06:00,0.0
2014-12-16T06:15,0.0
2014-12-16T06:30,0.0
2014-12-16T06:45,0.0
2014-12-16T07:00,0.0
2014-12-16T07:15,0.0
2014-12-16T07:30,0.0
2014-12-16T07:45,0.0
2014-12-16T08:00,0.0
2014-12-16T08:15,0.0
2014-12-16T08:30,0.0
2014-12-16T08:45,0.0
2014-12-16T09:00,0.0
2014-12-16T09:15,176.721
2014-12-16T09:30,353.442
2014-12-16T09:45,530.163
2014-12-16T10:00,706.885
2014-12-16T10:15,947.09
2014-12-16T10:30,1187.296
2014-12-16T10:45,1427.502
2014-12-16T11:00,1667.708
2014-12-16T11:15,1707.581
2014-12-16T11:30,1747.453
2014-12-16T11:45,1787.326
2014-12-16T12:00,1827.199
2014-12-16T12:15,1397.819
2014-12-16T12:30,968.439
2014-12-16T12:45,539.059
2014-12-16T13:00,109.679
2014-12-16T13:15,145.981
2014-12-16T13:30,182.283
2014-12-16T13:45,218.585
2014-12-16T14:00,254.887
2014-12-16T14:15,191.165
2014-12-16T14:30,127.443
2014-12-16T14:45,63.722
2014-12-16T15:00,0.0
2014-12-16T15:15,0.0
2014-12-16T15:30,0.0
2014-12-16T15:45,0.0
2014-12-16T16:00,0.0
2014-12-16T16:15,0.0
2014-12-16T16:30,0.0
2014-12-16T16:45,0.0
2014-12-16T17:00,0.0
2014-12-16T17:15,0.0
2014-12-16T17:30,0.0
2014-12-16T17:45,0.0
2014-12-16T18:00,0.0
2014-12-16T18:15,0.0
2014-12-16T18:30,0.0
2014-12-16T18:45,0.0
2014-12-16T19:00,0.0
2014-12-16T19:15,0.0
2014-12-16T19:30,0.0
2014-12-16T19:45,0.0
2014-12-16T20:00,0.0
2014-12-16T20:15,0.0
2014-12-16T20:30,0.0
2014-12-16T20:45,0.0
2014-12-16T21:00,0.0
2014-12-16T21:15,0.0
2014-12-16T21:30,0.0
2014-12-16T21:45,0.0
2014-12-16T22:00,0.0
2014-12-16T22:15,0.0
2014-12-16T22:30,0.0
2014-12-16T22:45,0.0
2014-12-16T23:00,0.0
2014-12-16T23:15,0.0
2014-12-16T23:30,0.0
2014-12-16T23:45,0.0
2014-12-17T00:00,0.0
2014-12-17T00:15,0.0
2014-12-17T00:30,0.0
2014-12-17T00:45,0.0
2014-12-17T01:00,0.0
2014-12-17T01:15,0.0
2014-12-17T01:30,0.0
2014-12-17T01:45,0.0
2014-12-17T02:00,0.0
2014-12-17T02:15,0.0
2014-12-17T02:30,0.0
2014-12-17T02:45,0.0
2014-12-17T03:00,0.0
2014-12-17T03:15,0.0
2014-12-17T03:30,0.0
2014-12-17T03:45,0.0
2014-12-17T04:00,0.0
2014-12-17T04:15,0.0
2014-12-17T04:30,0.0
2014-12-17T04:45,0.0
2014-12-17T05:00,0.0
2014-12-17T05:15,0.0
2014-12-17T05:30,0.0
2014-12-17T05:45,0.0
2014-12-17T06:00,0.0
2014-12-17T06:15,0.0
2014-12-17T06:30,0.0
2014-12-17T06:45,0.0
2014-12-17T07:00,0.0
2014-12-17T07:15,0.0
2014-12-17T07:30,0.0
2014-12-17T07:45,0.0
2014-12-17T08:00,0.0
2014-12-17T08:15,0.0
2014-12-17T08:30,0.0
2014-12-17T08:45,0.0
2014-12-17T09:00,0.0
2014-12-17T09:15,0.0
2014-12-17T09:30,0.0
2014-12-17T09:45,0.0
2014-12-17T10:00,0.0
2014-12-17T10:15,0.0
2014-12-17T10:30,0.0
2014-12-17T10:45,0.0
2014-12-17T11:00,0.0
2014-12-17T11:15,0.0
2014-12-17T11:30,0.0
2014-12-17T11:45,0.0
2014-12-17T12:00,0.0
2014-12-17T12:15,0.0
2014-12-17T12:30,0.0
2014-12-17T12:45,0.0
2014-12-17T13:00,0.0
2014-12-17T13:15,15.648
2014-12-17T13:30,31.296
2014-12-17T13:45,46.944
2014-12-17T14:00,62.593
2014-12-17T14:15,46.944
2014-12-17T14:30,31.296
2014-12-17T14:45,15.648
2014-12-17T15:00,0.0
2014-12-17T15:15,0.0
2014-12-17T15:30,0.0
2014-12-17T15:45,0.0
2014-12-17T16:00,0.0
2014-12-17T16:15,0.0
2014-12-17T16:30,0.0
2014-12-17T16:45,0.0
2014-12-17T17:00,0.0
2014-12-17T17:15,0.0
2014-12-17T17:30,0.0
2014-12-17T17:45,0.0
2014-12-17T18:00,0.0
2014-12-17T18:15,0.0
2014-12-17T18:30,0.0
2014-12-17T18:45,0.0
2014-12-17T19:00,0.0
2014-12-17T19:15,0.0
2014-12-17T19:30,0.0
2014-12-17T19:45,0.0
2014-12-17T20:00,0.0
2014-12-17T20:15,0.0
2014-12-17T20:30,0.0
2014-12-17T20:45,0.0
2014-12-17T21:00,0.0
2014-12-17T21:15,0.0
2014-12-17T21:30,0.0
2014-12-17T21:45,0.0
2014-12-17T22:00,0.0
2014-12-17T22:15,0.0
2014-12-17T22:30,0.0
2014-12-17T22:45,0.0
2014-12-17T23:00,0.0
2014-12-17T23:15,0.0
2014-12-17T23:30,0.0
2014-12-17T23:45,0.0
2014-12-18T00:00,0.0
2014-12-18T00:15,0.0
2014-12-18T00:30,0.0
2014-12-18T00:45,0.0
2014-12-18T01:00,0.0
2014-12-18T01:15,0.0
2014-12-18T01:30,0.0
2014-12-18T01:45,0.0
2014-12-18T02:00,0.0
2014-12-18T02:15,0.0
2014-12-18T02:30,0.0
2014-12-18T02:45,0.0
2014-12-18T03:00,0.0
2014-12-18T03:15,0.0
2014-12-18T03:30,0.0
2014-12-18T03:45,0.0
2014-12-18T04:00,0.0
2014-12-18T04:15,0.0
2014-12-18T04:30,0.0
2014-12-18T04:45,0.0
2014-12-18T05:00,0.0
2014-12-18T05:15,0.0
2014-12-18T05:30,0.0
2014-12-18T05:45,0.0
2014-12-18T06:00,0.0
2014-12-18T06:15,0.0
2014-12-18T06:30,0.0
2014-12-18T06:45,0.0
2014-12-18T07:00,0.0
2014-12-18T07:15,0.0
2014-12-18T07:30,0.0
2014-12-18T07:45,0.0
2014-12-18T08:00,0.0
2014-12-18T08:15,0.0
2014-12-18T08:30,0.0
2014-12-18T08:45,0.0
2014-12-18T09:00,0.0
2014-12-18T09:15,66.805
2014-12-18T09:30,133.611
2014-12-18T09:45,200.416
2014-12-18T10:00,267.221
2014-12-18T10:15,366.639
2014-12-18T10:30,466.057
2014-12-18T10:45,565.474
2014-12-18T11:00,664.892
2014-12-18T11:15,764.022
2014-12-18T11:30,863.153
2014-12-18T11:45,962.283
2014-12-18T12:00,1061.413
2014-12-18T12:15,977.303
2014-12-18T12:30,893.192
2014-12-18T12:45,809.081
2014-12-18T13:00,724.97
2014-12-18T13:15,600.904
2014-12-18T13:30,476.837
2014-12-18T13:45,352.77
2014-12-18T14:00,228.704
2014-12-18T14:15,171.528
2014-12-18T14:30,114.352
2014-12-18T14:45,57.176
2014-12-18T15:00,0.0
2014-12-18T15:15,0.0
2014-12-18T15:30,0.0
2014-12-18T15:45,0.0
2014-12-18T16:00,0.0
2014-12-18T16:15,0.0
2014-12-18T16:30,0.0
2014-12-18T16:45,0.0
2014-12-18T17:00,0.0
2014-12-18T17:15,0.0
2014-12-18T17:30,0.0
2014-12-18T17:45,0.0
2014-12-18T18:00,0.0
2014-12-18T18:15,0.0
2014-12-18T18:30,0.0
2014-12-18T18:45,0.0
2014-12-18T19:00,0.0
2014-12-18T19:15,0.0
2014-12-18T19:30,0.0
2014-12-18T19:45,0.0
2014-12-18T20:00,0.0
2014-12-18T20:15,0.0
2014-12-18T20:30,0.0
2014-12-18T20:45,0.0
2014-12-18T21:00,0.0
2014-12-18T21:15,0.0
2014-12-18T21:30,0.0
2014-12-18T21:45,0.0
2014-12-18T22:00,0.0
2014-12-18T22:15,0.0
2014-12-18T22:30,0.0
2014-12-18T22:45,0.0
2014-12-18T23:00,0.0
2014-12-18T23:15,0.0
2014-12-18T23:30,0.0
2014-12-18T23:45,0.0
2014-12-19T00:00,0.0
2014-12-19T00:15,0.0
2014-12-19T00:30,0.0
2014-12-19T00:45,0.0
2014-12-19T01:00,0.0
2014-12-19T01:15,0.0
2014-12-19T01:30,0.0
2014-12-19T01:45,0.0
2014-12-19T02:00,0.0
2014-12-19T02:15,0.0
2014-12-19T02:30,0.0
2014-12-19T02:45,0.0
2014-12-19T03:00,0.0
2014-12-19T03:15,0.0
2014-12-19T03:30,0.0
2014-12-19T03:45,0.0
2014-12-19T04:00,0.0
2014-12-19T04:15,0.0
2014-12-19T04:30,0.0
2014-12-19T04:45,0.0
2014-12-19T05:00,0.0
2014-12-19T05:15,0.0
2014-12-19T05:30,0.0
2014-12-19T05:45,0.0
2014-12-19T06:00,0.0
2014-12-19T06:15,0.0
2014-12-19T06:30,0.0
2014-12-19T06:45,0.0
2014-12-19T07:00,0.0
2014-12-19T07:15,17.946
2014-12-19T07:30,35.893
2014-12-19T07:45,53.839
2014-12-19T08:00,71.786
2014-12-19T08:15,407.975
2014-12-19T08:30,744.165
2014-12-19T08:45,1080.354
2014-12-19T09:00,1416.544
2014-12-19T09:15,1793.355
2014-12-19T09:30,2170.166
2014-12-19T09:45,2546.977
2014-12-19T10:00,2923.789
2014-12-19T10:15,3118.424
2014-12-19T10:30,3313.058
2014-12-19T10:45,3507.693
2014-12-19T11:00,3702.328
2014-12-19T11:15,3699.179
2014-12-19T11:30,3696.03
2014-12-19T11:45,3692.88
2014-12-19T12:00,3689.731
2014-12-19T12:15,3463.372
2014-12-19T12:30,3237.013
2014-12-19T12:45,3010.655
2014-12-19T13:00,2784.296
2014-12-19T13:15,2395.131
2014-12-19T13:30,2005.966
2014-12-19T13:45,1616.801
2014-12-19T14:00,1227.637
2014-12-19T14:15,924.446
2014-12-19T14:30,621.255
2014-12-19T14:45,318.064
2014-12-19T15:00,14.873
2014-12-19T15:15,11.154
2014-12-19T15:30,7.436
2014-12-19T15:45,3.718
2014-12-19T16:00,0.0
2014-12-19T16:15,0.0
2014-12-19T16:30,0.0
2014-12-19T16:45,0.0
2014-12-19T17:00,0.0
2014-12-19T17:15,0.0
2014-12-19T17:30,0.0
2014-12-19T17:45,0.0
2014-12-19T18:00,0.0
2014-12-19T18:15,0.0
2014-12-19T18:30,0.0
2014-12-19T18:45,0.0
2014-12-19T19:00,0.0
2014-12-19T19:15,0.0
2014-12-19T19:30,0.0
2014-12-19T19:45,0.0
2014-12-19T20:00,0.0
2014-12-19T20:15,0.0
2014-12-19T20:30,0.0
2014-12-19T20:45,0.0
2014-12-19T21:00,0.0
2014-12-19T21:15,0.0
2014-12-19T21:30,0.0
2014-12-19T21:45,0.0
2014-12-19T22:00,0.0
2014-12-19T22:15,0.0
2014-12-19T22:30,0.0
2014-12-19T22:45,0.0
2014-12-19T23:00,0.0
2014-12-19T23:15,0.0
2014-12-19T23:30,0.0
2014-12-19T23:45,0.0
2014-12-20T00:00,0.0
2014-12-20T00:15,0.0
2014-12-20T00:30,0.0
2014-12-20T00:45,0.0
2014-12-20T01:00,0.0
2014-12-20T01:15,0.0
2014-12-20T01:30,0.0
2014-12-20T01:45,0.0
2014-12-20T02:00,0.0
2014-12-20T02:15,0.0
2014-12-20T02:30,0.0
2014-12-20T02:45,0.0
2014-12-20T03:00,0.0
2014-12-20T03:15,0.0
2014-12-20T03:30,0.0
2014-12-20T03:45,0.0
2014-12-20T04:00,0.0
2014-12-20T04:15,0.0
2014-12-20T04:30,0.0
2014-12-20T04:45,0.0
2014-12-20T05:00,0.0
2014-12-20T05:15,0.0
2014-12-20T05:30,0.0
2014-12-20T05:45,0.0
2014-12-20T06:00,0.0
2014-12-20T06:15,0.0
2014-12-20T06:30,0.0
2014-12-20T06:45,0.0
2014-12-20T07:00,0.0
2014-12-20T07:15,17.463
2014-12-20T07:30,34.927
2014-12-20T07:45,52.39
2014-12-20T08:00,69.853
2014-12-20T08:15,337.149
2014-12-20T08:30,604.445
2014-12-20T08:45,871.74
2014-12-20T09:00,1139.036
2014-12-20T09:15,1642.058
2014-12-20T09:30,2145.081
2014-12-20T09:45,2648.103
2014-12-20T10:00,3151.126
2014-12-20T10:15,2916.301
2014-12-20T10:30,2681.477
2014-12-20T10:45,2446.652
2014-12-20T11:00,2211.828
2014-12-20T11:15,1779.597
2014-12-20T11:30,1347.365
2014-12-20T11:45,915.134
2014-12-20T12:00,482.903
2014-12-20T12:15,378.628
2014-12-20T12:30,274.353
2014-12-20T12:45,170.078
2014-12-20T13:00,65.804
2014-12-20T13:15,52.973
2014-12-20T13:30,40.142
2014-12-20T13:45,27.311
2014-12-20T14:00,14.48
2014-12-20T14:15,10.86
2014-12-20T14:30,7.24
2014-12-20T14:45,3.62
2014-12-20T15:00,0.0
2014-12-20T15:15,0.0
2014-12-20T15:30,0.0
2014-12-20T15:45,0.0
2014-12-20T16:00,0.0
2014-12-20T16:15,0.0
2014-12-20T16:30,0.0
2014-12-20T16:45,0.0
2014-12-20T17:00,0.0
2014-12-20T17:15,0.0
2014-12-20T17:30,0.0
2014-12-20T17:45,0.0
2014-12-20T18:00,0.0
2014-12-20T18:15,0.0
2014-12-20T18:30,0.0
2014-12-20T18:45,0.0
2014-12-20T19:00,0.0
2014-12-20T19:15,0.0
2014-12-20T19:30,0.0
2014-12-20T19:45,0.0
2014-12-20T20:00,0.0
2014-12-20T20:15,0.0
2014-12-20T20:30,0.0
2014-12-20T20:45,0.0
2014-12-20T21:00,0.0
2014-12-20T21:15,0.0
2014-12-20T21:30,0.0
2014-12-20T21:45,0.0
2014-12-20T22:00,0.0
2014-12-20T22:15,0.0
2014-12-20T22:30,0.0
2014-12-20T22:45,0.0
2014-12-20T23:00,0.0
2014-12-20T23:15,0.0
2014-12-20T23:30,0.0
2014-12-20T23:45,0.0
2014-12-21T00:00,0.0
2014-12-21T00:15,0.0
2014-12-21T00:30,0.0
2014-12-21T00:45,0.0
2014-12-21T01:00,0.0
2014-12-21T01:15,0.0
2014-12-21T01:30,0.0
2014-12-21T01:45,0.0
2014-12-21T02:00,0.0
2014-12-21T02:15,0.0
2014-12-21T02:30,0.0
2014-12-21T02:45,0.0
2014-12-21T03:00,0.0
2014-12-21T03:15,0.0
2014-12-21T03:30,0.0
2014-12-21T03:45,0.0
2014-12-21T04:00,0.0
2014-12-21T04:15,0.0
2014-12-21T04:30,0.0
2014-12-21T04:45,0.0
2014-12-21T05:00,0.0
2014-12-21T05:15,0.0
2014-12-21T05:30,0.0
2014-12-21T05:45,0.0
2014-12-21T06:00,0.0
2014-12-21T06:15,0.0
2014-12-21T06:30,0.0
2014-12-21T06:45,0.0
2014-12-21T07:00,0.0
2014-12-21T07:15,0.0
2014-12-21T07:30,0.0
2014-12-21T07:45,0.0
2014-12-21T08:00,0.0
2014-12-21T08:15,0.0
2014-12-21T08:30,0.0
2014-12-21T08:45,0.0
2014-12-21T09:00,0.0
2014-12-21T09:15,0.0
2014-12-21T09:30,0.0
2014-12-21T09:45,0.0
2014-12-21T10:00,0.0
2014-12-21T10:15,14.951
2014-12-21T10:30,29.902
2014-12-21T10:45,44.853
2014-12-21T11:00,59.804
2014-12-21T11:15,47.171
2014-12-21T11:30,34.538
2014-12-21T11:45,21.905
2014-12-21T12:00,9.272
2014-12-21T12:15,34.57
2014-12-21T12:30,59.868
2014-12-21T12:45,85.166
2014-12-21T13:00,110.464
2014-12-21T13:15,82.848
2014-12-21T13:30,55.232
2014-12-21T13:45,27.616
2014-12-21T14:00,0.0
2014-12-21T14:15,0.0
2014-12-21T14:30,0.0
2014-12-21T14:45,0.0
2014-12-21T15:00,0.0
2014-12-21T15:15,0.0
2014-12-21T15:30,0.0
2014-12-21T15:45,0.0
2014-12-21T16:00,0.0
2014-12-21T16:15,0.0
2014-12-21T16:30,0.0
2014-12-21T16:45,0.0
2014-12-21T17:00,0.0
2014-12-21T17:15,0.0
2014-12-21T17:30,0.0
2014-12-21T17:45,0.0
2014-12-21T18:00,0.0
2014-12-21T18:15,0.0
2014-12-21T18:30,0.0
2014-12-21T18:45,0.0
2014-12-21T19:00,0.0
2014-12-21T19:15,0.0
2014-12-21T19:30,0.0
2014-12-21T19:45,0.0
2014-12-21T20:00,0.0
2014-12-21T20:15,0.0
2014-12-21T20:30,0.0
2014-12-21T20:45,0.0
2014-12-21T21:00,0.0
2014-12-21T21:15,0.0
2014-12-21T21:30,0.0
2014-12-21T21:45,0.0
2014-12-21T22:00,0.0
2014-12-21T22:15,0.0
2014-12-21T22:30,0.0
2014-12-21T22:45,0.0
2014-12-21T23:00,0.0
2014-12-21T23:15,0.0
2014-12-21T23:30,0.0
2014-12-21T23:45,0.0
2014-12-22T00:00,0.0
2014-12-22T00:15,0.0
2014-12-22T00:30,0.0
2014-12-22T00:45,0.0
2014-12-22T01:00,0.0
2014-12-22T01:15,0.0
2014-12-22T01:30,0.0
2014-12-22T01:45,0.0
2014-12-22T02:00,0.0
2014-12-22T02:15,0.0
2014-12-22T02:30,0.0
2014-12-22T02:45,0.0
2014-12-22T03:00,0.0
2014-12-22T03:15,0.0
2014-12-22T03:30,0.0
2014-12-22T03:45,0.0
2014-12-22T04:00,0.0
2014-12-22T04:15,0.0
2014-12-22T04:30,0.0
2014-12-22T04:45,0.0
2014-12-22T05:00,0.0
2014-12-22T05:15,0.0
2014-12-22T05:30,0.0
2014-12-22T05:45,0.0
2014-12-22T06:00,0.0
2014-12-22T06:15,0.0
2014-12-22T06:30,0.0
2014-12-22T06:45,0.0
2014-12-22T07:00,0.0
2014-12-22T07:15,0.0
2014-12-22T07:30,0.0
2014-12-22T07:45,0.0
2014-12-22T08:00,0.0
2014-12-22T08:15,0.0
2014-12-22T08:30,0.0
2014-12-22T08:45,0.0
2014-12-22T09:00,0.0
2014-12-22T09:15,1.916
2014-12-22T09:30,3.831
2014-12-22T09:45,5.747
2014-12-22T10:00,7.663
2014-12-22T10:15,20.006
2014-12-22T10:30,32.349
2014-12-22T10:45,44.692
2014-12-22T11:00,57.035
2014-12-22T11:15,44.559
2014-12-22T11:30,32.082
2014-12-22T11:45,19.605
2014-12-22T12:00,7.128
2014-12-22T12:15,5.346
2014-12-22T12:30,3.564
2014-12-22T12:45,1.782
2014-12-22T13:00,0.0
2014-12-22T13:15,0.0
2014-12-22T13:30,0.0
2014-12-22T13:45,0.0
2014-12-22T14:00,0.0
2014-12-22T14:15,0.0
2014-12-22T14:30,0.0
2014-12-22T14:45,0.0
2014-12-22T15:00,0.0
2014-12-22T15:15,0.0
2014-12-22T15:30,0.0
2014-12-22T15:45,0.0
2014-12-22T16:00,0.0
2014-12-22T16:15,0.0
2014-12-22T16:30,0.0
2014-12-22T16:45,0.0
2014-12-22T17:00,0.0
2014-12-22T17:15,0.0
2014-12-22T17:30,0.0
2014-12-22T17:45,0.0
2014-12-22T18:00,0.0
2014-12-22T18:15,0.0
2014-12-22T18:30,0.0
2014-12-22T18:45,0.0
2014-12-22T19:00,0.0
2014-12-22T19:15,0.0
2014-12-22T19:30,0.0
2014-12-22T19:45,0.0
2014-12-22T20:00,0.0
2014-12-22T20:15,0.0
2014-12-22T20:30,0.0
2014-12-22T20:45,0.0
2014-12-22T21:00,0.0
2014-12-22T21:15,0.0
2014-12-22T21:30,0.0
2014-12-22T21:45,0.0
2014-12-22T22:00,0.0
2014-12-22T22:15,0.0
2014-12-22T22:30,0.0
2014-12-22T22:45,0.0
2014-12-22T23:00,0.0
2014-12-22T23:15,0.0
2014-12-22T23:30,0.0
2014-12-22T23:45,0.0
2014-12-23T00:00,0.0
2014-12-23T00:15,0.0
2014-12-23T00:30,0.0
2014-12-23T00:45,0.0
2014-12-23T01:00,0.0
2014-12-23T01:15,0.0
2014-12-23T01:30,0.0
2014-12-23T01:45,0.0
2014-12-23T02:00,0.0
2014-12-23T02:15,0.0
2014-12-23T02:30,0.0
2014-12-23T02:45,0.0
2014-12-23T03:00,0.0
2014-12-23T03:15,0.0
2014-12-23T03:30,0.0
2014-12-23T03:45,0.0
2014-12-23T04:00,0.0
2014-12-23T04:15,0.0
2014-12-23T04:30,0.0
2014-12-23T04:45,0.0
2014-12-23T05:00,0.0
2014-12-23T05:15,0.0
2014-12-23T05:30,0.0
2014-12-23T05:45,0.0
2014-12-23T06:00,0.0
2014-12-23T06:15,0.0
2014-12-23T06:30,0.0
2014-12-23T06:45,0.0
2014-12-23T07:00,0.0
2014-12-23T07:15,0.0
2014-12-23T07:30,0.0
2014-12-23T07:45,0.0
2014-12-23T08:00,0.0
2014-12-23T08:15,14.193
2014-12-23T08:30,28.386
2014-12-23T08:45,42.579
2014-12-23T09:00,56.773
2014-12-23T09:15,105.453
2014-12-23T09:30,154.134
2014-12-23T09:45,202.814
2014-12-23T10:00,251.495
2014-12-23T10:15,332.592
2014-12-23T10:30,413.69
2014-12-23T10:45,494.787
2014-12-23T11:00,575.884
2014-12-23T11:15,645.508
2014-12-23T11:30,715.131
2014-12-23T11:45,784.755
2014-12-23T12:00,854.378
2014-12-23T12:15,1149.399
2014-12-23T12:30,1444.421
2014-12-23T12:45,1739.442
2014-12-23T13:00,2034.463
2014-12-23T13:15,1794.738
2014-12-23T13:30,1555.014
2014-12-23T13:45,1315.289
2014-12-23T14:00,1075.564
2014-12-23T14:15,806.673
2014-12-23T14:30,537.782
2014-12-23T14:45,268.891
2014-12-23T15:00,0.0
2014-12-23T15:15,0.0
2014-12-23T15:30,0.0
2014-12-23T15:45,0.0
2014-12-23T16:00,0.0
2014-12-23T16:15,0.0
2014-12-23T16:30,0.0
2014-12-23T16:45,0.0
2014-12-23T17:00,0.0
2014-12-23T17:15,0.0
2014-12-23T17:30,0.0
2014-12-23T17:45,0.0
2014-12-23T18:00,0.0
2014-12-23T18:15,0.0
2014-12-23T18:30,0.0
2014-12-23T18:45,0.0
2014-12-23T19:00,0.0
2014-12-23T19:15,0.0
2014-12-23T19:30,0.0
2014-12-23T19:45,0.0
2014-12-23T20:00,0.0
2014-12-23T20:15,0.0
2014-12-23T20:30,0.0
2014-12-23T20:45,0.0
2014-12-23T21:00,0.0
2014-12-23T21:15,0.0
2014-12-23T21:30,0.0
2014-12-23T21:45,0.0
2014-12-23T22:00,0.0
2014-12-23T22:15,0.0
2014-12-23T22:30,0.0
2014-12-23T22:45,0.0
2014-12-23T23:00,0.0
2014-12-23T23:15,0.0
2014-12-23T23:30,0.0
2014-12-23T23:45,0.0
2014-12-24T00:00,0.0
2014-12-24T00:15,0.0
2014-12-24T00:30,0.0
2014-12-24T00:45,0.0
2014-12-24T01:00,0.0
2014-12-24T01:15,0.0
2014-12-24T01:30,0.0
2014-12-24T01:45,0.0
2014-12-24T02:00,0.0
2014-12-24T02:15,0.0
2014-12-24T02:30,0.0
2014-12-24T02:45,0.0
2014-12-24T03:00,0.0
2014-12-24T03:15,0.0
2014-12-24T03:30,0.0
2014-12-24T03:45,0.0
2014-12-24T04:00,0.0
2014-12-24T04:15,0.0
2014-12-24T04:30,0.0
2014-12-24T04:45,0.0
2014-12-24T05:00,0.0
2014-12-24T05:15,0.0
2014-12-24T05:30,0.0
2014-12-24T05:45,0.0
2014-12-24T06:00,0.0
2014-12-24T06:15,0.0
2014-12-24T06:30,0.0
2014-12-24T06:45,0.0
2014-12-24T07:00,0.0
2014-12-24T07:15,0.0
2014-12-24T07:30,0.0
2014-12-24T07:45,0.0
2014-12-24T08:00,0.0
2014-12-24T08:15,1.889
2014-12-24T08:30,3.778
2014-12-24T08:45,5.667
2014-12-24T09:00,7.556
2014-12-24T09:15,68.597
2014-12-24T09:30,129.638
2014-12-24T09:45,190.679
2014-12-24T10:00,251.72
2014-12-24T10:15,556.306
2014-12-24T10:30,860.892
2014-12-24T10:45,1165.478
2014-12-24T11:00,1470.064
2014-12-24T11:15,1354.896
2014-12-24T11:30,1239.728
2014-12-24T11:45,1124.559
2014-12-24T12:00,1009.391
2014-12-24T12:15,969.108
2014-12-24T12:30,928.825
2014-12-24T12:45,888.542
2014-12-24T13:00,848.259
2014-12-24T13:15,933.314
2014-12-24T13:30,1018.368
2014-12-24T13:45,1103.423
2014-12-24T14:00,1188.478
2014-12-24T14:15,904.963
2014-12-24T14:30,621.447
2014-12-24T14:45,337.932
2014-12-24T15:00,54.417
2014-12-24T15:15,40.813
2014-12-24T15:30,27.208
2014-12-24T15:45,13.604
2014-12-24T16:00,0.0
2014-12-24T16:15,0.0
2014-12-24T16:30,0.0
2014-12-24T16:45,0.0
2014-12-24T17:00,0.0
2014-12-24T17:15,0.0
2014-12-24T17:30,0.0
2014-12-24T17:45,0.0
2014-12-24T18:00,0.0
2014-12-24T18:15,0.0
2014-12-24T18:30,0.0
2014-12-24T18:45,0.0
2014-12-24T19:00,0.0
2014-12-24T19:15,0.0
2014-12-24T19:30,0.0
2014-12-24T19:45,0.0
2014-12-24T20:00,0.0
2014-12-24T20:15,0.0
2014-12-24T20:30,0.0
2014-12-24T20:45,0.0
2014-12-24T21:00,0.0
2014-12-24T21:15,0.0
2014-12-24T21:30,0.0
2014-12-24T21:45,0.0
2014-12-24T22:00,0.0
2014-12-24T22:15,0.0
2014-12-24T22:30,0.0
2014-12-24T22:45,0.0
2014-12-24T23:00,0.0
2014-12-24T23:15,0.0
2014-12-24T23:30,0.0
2014-12-24T23:45,0.0
2014-12-25T00:00,0.0
2014-12-25T00:15,0.0
2014-12-25T00:30,0.0
2014-12-25T00:45,0.0
2014-12-25T01:00,0.0
2014-12-25T01:15,0.0
2014-12-25T01:30,0.0
2014-12-25T01:45,0.0
2014-12-25T02:00,0.0
2014-12-25T02:15,0.0
2014-12-25T02:30,0.0
2014-12-25T02:45,0.0
2014-12-25T03:00,0.0
2014-12-25T03:15,0.0
2014-12-25T03:30,0.0
2014-12-25T03:45,0.0
2014-12-25T04:00,0.0
2014-12-25T04:15,0.0
2014-12-25T04:30,0.0
2014-12-25T04:45,0.0
2014-12-25T05:00,0.0
2014-12-25T05:15,0.0
2014-12-25T05:30,0.0
2014-12-25T05:45,0.0
2014-12-25T06:00,0.0
2014-12-25T06:15,0.0
2014-12-25T06:30,0.0
2014-12-25T06:45,0.0
2014-12-25T07:00,0.0
2014-12-25T07:15,0.0
2014-12-25T07:30,0.0
2014-12-25T07:45,0.0
2014-12-25T08:00,0.0
2014-12-25T08:15,27.459
2014-12-25T08:30,54.918
2014-12-25T08:45,82.377
2014-12-25T09:00,109.836
2014-12-25T09:15,298.147
2014-12-25T09:30,486.458
2014-12-25T09:45,674.769
2014-12-25T10:00,863.079
2014-12-25T10:15,887.888
2014-12-25T10:30,912.698
2014-12-25T10:45,937.507
2014-12-25T11:00,962.316
2014-12-25T11:15,952.196
2014-12-25T11:30,942.077
2014-12-25T11:45,931.958
2014-12-25T12:00,921.839
2014-12-25T12:15,890.891
2014-12-25T12:30,859.943
2014-12-25T12:45,828.996
2014-12-25T13:00,798.048
2014-12-25T13:15,675.357
2014-12-25T13:30,552.666
2014-12-25T13:45,429.975
2014-12-25T14:00,307.284
2014-12-25T14:15,230.463
2014-12-25T14:30,153.642
2014-12-25T14:45,76.821
2014-12-25T15:00,0.0
2014-12-25T15:15,0.0
2014-12-25T15:30,0.0
2014-12-25T15:45,0.0
2014-12-25T16:00,0.0
2014-12-25T16:15,0.0
2014-12-25T16:30,0.0
2014-12-25T16:45,0.0
2014-12-25T17:00,0.0
2014-12-25T17:15,0.0
2014-12-25T17:30,0.0
2014-12-25T17:45,0.0
2014-12-25T18:00,0.0
2014-12-25T18:15,0.0
2014-12-25T18:30,0.0
2014-12-25T18:45,0.0
2014-12-25T19:00,0.0
2014-12-25T19:15,0.0
2014-12-25T19:30,0.0
2014-12-25T19:45,0.0
2014-12-25T20:00,0.0
2014-12-25T20:15,0.0
2014-12-25T20:30,0.0
2014-12-25T20:45,0.0
2014-12-25T21:00,0.0
2014-12-25T21:15,0.0
2014-12-25T21:30,0.0
2014-12-25T21:45,0.0
2014-12-25T22:00,0.0
2014-12-25T22:15,0.0
2014-12-25T22:30,0.0
2014-12-25T22:45,0.0
2014-12-25T23:00,0.0
2014-12-25T23:15,0.0
2014-12-25T23:30,0.0
2014-12-25T23:45,0.0
2014-12-26T00:00,0.0
2014-12-26T00:15,0.0
2014-12-26T00:30,0.0
2014-12-26T00:45,0.0
2014-12-26T01:00,0.0
2014-12-26T01:15,0.0
2014-12-26T01:30,0.0
2014-12-26T01:45,0.0
2014-12-26T02:00,0.0
2014-12-26T02:15,0.0
2014-12-26T02:30,0.0
2014-12-26T02:45,0.0
2014-12-26T03:00,0.0
2014-12-26T03:15,0.0
2014-12-26T03:30,0.0
2014-12-26T03:45,0.0
2014-12-26T04:00,0.0
2014-12-26T04:15,0.0
2014-12-26T04:30,0.0
2014-12-26T04:45,0.0
2014-12-26T05:00,0.0
2014-12-26T05:15,0.0
2014-12-26T05:30,0.0
2014-12-26T05:45,0.0
2014-12-26T06:00,0.0
2014-12-26T06:15,0.0
2014-12-26T06:30,0.0
2014-12-26T06:45,0.0
2014-12-26T07:00,0.0
2014-12-26T07:15,15.382
2014-12-26T07:30,30.764
2014-12-26T07:45,46.146
2014-12-26T08:00,61.528
2014-12-26T08:15,223.087
2014-12-26T08:30,384.645
2014-12-26T08:45,546.204
2014-12-26T09:00,707.762
2014-12-26T09:15,763.449
2014-12-26T09:30,819.136
2014-12-26T09:45,874.822
2014-12-26T10:00,930.509
2014-12-26T10:15,752.582
2014-12-26T10:30,574.655
2014-12-26T10:45,396.728
2014-12-26T11:00,218.801
2014-12-26T11:15,228.049
2014-12-26T11:30,237.298
2014-12-26T11:45,246.546
2014-12-26T12:00,255.794
2014-12-26T12:15,219.619
2014-12-26T12:30,183.443
2014-12-26T12:45,147.268
2014-12-26T13:00,111.093
2014-12-26T13:15,147.212
2014-12-26T13:30,183.33
2014-12-26T13:45,219.448
2014-12-26T14:00,255.567
2014-12-26T14:15,191.675
2014-12-26T14:30,127.783
2014-12-26T14:45,63.892
2014-12-26T15:00,0.0
2014-12-26T15:15,0.0
2014-12-26T15:30,0.0
2014-12-26T15:45,0.0
2014-12-26T16:00,0.0
2014-12-26T16:15,0.0
2014-12-26T16:30,0.0
2014-12-26T16:45,0.0
2014-12-26T17:00,0.0
2014-12-26T17:15,0.0
2014-12-26T17:30,0.0
2014-12-26T17:45,0.0
2014-12-26T18:00,0.0
2014-12-26T18:15,0.0
2014-12-26T18:30,0.0
2014-12-26T18:45,0.0
2014-12-26T19:00,0.0
2014-12-26T19:15,0.0
2014-12-26T19:30,0.0
2014-12-26T19:45,0.0
2014-12-26T20:00,0.0
2014-12-26T20:15,0.0
2014-12-26T20:30,0.0
2014-12-26T20:45,0.0
2014-12-26T21:00,0.0
2014-12-26T21:15,0.0
2014-12-26T21:30,0.0
2014-12-26T21:45,0.0
2014-12-26T22:00,0.0
2014-12-26T22:15,0.0
2014-12-26T22:30,0.0
2014-12-26T22:45,0.0
2014-12-26T23:00,0.0
2014-12-26T23:15,0.0
2014-12-26T23:30,0.0
2014-12-26T23:45,0.0
2014-12-27T00:00,0.0
2014-12-27T00:15,0.0
2014-12-27T00:30,0.0
2014-12-27T00:45,0.0
2014-12-27T01:00,0.0
2014-12-27T01:15,0.0
2014-12-27T01:30,0.0
2014-12-27T01:45,0.0
2014-12-27T02:00,0.0
2014-12-27T02:15,0.0
2014-12-27T02:30,0.0
2014-12-27T02:45,0.0
2014-12-27T03:00,0.0
2014-12-27T03:15,0.0
2014-12-27T03:30,0.0
2014-12-27T03:45,0.0
2014-12-27T04:00,0.0
2014-12-27T04:15,0.0
2014-12-27T04:30,0.0
2014-12-27T04:45,0.0
2014-12-27T05:00,0.0
2014-12-27T05:15,0.0
2014-12-27T05:30,0.0
2014-12-27T05:45,0.0
2014-12-27T06:00,0.0
2014-12-27T06:15,0.0
2014-12-27T06:30,0.0
2014-12-27T06:45,0.0
2014-12-27T07:00,0.0
2014-12-27T07:15,169.246
2014-12-27T07:30,338.491
2014-12-27T07:45,507.737
2014-12-27T08:00,676.983
2014-12-27T08:15,777.437
2014-12-27T08:30,877.892
2014-12-27T08:45,978.347
2014-12-27T09:00,1078.801
2014-12-27T09:15,1170.851
2014-12-27T09:30,1262.9
2014-12-27T09:45,1354.95
2014-12-27T10:00,1446.999
2014-12-27T10:15,1523.381
2014-12-27T10:30,1599.762
2014-12-27T10:45,1676.144
2014-12-27T11:00,1752.526
2014-12-27T11:15,1719.339
2014-12-27T11:30,1686.152
2014-12-27T11:45,1652.966
2014-12-27T12:00,1619.779
2014-12-27T12:15,1575.624
2014-12-27T12:30,1531.47
2014-12-27T12:45,1487.315
2014-12-27T13:00,1443.16
2014-12-27T13:15,1383.46
2014-12-27T13:30,1323.76
2014-12-27T13:45,1264.06
2014-12-27T14:00,1204.359
2014-12-27T14:15,1087.404
2014-12-27T14:30,970.448
2014-12-27T14:45,853.493
2014-12-27T15:00,736.537
2014-12-27T15:15,552.403
2014-12-27T15:30,368.269
2014-12-27T15:45,184.134
2014-12-27T16:00,0.0
2014-12-27T16:15,0.0
2014-12-27T16:30,0.0
2014-12-27T16:45,0.0
2014-12-27T17:00,0.0
2014-12-27T17:15,0.0
2014-12-27T17:30,0.0
2014-12-27T17:45,0.0
2014-12-27T18:00,0.0
2014-12-27T18:15,0.0
2014-12-27T18:30,0.0
2014-12-27T18:45,0.0
2014-12-27T19:00,0.0
2014-12-27T19:15,0.0
2014-12-27T19:30,0.0
2014-12-27T19:45,0.0
2014-12-27T20:00,0.0
2014-12-27T20:15,0.0
2014-12-27T20:30,0.0
2014-12-27T20:45,0.0
2014-12-27T21:00,0.0
2014-12-27T21:15,0.0
2014-12-27T21:30,0.0
2014-12-27T21:45,0.0
2014-12-27T22:00,0.0
2014-12-27T22:15,0.0
2014-12-27T22:30,0.0
2014-12-27T22:45,0.0
2014-12-27T23:00,0.0
2014-12-27T23:15,0.0
2014-12-27T23:30,0.0
2014-12-27T23:45,0.0
2014-12-28T00:00,0.0
2014-12-28T00:15,0.0
2014-12-28T00:30,0.0
2014-12-28T00:45,0.0
2014-12-28T01:00,0.0
2014-12-28T01:15,0.0
2014-12-28T01:30,0.0
2014-12-28T01:45,0.0
2014-12-28T02:00,0.0
2014-12-28T02:15,0.0
2014-12-28T02:30,0.0
2014-12-28T02:45,0.0
2014-12-28T03:00,0.0
2014-12-28T03:15,0.0
2014-12-28T03:30,0.0
2014-12-28T03:45,0.0
2014-12-28T04:00,0.0
2014-12-28T04:15,0.0
2014-12-28T04:30,0.0
2014-12-28T04:45,0.0
2014-12-28T05:00,0.0
2014-12-28T05:15,0.0
2014-12-28T05:30,0.0
2014-12-28T05:45,0.0
2014-12-28T06:00,0.0
2014-12-28T06:15,0.0
2014-12-28T06:30,0.0
2014-12-28T06:45,0.0
2014-12-28T07:00,0.0
2014-12-28T07:15,4.39
2014-12-28T07:30,8.78
2014-12-28T07:45,13.17
2014-12-28T08:00,17.559
2014-12-28T08:15,299.19
2014-12-28T08:30,580.82
2014-12-28T08:45,862.45
2014-12-28T09:00,1144.08
2014-12-28T09:15,1247.683
2014-12-28T09:30,1351.285
2014-12-28T09:45,1454.888
2014-12-28T10:00,1558.491
2014-12-28T10:15,1956.341
2014-12-28T10:30,2354.192
2014-12-28T10:45,2752.042
2014-12-28T11:00,3149.893
2014-12-28T11:15,3219.087
2014-12-28T11:30,3288.281
2014-12-28T11:45,3357.476
2014-12-28T12:00,3426.67
2014-12-28T12:15,2973.89
2014-12-28T12:30,2521.109
2014-12-28T12:45,2068.329
2014-12-28T13:00,1615.549
2014-12-28T13:15,1215.666
2014-12-28T13:30,815.782
2014-12-28T13:45,415.899
2014-12-28T14:00,16.016
2014-12-28T14:15,12.012
2014-12-28T14:30,8.008
2014-12-28T14:45,4.004
2014-12-28T15:00,0.0
2014-12-28T15:15,0.0
2014-12-28T15:30,0.0
2014-12-28T15:45,0.0
2014-12-28T16:00,0.0
2014-12-28T16:15,0.0
2014-12-28T16:30,0.0
2014-12-28T16:45,0.0
2014-12-28T17:00,0.0
2014-12-28T17:15,0.0
2014-12-28T17:30,0.0
2014-12-28T17:45,0.0
2014-12-28T18:00,0.0
2014-12-28T18:15,0.0
2014-12-28T18:30,0.0
2014-12-28T18:45,0.0
2014-12-28T19:00,0.0
2014-12-28T19:15,0.0
2014-12-28T19:30,0.0
2014-12-28T19:45,0.0
2014-12-28T20:00,0.0
2014-12-28T20:15,0.0
2014-12-28T20:30,0.0
2014-12-28T20:45,0.0
2014-12-28T21:00,0.0
2014-12-28T21:15,0.0
2014-12-28T21:30,0.0
2014-12-28T21:45,0.0
2014-12-28T22:00,0.0
2014-12-28T22:15,0.0
2014-12-28T22:30,0.0
2014-12-28T22:45,0.0
2014-12-28T23:00,0.0
2014-12-28T23:15,0.0
2014-12-28T23:30,0.0
2014-12-28T23:45,0.0
2014-12-29T00:00,0.0
2014-12-29T00:15,0.0
2014-12-29T00:30,0.0
2014-12-29T00:45,0.0
2014-12-29T01:00,0.0
2014-12-29T01:15,0.0
2014-12-29T01:30,0.0
2014-12-29T01:45,0.0
2014-12-29T02:00,0.0
2014-12-29T02:15,0.0
2014-12-29T02:30,0.0
2014-12-29T02:45,0.0
2014-12-29T03:00,0.0
2014-12-29T03:15,0.0
2014-12-29T03:30,0.0
2014-12-29T03:45,0.0
2014-12-29T04:00,0.0
2014-12-29T04:15,0.0
2014-12-29T04:30,0.0
2014-12-29T04:45,0.0
2014-12-29T05:00,0.0
2014-12-29T05:15,0.0
2014-12-29T05:30,0.0
2014-12-29T05:45,0.0
2014-12-29T06:00,0.0
2014-12-29T06:15,0.0
2014-12-29T06:30,0.0
2014-12-29T06:45,0.0
2014-12-29T07:00,0.0
2014-12-29T07:15,44.448
2014-12-29T07:30,88.897
2014-12-29T07:45,133.345
2014-12-29T08:00,177.794
2014-12-29T08:15,477.471
2014-12-29T08:30,777.149
2014-12-29T08:45,1076.826
2014-12-29T09:00,1376.504
2014-12-29T09:15,1748.793
2014-12-29T09:30,2121.083
2014-12-29T09:45,2493.372
2014-12-29T10:00,2865.662
2014-12-29T10:15,3018.288
2014-12-29T10:30,3170.913
2014-12-29T10:45,3323.539
2014-12-29T11:00,3476.165
2014-12-29T11:15,3430.295
2014-12-29T11:30,3384.425
2014-12-29T11:45,3338.555
2014-12-29T12:00,3292.685
2014-12-29T12:15,3112.247
2014-12-29T12:30,2931.808
2014-12-29T12:45,2751.369
2014-12-29T13:00,2570.931
2014-12-29T13:15,2329.367
2014-12-29T13:30,2087.803
2014-12-29T13:45,1846.24
2014-12-29T14:00,1604.676
2014-12-29T14:15,1232.316
2014-12-29T14:30,859.956
2014-12-29T14:45,487.596
2014-12-29T15:00,115.236
2014-12-29T15:15,86.427
2014-12-29T15:30,57.618
2014-12-29T15:45,28.809
2014-12-29T16:00,0.0
2014-12-29T16:15,0.0
2014-12-29T16:30,0.0
2014-12-29T16:45,0.0
2014-12-29T17:00,0.0
2014-12-29T17:15,0.0
2014-12-29T17:30,0.0
2014-12-29T17:45,0.0
2014-12-29T18:00,0.0
2014-12-29T18:15,0.0
2014-12-29T18:30,0.0
2014-12-29T18:45,0.0
2014-12-29T19:00,0.0
2014-12-29T19:15,0.0
2014-12-29T19:30,0.0
2014-12-29T19:45,0.0
2014-12-29T20:00,0.0
2014-12-29T20:15,0.0
2014-12-29T20:30,0.0
2014-12-29T20:45,0.0
2014-12-29T21:00,0.0
2014-12-29T21:15,0.0
2014-12-29T21:30,0.0
2014-12-29T21:45,0.0
2014-12-29T22:00,0.0
2014-12-29T22:15,0.0
2014-12-29T22:30,0.0
2014-12-29T22:45,0.0
2014-12-29T23:00,0.0
2014-12-29T23:15,0.0
2014-12-29T23:30,0.0
2014-12-29T23:45,0.0
2014-12-30T00:00,0.0
2014-12-30T00:15,0.0
2014-12-30T00:30,0.0
2014-12-30T00:45,0.0
2014-12-30T01:00,0.0
2014-12-30T01:15,0.0
2014-12-30T01:30,0.0
2014-12-30T01:45,0.0
2014-12-30T02:00,0.0
2014-12-30T02:15,0.0
2014-12-30T02:30,0.0
2014-12-30T02:45,0.0
2014-12-30T03:00,0.0
2014-12-30T03:15,0.0
2014-12-30T03:30,0.0
2014-12-30T03:45,0.0
2014-12-30T04:00,0.0
2014-12-30T04:15,0.0
2014-12-30T04:30,0.0
2014-12-30T04:45,0.0
2014-12-30T05:00,0.0
2014-12-30T05:15,0.0
2014-12-30T05:30,0.0
2014-12-30T05:45,0.0
2014-12-30T06:00,0.0
2014-12-30T06:15,0.0
2014-12-30T06:30,0.0
2014-12-30T06:45,0.0
2014-12-30T07:00,0.0
2014-12-30T07:15,30.122
2014-12-30T07:30,60.243
2014-12-30T07:45,90.365
2014-12-30T08:00,120.486
2014-12-30T08:15,492.931
2014-12-30T08:30,865.375
2014-12-30T08:45,1237.82
2014-12-30T09:00,1610.264
2014-12-30T09:15,1719.232
2014-12-30T09:30,1828.2
2014-12-30T09:45,1937.167
2014-12-30T10:00,2046.135
2014-12-30T10:15,1887.563
2014-12-30T10:30,1728.992
2014-12-30T10:45,1570.42
2014-12-30T11:00,1411.849
2014-12-30T11:15,1437.641
2014-12-30T11:30,1463.434
2014-12-30T11:45,1489.227
2014-12-30T12:00,1515.02
2014-12-30T12:15,1587.64
2014-12-30T12:30,1660.261
2014-12-30T12:45,1732.881
2014-12-30T13:00,1805.501
2014-12-30T13:15,1447.14
2014-12-30T13:30,1088.779
2014-12-30T13:45,730.418
2014-12-30T14:00,372.057
2014-12-30T14:15,279.043
2014-12-30T14:30,186.029
2014-12-30T14:45,93.014
2014-12-30T15:00,0.0
2014-12-30T15:15,0.0
2014-12-30T15:30,0.0
2014-12-30T15:45,0.0
2014-12-30T16:00,0.0
2014-12-30T16:15,0.0
2014-12-30T16:30,0.0
2014-12-30T16:45,0.0
2014-12-30T17:00,0.0
2014-12-30T17:15,0.0
2014-12-30T17:30,0.0
2014-12-30T17:45,0.0
2014-12-30T18:00,0.0
2014-12-30T18:15,0.0
2014-12-30T18:30,0.0
2014-12-30T18:45,0.0
2014-12-30T19:00,0.0
2014-12-30T19:15,0.0
2014-12-30T19:30,0.0
2014-12-30T19:45,0.0
2014-12-30T20:00,0.0
2014-12-30T20:15,0.0
2014-12-30T20:30,0.0
2014-12-30T20:45,0.0
2014-12-30T21:00,0.0
2014-12-30T21:15,0.0
2014-12-30T21:30,0.0
2014-12-30T21:45,0.0
2014-12-30T22:00,0.0
2014-12-30T22:15,0.0
2014-12-30T22:30,0.0
2014-12-30T22:45,0.0
2014-12-30T23:00,0.0
2014-12-30T23:15,0.0
2014-12-30T23:30,0.0
2014-12-30T23:45,0.0
2014-12-31T00:00,0.0
2014-12-31T00:15,0.0
2014-12-31T00:30,0.0
2014-12-31T00:45,0.0
2014-12-31T01:00,0.0
2014-12-31T01:15,0.0
2014-12-31T01:30,0.0
2014-12-31T01:45,0.0
2014-12-31T02:00,0.0
2014-12-31T02:15,0.0
2014-12-31T02:30,0.0
2014-12-31T02:45,0.0
2014-12-31T03:00,0.0
2014-12-31T03:15,0.0
2014-12-31T03:30,0.0
2014-12-31T03:45,0.0
2014-12-31T04:00,0.0
2014-12-31T04:15,0.0
2014-12-31T04:30,0.0
2014-12-31T04:45,0.0
2014-12-31T05:00,0.0
2014-12-31T05:15,0.0
2014-12-31T05:30,0.0
2014-12-31T05:45,0.0
2014-12-31T06:00,0.0
2014-12-31T06:15,0.0
2014-12-31T06:30,0.0
2014-12-31T06:45,0.0
2014-12-31T07:00,0.0
2014-12-31T07:15,0.0
2014-12-31T07:30,0.0
2014-12-31T07:45,0.0
2014-12-31T08:00,0.0
2014-12-31T08:15,228.57
2014-12-31T08:30,457.14
2014-12-31T08:45,685.71
2014-12-31T09:00,914.28
2014-12-31T09:15,1304.074
2014-12-31T09:30,1693.867
2014-12-31T09:45,2083.66
2014-12-31T10:00,2473.453
2014-12-31T10:15,2311.043
2014-12-31T10:30,2148.632
2014-12-31T10:45,1986.222
2014-12-31T11:00,1823.811
2014-12-31T11:15,1677.128
2014-12-31T11:30,1530.446
2014-12-31T11:45,1383.763
2014-12-31T12:00,1237.081
2014-12-31T12:15,1393.07
2014-12-31T12:30,1549.06
2014-12-31T12:45,1705.049
2014-12-31T13:00,1861.039
2014-12-31T13:15,1694.764
2014-12-31T13:30,1528.49
2014-12-31T13:45,1362.215
2014-12-31T14:00,1195.941
2014-12-31T14:15,910.723
2014-12-31T14:30,625.505
2014-12-31T14:45,340.287
2014-12-31T15:00,55.07
2014-12-31T15:15,41.302
2014-12-31T15:30,27.535
2014-12-31T15:45,13.767
2014-12-31T16:00,0.0
2014-12-31T16:15,0.0
2014-12-31T16:30,0.0
2014-12-31T16:45,0.0
2014-12-31T17:00,0.0
2014-12-31T17:15,0.0
2014-12-31T17:30,0.0
2014-12-31T17:45,0.0
2014-12-31T18:00,0.0
2014-12-31T18:15,0.0
2014-12-31T18:30,0.0
2014-12-31T18:45,0.0
2014-12-31T19:00,0.0
2014-12-31T19:15,0.0
2014-12-31T19:30,0.0
2014-12-31T19:45,0.0
2014-12-31T20:00,0.0
2014-12-31T20:15,0.0
2014-12-31T20:30,0.0
2014-12-31T20:45,0.0
2014-12-31T21:00,0.0
2014-12-31T21:15,0.0
2014-12-31T21:30,0.0
2014-12-31T21:45,0.0
2014-12-31T22:00,0.0
2014-12-31T22:15,0.0
2014-12-31T22:30,0.0
2014-12-31T22:45,0.0
2014-12-31T23:00,0.0
2014-12-31T23:15,0.0
2014-12-31T23:30,0.0
2014-12-31T23:45,0.0
