Datetime,H4
2014-10-01T00:00,0.0
2014-10-01T00:15,0.0
2014-10-01T00:30,0.0
2014-10-01T00:45,0.0
2014-10-01T01:00,0.0
2014-10-01T01:15,0.0
2014-10-01T01:30,0.0
2014-10-01T01:45,0.0
2014-10-01T02:00,0.0
2014-10-01T02:15,0.0
2014-10-01T02:30,0.0
2014-10-01T02:45,0.0
2014-10-01T03:00,0.0
2014-10-01T03:15,0.0
2014-10-01T03:30,0.0
2014-10-01T03:45,0.0
2014-10-01T04:00,0.0
2014-10-01T04:15,0.0
2014-10-01T04:30,0.0
2014-10-01T04:45,0.0
2014-10-01T05:00,0.0
2014-10-01T05:15,0.0
2014-10-01T05:30,0.0
2014-10-01T05:45,0.0
2014-10-01T06:00,0.0
2014-10-01T06:15,0.0
2014-10-01T06:30,0.0
2014-10-01T06:45,0.0
2014-10-01T07:00,0.0
2014-10-01T07:15,135.834
2014-10-01T07:30,271.668
2014-10-01T07:45,407.502
2014-10-01T08:00,543.336
2014-10-01T08:15,806.099
2014-10-01T08:30,1068.862
2014-10-01T08:45,1331.625
2014-10-01T09:00,1594.388
2014-10-01T09:15,2071.228
2014-10-01T09:30,2548.068
2014-10-01T09:45,3024.908
2014-10-01T10:00,3501.747
2014-10-01T10:15,3837.872
2014-10-01T10:30,4173.997
2014-10-01T10:45,4510.122
2014-10-01T11:00,4846.247
2014-10-01T11:15,4951.585
2014-10-01T11:30,5056.923
2014-10-01T11:45,5162.261
2014-10-01T12:00,5267.599
2014-10-01T12:15,5242.39
2014-10-01T12:30,5217.18
2014-10-01T12:45,5191.971
2014-10-01T13:00,5166.761
2014-10-01T13:15,4861.756
2014-10-01T13:30,4556.751
2014-10-01T13:45,4251.746
2014-10-01T14:00,3946.74
2014-10-01T14:15,3672.496
2014-10-01T14:30,3398.253
2014-10-01T14:45,3124.009
2014-10-01T15:00,2849.765
2014-10-01T15:15,2384.425
2014-10-01T15:30,1919.086
2014-10-01T15:45,1453.747
2014-10-01T16:00,988.408
2014-10-01T16:15,792.016
2014-10-01T16:30,595.624
2014-10-01T16:45,399.231
2014-10-01T17:00,202.839
2014-10-01T17:15,152.129
2014-10-01T17:30,101.419
2014-10-01T17:45,50.71
2014-10-01T18:00,0.0
2014-10-01T18:15,0.0
2014-10-01T18:30,0.0
2014-10-01T18:45,0.0
2014-10-01T19:00,0.0
2014-10-01T19:15,0.0
2014-10-01T19:30,0.0
2014-10-01T19:45,0.0
2014-10-01T20:00,0.0
2014-10-01T20:15,0.0
2014-10-01T20:30,0.0
2014-10-01T20:45,0.0
2014-10-01T21:00,0.0
2014-10-01T21:15,0.0
2014-10-01T21:30,0.0
2014-10-01T21:45,0.0
2014-10-01T22:00,0.0
2014-10-01T22:15,0.0
2014-10-01T22:30,0.0
2014-10-01T22:45,0.0
2014-10-01T23:00,0.0
2014-10-01T23:15,0.0
2014-10-01T23:30,0.0
2014-10-01T23:45,0.0
2014-10-02T00:00,0.0
2014-10-02T00:15,0.0
2014-10-02T00:30,0.0
2014-10-02T00:45,0.0
2014-10-02T01:00,0.0
2014-10-02T01:15,0.0
2014-10-02T01:30,0.0
2014-10-02T01:45,0.0
2014-10-02T02:00,0.0
2014-10-02T02:15,0.0
2014-10-02T02:30,0.0
2014-10-02T02:45,0.0
2014-10-02T03:00,0.0
2014-10-02T03:15,0.0
2014-10-02T03:30,0.0
2014-10-02T03:45,0.0
2014-10-02T04:00,0.0
2014-10-02T04:15,0.0
2014-10-02T04:30,0.0
2014-10-02T04:45,0.0
2014-10-02T05:00,0.0
2014-10-02T05:15,0.0
2014-10-02T05:30,0.0
2014-10-02T05:45,0.0
2014-10-02T06:00,0.0
2014-10-02T06:15,0.0
2014-10-02T06:30,0.0
2014-10-02T06:45,0.0
2014-10-02T07:00,0.0
2014-10-02T07:15,0.0
2014-10-02T07:30,0.0
2014-10-02T07:45,0.0
2014-10-02T08:00,0.0
2014-10-02T08:15,178.755
2014-10-02T08:30,357.509
2014-10-02T08:45,536.264
2014-10-02T09:00,715.018
2014-10-02T09:15,948.38
2014-10-02T09:30,1181.741
2014-10-02T09:45,1415.102
2014-10-02T10:00,1648.463
2014-10-02T10:15,1426.329
2014-10-02T10:30,1204.196
2014-10-02T10:45,982.062
2014-10-02T11:00,759.928
2014-10-02T11:15,723.582
2014-10-02T11:30,687.236
2014-10-02T11:45,650.89
2014-10-02T12:00,614.544
2014-10-02T12:15,566.08
2014-10-02T12:30,517.616
2014-10-02T12:45,469.152
2014-10-02T13:00,420.688
2014-10-02T13:15,413.35
2014-10-02T13:30,406.011
2014-10-02T13:45,398.673
2014-10-02T14:00,391.335
2014-10-02T14:15,454.69
2014-10-02T14:30,518.045
2014-10-02T14:45,581.401
2014-10-02T15:00,644.756
2014-10-02T15:15,761.462
2014-10-02T15:30,878.168
2014-10-02T15:45,994.874
2014-10-02T16:00,1111.58
2014-10-02T16:15,937.034
2014-10-02T16:30,762.487
2014-10-02T16:45,587.94
2014-10-02T17:00,413.394
2014-10-02T17:15,310.045
2014-10-02T17:30,206.697
2014-10-02T17:45,103.348
2014-10-02T18:00,0.0
2014-10-02T18:15,0.0
2014-10-02T18:30,0.0
2014-10-02T18:45,0.0
2014-10-02T19:00,0.0
2014-10-02T19:15,0.0
2014-10-02T19:30,0.0
2014-10-02T19:45,0.0
2014-10-02T20:00,0.0
2014-10-02T20:15,0.0
2014-10-02T20:30,0.0
2014-10-02T20:45,0.0
2014-10-02T21:00,0.0
2014-10-02T21:15,0.0
2014-10-02T21:30,0.0
2014-10-02T21:45,0.0
2014-10-02T22:00,0.0
2014-10-02T22:15,0.0
2014-10-02T22:30,0.0
2014-10-02T22:45,0.0
2014-10-02T23:00,0.0
2014-10-02T23:15,0.0
2014-10-02T23:30,0.0
2014-10-02T23:45,0.0
2014-10-03T00:00,0.0
2014-10-03T00:15,0.0
2014-10-03T00:30,0.0
2014-10-03T00:45,0.0
2014-10-03T01:00,0.0
2014-10-03T01:15,0.0
2014-10-03T01:30,0.0
2014-10-03T01:45,0.0
2014-10-03T02:00,0.0
2014-10-03T02:15,0.0
2014-10-03T02:30,0.0
2014-10-03T02:45,0.0
2014-10-03T03:00,0.0
2014-10-03T03:15,0.0
2014-10-03T03:30,0.0
2014-10-03T03:45,0.0
2014-10-03T04:00,0.0
2014-10-03T04:15,0.0
2014-10-03T04:30,0.0
2014-10-03T04:45,0.0
2014-10-03T05:00,0.0
2014-10-03T05:15,0.0
2014-10-03T05:30,0.0
2014-10-03T05:45,0.0
2014-10-03T06:00,0.0
2014-10-03T06:15,0.0
2014-10-03T06:30,0.0
2014-10-03T06:45,0.0
2014-10-03T07:00,0.0
2014-10-03T07:15,45.104
2014-10-03T07:30,90.207
2014-10-03T07:45,135.311
2014-10-03T08:00,180.415
2014-10-03T08:15,226.74
2014-10-03T08:30,273.066
2014-10-03T08:45,319.392
2014-10-03T09:00,365.718
2014-10-03T09:15,628.413
2014-10-03T09:30,891.108
2014-10-03T09:45,1153.803
2014-10-03T10:00,1416.498
2014-10-03T10:15,1692.604
2014-10-03T10:30,1968.711
2014-10-03T10:45,2244.818
2014-10-03T11:00,2520.925
2014-10-03T11:15,2762.946
2014-10-03T11:30,3004.966
2014-10-03T11:45,3246.987
2014-10-03T12:00,3489.008
2014-10-03T12:15,3673.645
2014-10-03T12:30,3858.283
2014-10-03T12:45,4042.92
2014-10-03T13:00,4227.558
2014-10-03T13:15,3772.308
2014-10-03T13:30,3317.058
2014-10-03T13:45,2861.807
2014-10-03T14:00,2406.557
2014-10-03T14:15,2164.527
2014-10-03T14:30,1922.497
2014-10-03T14:45,1680.467
2014-10-03T15:00,1438.436
2014-10-03T15:15,1654.842
2014-10-03T15:30,1871.248
2014-10-03T15:45,2087.654
2014-10-03T16:00,2304.06
2014-10-03T16:15,1851.393
2014-10-03T16:30,1398.726
2014-10-03T16:45,946.059
2014-10-03T17:00,493.393
2014-10-03T17:15,370.044
2014-10-03T17:30,246.696
2014-10-03T17:45,123.348
2014-10-03T18:00,0.0
2014-10-03T18:15,0.0
2014-10-03T18:30,0.0
2014-10-03T18:45,0.0
2014-10-03T19:00,0.0
2014-10-03T19:15,0.0
2014-10-03T19:30,0.0
2014-10-03T19:45,0.0
2014-10-03T20:00,0.0
2014-10-03T20:15,0.0
2014-10-03T20:30,0.0
2014-10-03T20:45,0.0
2014-10-03T21:00,0.0
2014-10-03T21:15,0.0
2014-10-03T21:30,0.0
2014-10-03T21:45,0.0
2014-10-03T22:00,0.0
2014-10-03T22:15,0.0
2014-10-03T22:30,0.0
2014-10-03T22:45,0.0
2014-10-03T23:00,0.0
2014-10-03T23:15,0.0
2014-10-03T23:30,0.0
2014-10-03T23:45,0.0
2014-10-04T00:00,0.0
2014-10-04T00:15,0.0
2014-10-04T00:30,0.0
2014-10-04T00:45,0.0
2014-10-04T01:00,0.0
2014-10-04T01:15,0.0
2014-10-04T01:30,0.0
2014-10-04T01:45,0.0
2014-10-04T02:00,0.0
2014-10-04T02:15,0.0
2014-10-04T02:30,0.0
2014-10-04T02:45,0.0
2014-10-04T03:00,0.0
2014-10-04T03:15,0.0
2014-10-04T03:30,0.0
2014-10-04T03:45,0.0
2014-10-04T04:00,0.0
2014-10-04T04:15,0.0
2014-10-04T04:30,0.0
2014-10-04T04:45,0.0
2014-10-04T05:00,0.0
2014-10-04T05:15,0.0
2014-10-04T05:30,0.0
2014-10-04T05:45,0.0
2014-10-04T06:00,0.0
2014-10-04T06:15,0.0
2014-10-04T06:30,0.0
2014-10-04T06:45,0.0
2014-10-04T07:00,0.0
2014-10-04T07:15,268.595
2014-10-04T07:30,537.189
2014-10-04T07:45,805.784
2014-10-04T08:00,1074.378
2014-10-04T08:15,1383.517
2014-10-04T08:30,1692.656
2014-10-04T08:45,2001.795
2014-10-04T09:00,2310.934
2014-10-04T09:15,2484.087
2014-10-04T09:30,2657.239
2014-10-04T09:45,2830.391
2014-10-04T10:00,3003.544
2014-10-04T10:15,3353.723
2014-10-04T10:30,3703.902
2014-10-04T10:45,4054.081
2014-10-04T11:00,4404.259
2014-10-04T11:15,4478.415
2014-10-04T11:30,4552.571
2014-10-04T11:45,4626.727
2014-10-04T12:00,4700.882
2014-10-04T12:15,4719.825
2014-10-04T12:30,4738.767
2014-10-04T12:45,4757.709
2014-10-04T13:00,4776.651
2014-10-04T13:15,4722.759
2014-10-04T13:30,4668.867
2014-10-04T13:45,4614.974
2014-10-04T14:00,4561.082
2014-10-04T14:15,4249.297
2014-10-04T14:30,3937.511
2014-10-04T14:45,3625.726
2014-10-04T15:00,3313.941
2014-10-04T15:15,3058.327
2014-10-04T15:30,2802.712
2014-10-04T15:45,2547.098
2014-10-04T16:00,2291.484
2014-10-04T16:15,1949.604
2014-10-04T16:30,1607.724
2014-10-04T16:45,1265.843
2014-10-04T17:00,923.963
2014-10-04T17:15,692.972
2014-10-04T17:30,461.981
2014-10-04T17:45,230.991
2014-10-04T18:00,0.0
2014-10-04T18:15,0.0
2014-10-04T18:30,0.0
2014-10-04T18:45,0.0
2014-10-04T19:00,0.0
2014-10-04T19:15,0.0
2014-10-04T19:30,0.0
2014-10-04T19:45,0.0
2014-10-04T20:00,0.0
2014-10-04T20:15,0.0
2014-10-04T20:30,0.0
2014-10-04T20:45,0.0
2014-10-04T21:00,0.0
2014-10-04T21:15,0.0
2014-10-04T21:30,0.0
2014-10-04T21:45,0.0
2014-10-04T22:00,0.0
2014-10-04T22:15,0.0
2014-10-04T22:30,0.0
2014-10-04T22:45,0.0
2014-10-04T23:00,0.0
2014-10-04T23:15,0.0
2014-10-04T23:30,0.0
2014-10-04T23:45,0.0
2014-10-05T00:00,0.0
2014-10-05T00:15,0.0
2014-10-05T00:30,0.0
2014-10-05T00:45,0.0
2014-10-05T01:00,0.0
2014-10-05T01:15,0.0
2014-10-05T01:30,0.0
2014-10-05T01:45,0.0
2014-10-05T02:00,0.0
2014-10-05T02:15,0.0
2014-10-05T02:30,0.0
2014-10-05T02:45,0.0
2014-10-05T03:00,0.0
2014-10-05T03:15,0.0
2014-10-05T03:30,0.0
2014-10-05T03:45,0.0
2014-10-05T04:00,0.0
2014-10-05T04:15,0.0
2014-10-05T04:30,0.0
2014-10-05T04:45,0.0
2014-10-05T05:00,0.0
2014-10-05T05:15,0.0
2014-10-05T05:30,0.0
2014-10-05T05:45,0.0
2014-10-05T06:00,0.0
2014-10-05T06:15,0.0
2014-10-05T06:30,0.0
2014-10-05T06:45,0.0
2014-10-05T07:00,0.0
2014-10-05T07:15,249.954
2014-10-05T07:30,499.908
2014-10-05T07:45,749.862
2014-10-05T08:00,999.816
2014-10-05T08:15,1354.378
2014-10-05T08:30,1708.939
2014-10-05T08:45,2063.501
2014-10-05T09:00,2418.062
2014-10-05T09:15,2555.774
2014-10-05T09:30,2693.487
2014-10-05T09:45,2831.199
2014-10-05T10:00,2968.911
2014-10-05T10:15,3065.309
2014-10-05T10:30,3161.708
2014-10-05T10:45,3258.106
2014-10-05T11:00,3354.505
2014-10-05T11:15,3681.286
2014-10-05T11:30,4008.067
2014-10-05T11:45,4334.849
2014-10-05T12:00,4661.63
2014-10-05T12:15,4586.265
2014-10-05T12:30,4510.9
2014-10-05T12:45,4435.534
2014-10-05T13:00,4360.169
2014-10-05T13:15,4257.289
2014-10-05T13:30,4154.409
2014-10-05T13:45,4051.53
2014-10-05T14:00,3948.65
2014-10-05T14:15,3749.103
2014-10-05T14:30,3549.556
2014-10-05T14:45,3350.009
2014-10-05T15:00,3150.462
2014-10-05T15:15,2724.172
2014-10-05T15:30,2297.881
2014-10-05T15:45,1871.591
2014-10-05T16:00,1445.3
2014-10-05T16:15,1280.329
2014-10-05T16:30,1115.357
2014-10-05T16:45,950.385
2014-10-05T17:00,785.413
2014-10-05T17:15,589.06
2014-10-05T17:30,392.707
2014-10-05T17:45,196.353
2014-10-05T18:00,0.0
2014-10-05T18:15,0.0
2014-10-05T18:30,0.0
2014-10-05T18:45,0.0
2014-10-05T19:00,0.0
2014-10-05T19:15,0.0
2014-10-05T19:30,0.0
2014-10-05T19:45,0.0
2014-10-05T20:00,0.0
2014-10-05T20:15,0.0
2014-10-05T20:30,0.0
2014-10-05T20:45,0.0
2014-10-05T21:00,0.0
2014-10-05T21:15,0.0
2014-10-05T21:30,0.0
2014-10-05T21:45,0.0
2014-10-05T22:00,0.0
2014-10-05T22:15,0.0
2014-10-05T22:30,0.0
2014-10-05T22:45,0.0
2014-10-05T23:00,0.0
2014-10-05T23:15,0.0
2014-10-05T23:30,0.0
2014-10-05T23:45,0.0
2014-10-06T00:00,0.0
2014-10-06T00:15,0.0
2014-10-06T00:30,0.0
2014-10-06T00:45,0.0
2014-10-06T01:00,0.0
2014-10-06T01:15,0.0
2014-10-06T01:30,0.0
2014-10-06T01:45,0.0
2014-10-06T02:00,0.0
2014-10-06T02:15,0.0
2014-10-06T02:30,0.0
2014-10-06T02:45,0.0
2014-10-06T03:00,0.0
2014-10-06T03:15,0.0
2014-10-06T03:30,0.0
2014-10-06T03:45,0.0
2014-10-06T04:00,0.0
2014-10-06T04:15,0.0
2014-10-06T04:30,0.0
2014-10-06T04:45,0.0
2014-10-06T05:00,0.0
2014-10-06T05:15,0.0
2014-10-06T05:30,0.0
2014-10-06T05:45,0.0
2014-10-06T06:00,0.0
2014-10-06T06:15,0.0
2014-10-06T06:30,0.0
2014-10-06T06:45,0.0
2014-10-06T07:00,0.0
2014-10-06T07:15,234.281
2014-10-06T07:30,468.562
2014-10-06T07:45,702.843
2014-10-06T08:00,937.124
2014-10-06T08:15,919.815
2014-10-06T08:30,902.506
2014-10-06T08:45,885.197
2014-10-06T09:00,867.889
2014-10-06T09:15,1578.78
2014-10-06T09:30,2289.672
2014-10-06T09:45,3000.563
2014-10-06T10:00,3711.455
2014-10-06T10:15,3884.708
2014-10-06T10:30,4057.96
2014-10-06T10:45,4231.213
2014-10-06T11:00,4404.466
2014-10-06T11:15,4393.019
2014-10-06T11:30,4381.572
2014-10-06T11:45,4370.125
2014-10-06T12:00,4358.678
2014-10-06T12:15,4336.83
2014-10-06T12:30,4314.982
2014-10-06T12:45,4293.135
2014-10-06T13:00,4271.287
2014-10-06T13:15,4183.84
2014-10-06T13:30,4096.392
2014-10-06T13:45,4008.945
2014-10-06T14:00,3921.498
2014-10-06T14:15,3717.592
2014-10-06T14:30,3513.686
2014-10-06T14:45,3309.78
2014-10-06T15:00,3105.873
2014-10-06T15:15,2815.331
2014-10-06T15:30,2524.79
2014-10-06T15:45,2234.248
2014-10-06T16:00,1943.706
2014-10-06T16:15,1635.932
2014-10-06T16:30,1328.159
2014-10-06T16:45,1020.385
2014-10-06T17:00,712.612
2014-10-06T17:15,534.459
2014-10-06T17:30,356.306
2014-10-06T17:45,178.153
2014-10-06T18:00,0.0
2014-10-06T18:15,0.0
2014-10-06T18:30,0.0
2014-10-06T18:45,0.0
2014-10-06T19:00,0.0
2014-10-06T19:15,0.0
2014-10-06T19:30,0.0
2014-10-06T19:45,0.0
2014-10-06T20:00,0.0
2014-10-06T20:15,0.0
2014-10-06T20:30,0.0
2014-10-06T20:45,0.0
2014-10-06T21:00,0.0
2014-10-06T21:15,0.0
2014-10-06T21:30,0.0
2014-10-06T21:45,0.0
2014-10-06T22:00,0.0
2014-10-06T22:15,0.0
2014-10-06T22:30,0.0
2014-10-06T22:45,0.0
2014-10-06T23:00,0.0
2014-10-06T23:15,0.0
2014-10-06T23:30,0.0
2014-10-06T23:45,0.0
2014-10-07T00:00,0.0
2014-10-07T00:15,0.0
2014-10-07T00:30,0.0
2014-10-07T00:45,0.0
2014-10-07T01:00,0.0
2014-10-07T01:15,0.0
2014-10-07T01:30,0.0
2014-10-07T01:45,0.0
2014-10-07T02:00,0.0
2014-10-07T02:15,0.0
2014-10-07T02:30,0.0
2014-10-07T02:45,0.0
2014-10-07T03:00,0.0
2014-10-07T03:15,0.0
2014-10-07T03:30,0.0
2014-10-07T03:45,0.0
2014-10-07T04:00,0.0
2014-10-07T04:15,0.0
2014-10-07T04:30,0.0
2014-10-07T04:45,0.0
2014-10-07T05:00,0.0
2014-10-07T05:15,0.0
2014-10-07T05:30,0.0
2014-10-07T05:45,0.0
2014-10-07T06:00,0.0
2014-10-07T06:15,0.0
2014-10-07T06:30,0.0
2014-10-07T06:45,0.0
2014-10-07T07:00,0.0
2014-10-07T07:15,143.333
2014-10-07T07:30,286.665
2014-10-07T07:45,429.998
2014-10-07T08:00,573.33
2014-10-07T08:15,960.633
2014-10-07T08:30,1347.936
2014-10-07T08:45,1735.239
2014-10-07T09:00,2122.542
2014-10-07T09:15,2421.144
2014-10-07T09:30,2719.746
2014-10-07T09:45,3018.347
2014-10-07T10:00,3316.949
2014-10-07T10:15,3530.464
2014-10-07T10:30,3743.979
2014-10-07T10:45,3957.494
2014-10-07T11:00,4171.009
2014-10-07T11:15,4253.873
2014-10-07T11:30,4336.737
2014-10-07T11:45,4419.602
2014-10-07T12:00,4502.466
2014-10-07T12:15,4576.534
2014-10-07T12:30,4650.602
2014-10-07T12:45,4724.67
2014-10-07T13:00,4798.739
2014-10-07T13:15,4742.155
2014-10-07T13:30,4685.571
2014-10-07T13:45,4628.987
2014-10-07T14:00,4572.403
2014-10-07T14:15,4375.11
2014-10-07T14:30,4177.817
2014-10-07T14:45,3980.524
2014-10-07T15:00,3783.231
2014-10-07T15:15,3318.389
2014-10-07T15:30,2853.548
2014-10-07T15:45,2388.706
2014-10-07T16:00,1923.865
2014-10-07T16:15,1554.759
2014-10-07T16:30,1185.653
2014-10-07T16:45,816.548
2014-10-07T17:00,447.442
2014-10-07T17:15,335.582
2014-10-07T17:30,223.721
2014-10-07T17:45,111.861
2014-10-07T18:00,0.0
2014-10-07T18:15,0.0
2014-10-07T18:30,0.0
2014-10-07T18:45,0.0
2014-10-07T19:00,0.0
2014-10-07T19:15,0.0
2014-10-07T19:30,0.0
2014-10-07T19:45,0.0
2014-10-07T20:00,0.0
2014-10-07T20:15,0.0
2014-10-07T20:30,0.0
2014-10-07T20:45,0.0
2014-10-07T21:00,0.0
2014-10-07T21:15,0.0
2014-10-07T21:30,0.0
2014-10-07T21:45,0.0
2014-10-07T22:00,0.0
2014-10-07T22:15,0.0
2014-10-07T22:30,0.0
2014-10-07T22:45,0.0
2014-10-07T23:00,0.0
2014-10-07T23:15,0.0
2014-10-07T23:30,0.0
2014-10-07T23:45,0.0
2014-10-08T00:00,0.0
2014-10-08T00:15,0.0
2014-10-08T00:30,0.0
2014-10-08T00:45,0.0
2014-10-08T01:00,0.0
2014-10-08T01:15,0.0
2014-10-08T01:30,0.0
2014-10-08T01:45,0.0
2014-10-08T02:00,0.0
2014-10-08T02:15,0.0
2014-10-08T02:30,0.0
2014-10-08T02:45,0.0
2014-10-08T03:00,0.0
2014-10-08T03:15,0.0
2014-10-08T03:30,0.0
2014-10-08T03:45,0.0
2014-10-08T04:00,0.0
2014-10-08T04:15,0.0
2014-10-08T04:30,0.0
2014-10-08T04:45,0.0
2014-10-08T05:00,0.0
2014-10-08T05:15,0.0
2014-10-08T05:30,0.0
2014-10-08T05:45,0.0
2014-10-08T06:00,0.0
2014-10-08T06:15,0.0
2014-10-08T06:30,0.0
2014-10-08T06:45,0.0
2014-10-08T07:00,0.0
2014-10-08T07:15,32.233
2014-10-08T07:30,64.466
2014-10-08T07:45,96.699
2014-10-08T08:00,128.932
2014-10-08T08:15,143.358
2014-10-08T08:30,157.785
2014-10-08T08:45,172.211
2014-10-08T09:00,186.638
2014-10-08T09:15,323.175
2014-10-08T09:30,459.712
2014-10-08T09:45,596.249
2014-10-08T10:00,732.786
2014-10-08T10:15,753.009
2014-10-08T10:30,773.232
2014-10-08T10:45,793.455
2014-10-08T11:00,813.678
2014-10-08T11:15,895.597
2014-10-08T11:30,977.516
2014-10-08T11:45,1059.435
2014-10-08T12:00,1141.354
2014-10-08T12:15,1183.162
2014-10-08T12:30,1224.971
2014-10-08T12:45,1266.779
2014-10-08T13:00,1308.588
2014-10-08T13:15,1471.621
2014-10-08T13:30,1634.654
2014-10-08T13:45,1797.687
2014-10-08T14:00,1960.721
2014-10-08T14:15,1914.709
2014-10-08T14:30,1868.698
2014-10-08T14:45,1822.686
2014-10-08T15:00,1776.675
2014-10-08T15:15,1591.539
2014-10-08T15:30,1406.404
2014-10-08T15:45,1221.268
2014-10-08T16:00,1036.133
2014-10-08T16:15,778.105
2014-10-08T16:30,520.077
2014-10-08T16:45,262.05
2014-10-08T17:00,4.022
2014-10-08T17:15,3.016
2014-10-08T17:30,2.011
2014-10-08T17:45,1.005
2014-10-08T18:00,0.0
2014-10-08T18:15,0.0
2014-10-08T18:30,0.0
2014-10-08T18:45,0.0
2014-10-08T19:00,0.0
2014-10-08T19:15,0.0
2014-10-08T19:30,0.0
2014-10-08T19:45,0.0
2014-10-08T20:00,0.0
2014-10-08T20:15,0.0
2014-10-08T20:30,0.0
2014-10-08T20:45,0.0
2014-10-08T21:00,0.0
2014-10-08T21:15,0.0
2014-10-08T21:30,0.0
2014-10-08T21:45,0.0
2014-10-08T22:00,0.0
2014-10-08T22:15,0.0
2014-10-08T22:30,0.0
2014-10-08T22:45,0.0
2014-10-08T23:00,0.0
2014-10-08T23:15,0.0
2014-10-08T23:30,0.0
2014-10-08T23:45,0.0
2014-10-09T00:00,0.0
2014-10-09T00:15,0.0
2014-10-09T00:30,0.0
2014-10-09T00:45,0.0
2014-10-09T01:00,0.0
2014-10-09T01:15,0.0
2014-10-09T01:30,0.0
2014-10-09T01:45,0.0
2014-10-09T02:00,0.0
2014-10-09T02:15,0.0
2014-10-09T02:30,0.0
2014-10-09T02:45,0.0
2014-10-09T03:00,0.0
2014-10-09T03:15,0.0
2014-10-09T03:30,0.0
2014-10-09T03:45,0.0
2014-10-09T04:00,0.0
2014-10-09T04:15,0.0
2014-10-09T04:30,0.0
2014-10-09T04:45,0.0
2014-10-09T05:00,0.0
2014-10-09T05:15,0.0
2014-10-09T05:30,0.0
2014-10-09T05:45,0.0
2014-10-09T06:00,0.0
2014-10-09T06:15,0.0
2014-10-09T06:30,0.0
2014-10-09T06:45,0.0
2014-10-09T07:00,0.0
2014-10-09T07:15,26.536
2014-10-09T07:30,53.072
2014-10-09T07:45,79.608
2014-10-09T08:00,106.143
2014-10-09T08:15,171.152
2014-10-09T08:30,236.16
2014-10-09T08:45,301.168
2014-10-09T09:00,366.176
2014-10-09T09:15,622.464
2014-10-09T09:30,878.751
2014-10-09T09:45,1135.039
2014-10-09T10:00,1391.327
2014-10-09T10:15,1886.447
2014-10-09T10:30,2381.567
2014-10-09T10:45,2876.688
2014-10-09T11:00,3371.808
2014-10-09T11:15,2726.832
2014-10-09T11:30,2081.855
2014-10-09T11:45,1436.879
2014-10-09T12:00,791.903
2014-10-09T12:15,684.386
2014-10-09T12:30,576.869
2014-10-09T12:45,469.353
2014-10-09T13:00,361.836
2014-10-09T13:15,327.554
2014-10-09T13:30,293.273
2014-10-09T13:45,258.992
2014-10-09T14:00,224.71
2014-10-09T14:15,246.145
2014-10-09T14:30,267.579
2014-10-09T14:45,289.014
2014-10-09T15:00,310.448
2014-10-09T15:15,276.855
2014-10-09T15:30,243.262
2014-10-09T15:45,209.669
2014-10-09T16:00,176.076
2014-10-09T16:15,132.057
2014-10-09T16:30,88.038
2014-10-09T16:45,44.019
2014-10-09T17:00,0.0
2014-10-09T17:15,0.0
2014-10-09T17:30,0.0
2014-10-09T17:45,0.0
2014-10-09T18:00,0.0
2014-10-09T18:15,0.0
2014-10-09T18:30,0.0
2014-10-09T18:45,0.0
2014-10-09T19:00,0.0
2014-10-09T19:15,0.0
2014-10-09T19:30,0.0
2014-10-09T19:45,0.0
2014-10-09T20:00,0.0
2014-10-09T20:15,0.0
2014-10-09T20:30,0.0
2014-10-09T20:45,0.0
2014-10-09T21:00,0.0
2014-10-09T21:15,0.0
2014-10-09T21:30,0.0
2014-10-09T21:45,0.0
2014-10-09T22:00,0.0
2014-10-09T22:15,0.0
2014-10-09T22:30,0.0
2014-10-09T22:45,0.0
2014-10-09T23:00,0.0
2014-10-09T23:15,0.0
2014-10-09T23:30,0.0
2014-10-09T23:45,0.0
2014-10-10T00:00,0.0
2014-10-10T00:15,0.0
2014-10-10T00:30,0.0
2014-10-10T00:45,0.0
2014-10-10T01:00,0.0
2014-10-10T01:15,0.0
2014-10-10T01:30,0.0
2014-10-10T01:45,0.0
2014-10-10T02:00,0.0
2014-10-10T02:15,0.0
2014-10-10T02:30,0.0
2014-10-10T02:45,0.0
2014-10-10T03:00,0.0
2014-10-10T03:15,0.0
2014-10-10T03:30,0.0
2014-10-10T03:45,0.0
2014-10-10T04:00,0.0
2014-10-10T04:15,0.0
2014-10-10T04:30,0.0
2014-10-10T04:45,0.0
2014-10-10T05:00,0.0
2014-10-10T05:15,0.0
2014-10-10T05:30,0.0
2014-10-10T05:45,0.0
2014-10-10T06:00,0.0
2014-10-10T06:15,0.0
2014-10-10T06:30,0.0
2014-10-10T06:45,0.0
2014-10-10T07:00,0.0
2014-10-10T07:15,0.0
2014-10-10T07:30,0.0
2014-10-10T07:45,0.0
2014-10-10T08:00,0.0
2014-10-10T08:15,63.984
2014-10-10T08:30,127.968
2014-10-10T08:45,191.952
2014-10-10T09:00,255.935
2014-10-10T09:15,297.957
2014-10-10T09:30,339.979
2014-10-10T09:45,382.0
2014-10-10T10:00,424.022
2014-10-10T10:15,396.292
2014-10-10T10:30,368.562
2014-10-10T10:45,340.832
2014-10-10T11:00,313.102
2014-10-10T11:15,353.525
2014-10-10T11:30,393.948
2014-10-10T11:45,434.371
2014-10-10T12:00,474.794
2014-10-10T12:15,489.68
2014-10-10T12:30,504.566
2014-10-10T12:45,519.451
2014-10-10T13:00,534.337
2014-10-10T13:15,606.262
2014-10-10T13:30,678.187
2014-10-10T13:45,750.112
2014-10-10T14:00,822.037
2014-10-10T14:15,798.41
2014-10-10T14:30,774.782
2014-10-10T14:45,751.155
2014-10-10T15:00,727.528
2014-10-10T15:15,582.749
2014-10-10T15:30,437.969
2014-10-10T15:45,293.19
2014-10-10T16:00,148.41
2014-10-10T16:15,111.308
2014-10-10T16:30,74.205
2014-10-10T16:45,37.103
2014-10-10T17:00,0.0
2014-10-10T17:15,0.0
2014-10-10T17:30,0.0
2014-10-10T17:45,0.0
2014-10-10T18:00,0.0
2014-10-10T18:15,0.0
2014-10-10T18:30,0.0
2014-10-10T18:45,0.0
2014-10-10T19:00,0.0
2014-10-10T19:15,0.0
2014-10-10T19:30,0.0
2014-10-10T19:45,0.0
2014-10-10T20:00,0.0
2014-10-10T20:15,0.0
2014-10-10T20:30,0.0
2014-10-10T20:45,0.0
2014-10-10T21:00,0.0
2014-10-10T21:15,0.0
2014-10-10T21:30,0.0
2014-10-10T21:45,0.0
2014-10-10T22:00,0.0
2014-10-10T22:15,0.0
2014-10-10T22:30,0.0
2014-10-10T22:45,0.0
2014-10-10T23:00,0.0
2014-10-10T23:15,0.0
2014-10-10T23:30,0.0
2014-10-10T23:45,0.0
2014-10-11T00:00,0.0
2014-10-11T00:15,0.0
2014-10-11T00:30,0.0
2014-10-11T00:45,0.0
2014-10-11T01:00,0.0
2014-10-11T01:15,0.0
2014-10-11T01:30,0.0
2014-10-11T01:45,0.0
2014-10-11T02:00,0.0
2014-10-11T02:15,0.0
2014-10-11T02:30,0.0
2014-10-11T02:45,0.0
2014-10-11T03:00,0.0
2014-10-11T03:15,0.0
2014-10-11T03:30,0.0
2014-10-11T03:45,0.0
2014-10-11T04:00,0.0
2014-10-11T04:15,0.0
2014-10-11T04:30,0.0
2014-10-11T04:45,0.0
2014-10-11T05:00,0.0
2014-10-11T05:15,0.0
2014-10-11T05:30,0.0
2014-10-11T05:45,0.0
2014-10-11T06:00,0.0
2014-10-11T06:15,0.0
2014-10-11T06:30,0.0
2014-10-11T06:45,0.0
2014-10-11T07:00,0.0
2014-10-11T07:15,31.127
2014-10-11T07:30,62.254
2014-10-11T07:45,93.381
2014-10-11T08:00,124.508
2014-10-11T08:15,248.932
2014-10-11T08:30,373.357
2014-10-11T08:45,497.782
2014-10-11T09:00,622.206
2014-10-11T09:15,883.783
2014-10-11T09:30,1145.36
2014-10-11T09:45,1406.937
2014-10-11T10:00,1668.514
2014-10-11T10:15,1950.622
2014-10-11T10:30,2232.73
2014-10-11T10:45,2514.838
2014-10-11T11:00,2796.945
2014-10-11T11:15,2687.144
2014-10-11T11:30,2577.342
2014-10-11T11:45,2467.541
2014-10-11T12:00,2357.739
2014-10-11T12:15,2313.296
2014-10-11T12:30,2268.854
2014-10-11T12:45,2224.411
2014-10-11T13:00,2179.968
2014-10-11T13:15,1919.122
2014-10-11T13:30,1658.275
2014-10-11T13:45,1397.429
2014-10-11T14:00,1136.582
2014-10-11T14:15,1136.093
2014-10-11T14:30,1135.605
2014-10-11T14:45,1135.116
2014-10-11T15:00,1134.628
2014-10-11T15:15,920.827
2014-10-11T15:30,707.026
2014-10-11T15:45,493.224
2014-10-11T16:00,279.423
2014-10-11T16:15,331.349
2014-10-11T16:30,383.275
2014-10-11T16:45,435.201
2014-10-11T17:00,487.127
2014-10-11T17:15,365.345
2014-10-11T17:30,243.563
2014-10-11T17:45,121.782
2014-10-11T18:00,0.0
2014-10-11T18:15,0.0
2014-10-11T18:30,0.0
2014-10-11T18:45,0.0
2014-10-11T19:00,0.0
2014-10-11T19:15,0.0
2014-10-11T19:30,0.0
2014-10-11T19:45,0.0
2014-10-11T20:00,0.0
2014-10-11T20:15,0.0
2014-10-11T20:30,0.0
2014-10-11T20:45,0.0
2014-10-11T21:00,0.0
2014-10-11T21:15,0.0
2014-10-11T21:30,0.0
2014-10-11T21:45,0.0
2014-10-11T22:00,0.0
2014-10-11T22:15,0.0
2014-10-11T22:30,0.0
2014-10-11T22:45,0.0
2014-10-11T23:00,0.0
2014-10-11T23:15,0.0
2014-10-11T23:30,0.0
2014-10-11T23:45,0.0
2014-10-12T00:00,0.0
2014-10-12T00:15,0.0
2014-10-12T00:30,0.0
2014-10-12T00:45,0.0
2014-10-12T01:00,0.0
2014-10-12T01:15,0.0
2014-10-12T01:30,0.0
2014-10-12T01:45,0.0
2014-10-12T02:00,0.0
2014-10-12T02:15,0.0
2014-10-12T02:30,0.0
2014-10-12T02:45,0.0
2014-10-12T03:00,0.0
2014-10-12T03:15,0.0
2014-10-12T03:30,0.0
2014-10-12T03:45,0.0
2014-10-12T04:00,0.0
2014-10-12T04:15,0.0
2014-10-12T04:30,0.0
2014-10-12T04:45,0.0
2014-10-12T05:00,0.0
2014-10-12T05:15,0.0
2014-10-12T05:30,0.0
2014-10-12T05:45,0.0
2014-10-12T06:00,0.0
2014-10-12T06:15,0.0
2014-10-12T06:30,0.0
2014-10-12T06:45,0.0
2014-10-12T07:00,0.0
2014-10-12T07:15,6.742
2014-10-12T07:30,13.485
2014-10-12T07:45,20.227
2014-10-12T08:00,26.97
2014-10-12T08:15,184.23
2014-10-12T08:30,341.49
2014-10-12T08:45,498.75
2014-10-12T09:00,656.011
2014-10-12T09:15,787.513
2014-10-12T09:30,919.015
2014-10-12T09:45,1050.517
2014-10-12T10:00,1182.019
2014-10-12T10:15,1372.259
2014-10-12T10:30,1562.499
2014-10-12T10:45,1752.739
2014-10-12T11:00,1942.979
2014-10-12T11:15,1904.023
2014-10-12T11:30,1865.067
2014-10-12T11:45,1826.111
2014-10-12T12:00,1787.155
2014-10-12T12:15,1753.062
2014-10-12T12:30,1718.968
2014-10-12T12:45,1684.874
2014-10-12T13:00,1650.78
2014-10-12T13:15,1953.319
2014-10-12T13:30,2255.858
2014-10-12T13:45,2558.397
2014-10-12T14:00,2860.936
2014-10-12T14:15,2809.549
2014-10-12T14:30,2758.161
2014-10-12T14:45,2706.774
2014-10-12T15:00,2655.387
2014-10-12T15:15,2493.525
2014-10-12T15:30,2331.662
2014-10-12T15:45,2169.8
2014-10-12T16:00,2007.938
2014-10-12T16:15,1670.737
2014-10-12T16:30,1333.536
2014-10-12T16:45,996.335
2014-10-12T17:00,659.134
2014-10-12T17:15,494.35
2014-10-12T17:30,329.567
2014-10-12T17:45,164.783
2014-10-12T18:00,0.0
2014-10-12T18:15,0.0
2014-10-12T18:30,0.0
2014-10-12T18:45,0.0
2014-10-12T19:00,0.0
2014-10-12T19:15,0.0
2014-10-12T19:30,0.0
2014-10-12T19:45,0.0
2014-10-12T20:00,0.0
2014-10-12T20:15,0.0
2014-10-12T20:30,0.0
2014-10-12T20:45,0.0
2014-10-12T21:00,0.0
2014-10-12T21:15,0.0
2014-10-12T21:30,0.0
2014-10-12T21:45,0.0
2014-10-12T22:00,0.0
2014-10-12T22:15,0.0
2014-10-12T22:30,0.0
2014-10-12T22:45,0.0
2014-10-12T23:00,0.0
2014-10-12T23:15,0.0
2014-10-12T23:30,0.0
2014-10-12T23:45,0.0
2014-10-13T00:00,0.0
2014-10-13T00:15,0.0
2014-10-13T00:30,0.0
2014-10-13T00:45,0.0
2014-10-13T01:00,0.0
2014-10-13T01:15,0.0
2014-10-13T01:30,0.0
2014-10-13T01:45,0.0
2014-10-13T02:00,0.0
2014-10-13T02:15,0.0
2014-10-13T02:30,0.0
2014-10-13T02:45,0.0
2014-10-13T03:00,0.0
2014-10-13T03:15,0.0
2014-10-13T03:30,0.0
2014-10-13T03:45,0.0
2014-10-13T04:00,0.0
2014-10-13T04:15,0.0
2014-10-13T04:30,0.0
2014-10-13T04:45,0.0
2014-10-13T05:00,0.0
2014-10-13T05:15,0.0
2014-10-13T05:30,0.0
2014-10-13T05:45,0.0
2014-10-13T06:00,0.0
2014-10-13T06:15,0.0
2014-10-13T06:30,0.0
2014-10-13T06:45,0.0
2014-10-13T07:00,0.0
2014-10-13T07:15,136.765
2014-10-13T07:30,273.531
2014-10-13T07:45,410.296
2014-10-13T08:00,547.061
2014-10-13T08:15,784.27
2014-10-13T08:30,1021.479
2014-10-13T08:45,1258.688
2014-10-13T09:00,1495.897
2014-10-13T09:15,1460.34
2014-10-13T09:30,1424.783
2014-10-13T09:45,1389.226
2014-10-13T10:00,1353.669
2014-10-13T10:15,1471.898
2014-10-13T10:30,1590.127
2014-10-13T10:45,1708.355
2014-10-13T11:00,1826.584
2014-10-13T11:15,2431.948
2014-10-13T11:30,3037.312
2014-10-13T11:45,3642.677
2014-10-13T12:00,4248.041
2014-10-13T12:15,4291.304
2014-10-13T12:30,4334.567
2014-10-13T12:45,4377.83
2014-10-13T13:00,4421.093
2014-10-13T13:15,4307.47
2014-10-13T13:30,4193.848
2014-10-13T13:45,4080.225
2014-10-13T14:00,3966.603
2014-10-13T14:15,3763.203
2014-10-13T14:30,3559.803
2014-10-13T14:45,3356.403
2014-10-13T15:00,3153.002
2014-10-13T15:15,2864.671
2014-10-13T15:30,2576.339
2014-10-13T15:45,2288.008
2014-10-13T16:00,1999.676
2014-10-13T16:15,1627.835
2014-10-13T16:30,1255.993
2014-10-13T16:45,884.152
2014-10-13T17:00,512.31
2014-10-13T17:15,384.233
2014-10-13T17:30,256.155
2014-10-13T17:45,128.078
2014-10-13T18:00,0.0
2014-10-13T18:15,0.0
2014-10-13T18:30,0.0
2014-10-13T18:45,0.0
2014-10-13T19:00,0.0
2014-10-13T19:15,0.0
2014-10-13T19:30,0.0
2014-10-13T19:45,0.0
2014-10-13T20:00,0.0
2014-10-13T20:15,0.0
2014-10-13T20:30,0.0
2014-10-13T20:45,0.0
2014-10-13T21:00,0.0
2014-10-13T21:15,0.0
2014-10-13T21:30,0.0
2014-10-13T21:45,0.0
2014-10-13T22:00,0.0
2014-10-13T22:15,0.0
2014-10-13T22:30,0.0
2014-10-13T22:45,0.0
2014-10-13T23:00,0.0
2014-10-13T23:15,0.0
2014-10-13T23:30,0.0
2014-10-13T23:45,0.0
2014-10-14T00:00,0.0
2014-10-14T00:15,0.0
2014-10-14T00:30,0.0
2014-10-14T00:45,0.0
2014-10-14T01:00,0.0
2014-10-14T01:15,0.0
2014-10-14T01:30,0.0
2014-10-14T01:45,0.0
2014-10-14T02:00,0.0
2014-10-14T02:15,0.0
2014-10-14T02:30,0.0
2014-10-14T02:45,0.0
2014-10-14T03:00,0.0
2014-10-14T03:15,0.0
2014-10-14T03:30,0.0
2014-10-14T03:45,0.0
2014-10-14T04:00,0.0
2014-10-14T04:15,0.0
2014-10-14T04:30,0.0
2014-10-14T04:45,0.0
2014-10-14T05:00,0.0
2014-10-14T05:15,0.0
2014-10-14T05:30,0.0
2014-10-14T05:45,0.0
2014-10-14T06:00,0.0
2014-10-14T06:15,0.0
2014-10-14T06:30,0.0
2014-10-14T06:45,0.0
2014-10-14T07:00,0.0
2014-10-14T07:15,125.182
2014-10-14T07:30,250.364
2014-10-14T07:45,375.546
2014-10-14T08:00,500.728
2014-10-14T08:15,791.147
2014-10-14T08:30,1081.566
2014-10-14T08:45,1371.985
2014-10-14T09:00,1662.404
2014-10-14T09:15,2003.105
2014-10-14T09:30,2343.806
2014-10-14T09:45,2684.507
2014-10-14T10:00,3025.208
2014-10-14T10:15,3233.683
2014-10-14T10:30,3442.157
2014-10-14T10:45,3650.632
2014-10-14T11:00,3859.106
2014-10-14T11:15,3929.604
2014-10-14T11:30,4000.101
2014-10-14T11:45,4070.598
2014-10-14T12:00,4141.095
2014-10-14T12:15,4170.959
2014-10-14T12:30,4200.822
2014-10-14T12:45,4230.685
2014-10-14T13:00,4260.548
2014-10-14T13:15,4164.623
2014-10-14T13:30,4068.698
2014-10-14T13:45,3972.773
2014-10-14T14:00,3876.848
2014-10-14T14:15,3676.85
2014-10-14T14:30,3476.852
2014-10-14T14:45,3276.854
2014-10-14T15:00,3076.856
2014-10-14T15:15,2796.203
2014-10-14T15:30,2515.549
2014-10-14T15:45,2234.895
2014-10-14T16:00,1954.241
2014-10-14T16:15,1632.678
2014-10-14T16:30,1311.115
2014-10-14T16:45,989.552
2014-10-14T17:00,667.989
2014-10-14T17:15,500.992
2014-10-14T17:30,333.995
2014-10-14T17:45,166.997
2014-10-14T18:00,0.0
2014-10-14T18:15,0.0
2014-10-14T18:30,0.0
2014-10-14T18:45,0.0
2014-10-14T19:00,0.0
2014-10-14T19:15,0.0
2014-10-14T19:30,0.0
2014-10-14T19:45,0.0
2014-10-14T20:00,0.0
2014-10-14T20:15,0.0
2014-10-14T20:30,0.0
2014-10-14T20:45,0.0
2014-10-14T21:00,0.0
2014-10-14T21:15,0.0
2014-10-14T21:30,0.0
2014-10-14T21:45,0.0
2014-10-14T22:00,0.0
2014-10-14T22:15,0.0
2014-10-14T22:30,0.0
2014-10-14T22:45,0.0
2014-10-14T23:00,0.0
2014-10-14T23:15,0.0
2014-10-14T23:30,0.0
2014-10-14T23:45,0.0
2014-10-15T00:00,0.0
2014-10-15T00:15,0.0
2014-10-15T00:30,0.0
2014-10-15T00:45,0.0
2014-10-15T01:00,0.0
2014-10-15T01:15,0.0
2014-10-15T01:30,0.0
2014-10-15T01:45,0.0
2014-10-15T02:00,0.0
2014-10-15T02:15,0.0
2014-10-15T02:30,0.0
2014-10-15T02:45,0.0
2014-10-15T03:00,0.0
2014-10-15T03:15,0.0
2014-10-15T03:30,0.0
2014-10-15T03:45,0.0
2014-10-15T04:00,0.0
2014-10-15T04:15,0.0
2014-10-15T04:30,0.0
2014-10-15T04:45,0.0
2014-10-15T05:00,0.0
2014-10-15T05:15,0.0
2014-10-15T05:30,0.0
2014-10-15T05:45,0.0
2014-10-15T06:00,0.0
2014-10-15T06:15,0.0
2014-10-15T06:30,0.0
2014-10-15T06:45,0.0
2014-10-15T07:00,0.0
2014-10-15T07:15,120.613
2014-10-15T07:30,241.226
2014-10-15T07:45,361.839
2014-10-15T08:00,482.452
2014-10-15T08:15,785.709
2014-10-15T08:30,1088.967
2014-10-15T08:45,1392.224
2014-10-15T09:00,1695.482
2014-10-15T09:15,1987.112
2014-10-15T09:30,2278.741
2014-10-15T09:45,2570.371
2014-10-15T10:00,2862.001
2014-10-15T10:15,3063.833
2014-10-15T10:30,3265.666
2014-10-15T10:45,3467.498
2014-10-15T11:00,3669.331
2014-10-15T11:15,3805.656
2014-10-15T11:30,3941.982
2014-10-15T11:45,4078.308
2014-10-15T12:00,4214.634
2014-10-15T12:15,3951.402
2014-10-15T12:30,3688.171
2014-10-15T12:45,3424.94
2014-10-15T13:00,3161.709
2014-10-15T13:15,2857.931
2014-10-15T13:30,2554.153
2014-10-15T13:45,2250.375
2014-10-15T14:00,1946.597
2014-10-15T14:15,1765.923
2014-10-15T14:30,1585.25
2014-10-15T14:45,1404.576
2014-10-15T15:00,1223.902
2014-10-15T15:15,1259.489
2014-10-15T15:30,1295.076
2014-10-15T15:45,1330.662
2014-10-15T16:00,1366.249
2014-10-15T16:15,1131.676
2014-10-15T16:30,897.103
2014-10-15T16:45,662.53
2014-10-15T17:00,427.957
2014-10-15T17:15,320.967
2014-10-15T17:30,213.978
2014-10-15T17:45,106.989
2014-10-15T18:00,0.0
2014-10-15T18:15,0.0
2014-10-15T18:30,0.0
2014-10-15T18:45,0.0
2014-10-15T19:00,0.0
2014-10-15T19:15,0.0
2014-10-15T19:30,0.0
2014-10-15T19:45,0.0
2014-10-15T20:00,0.0
2014-10-15T20:15,0.0
2014-10-15T20:30,0.0
2014-10-15T20:45,0.0
2014-10-15T21:00,0.0
2014-10-15T21:15,0.0
2014-10-15T21:30,0.0
2014-10-15T21:45,0.0
2014-10-15T22:00,0.0
2014-10-15T22:15,0.0
2014-10-15T22:30,0.0
2014-10-15T22:45,0.0
2014-10-15T23:00,0.0
2014-10-15T23:15,0.0
2014-10-15T23:30,0.0
2014-10-15T23:45,0.0
2014-10-16T00:00,0.0
2014-10-16T00:15,0.0
2014-10-16T00:30,0.0
2014-10-16T00:45,0.0
2014-10-16T01:00,0.0
2014-10-16T01:15,0.0
2014-10-16T01:30,0.0
2014-10-16T01:45,0.0
2014-10-16T02:00,0.0
2014-10-16T02:15,0.0
2014-10-16T02:30,0.0
2014-10-16T02:45,0.0
2014-10-16T03:00,0.0
2014-10-16T03:15,0.0
2014-10-16T03:30,0.0
2014-10-16T03:45,0.0
2014-10-16T04:00,0.0
2014-10-16T04:15,0.0
2014-10-16T04:30,0.0
2014-10-16T04:45,0.0
2014-10-16T05:00,0.0
2014-10-16T05:15,0.0
2014-10-16T05:30,0.0
2014-10-16T05:45,0.0
2014-10-16T06:00,0.0
2014-10-16T06:15,0.0
2014-10-16T06:30,0.0
2014-10-16T06:45,0.0
2014-10-16T07:00,0.0
2014-10-16T07:15,111.206
2014-10-16T07:30,222.412
2014-10-16T07:45,333.618
2014-10-16T08:00,444.824
2014-10-16T08:15,758.349
2014-10-16T08:30,1071.874
2014-10-16T08:45,1385.399
2014-10-16T09:00,1698.924
2014-10-16T09:15,1999.351
2014-10-16T09:30,2299.778
2014-10-16T09:45,2600.205
2014-10-16T10:00,2900.632
2014-10-16T10:15,3117.837
2014-10-16T10:30,3335.042
2014-10-16T10:45,3552.246
2014-10-16T11:00,3769.451
2014-10-16T11:15,3883.078
2014-10-16T11:30,3996.705
2014-10-16T11:45,4110.331
2014-10-16T12:00,4223.958
2014-10-16T12:15,4233.521
2014-10-16T12:30,4243.084
2014-10-16T12:45,4252.648
2014-10-16T13:00,4262.211
2014-10-16T13:15,4175.425
2014-10-16T13:30,4088.638
2014-10-16T13:45,4001.852
2014-10-16T14:00,3915.066
2014-10-16T14:15,3720.236
2014-10-16T14:30,3525.407
2014-10-16T14:45,3330.578
2014-10-16T15:00,3135.748
2014-10-16T15:15,2848.65
2014-10-16T15:30,2561.553
2014-10-16T15:45,2274.455
2014-10-16T16:00,1987.357
2014-10-16T16:15,1625.529
2014-10-16T16:30,1263.701
2014-10-16T16:45,901.874
2014-10-16T17:00,540.046
2014-10-16T17:15,405.034
2014-10-16T17:30,270.023
2014-10-16T17:45,135.011
2014-10-16T18:00,0.0
2014-10-16T18:15,0.0
2014-10-16T18:30,0.0
2014-10-16T18:45,0.0
2014-10-16T19:00,0.0
2014-10-16T19:15,0.0
2014-10-16T19:30,0.0
2014-10-16T19:45,0.0
2014-10-16T20:00,0.0
2014-10-16T20:15,0.0
2014-10-16T20:30,0.0
2014-10-16T20:45,0.0
2014-10-16T21:00,0.0
2014-10-16T21:15,0.0
2014-10-16T21:30,0.0
2014-10-16T21:45,0.0
2014-10-16T22:00,0.0
2014-10-16T22:15,0.0
2014-10-16T22:30,0.0
2014-10-16T22:45,0.0
2014-10-16T23:00,0.0
2014-10-16T23:15,0.0
2014-10-16T23:30,0.0
2014-10-16T23:45,0.0
2014-10-17T00:00,0.0
2014-10-17T00:15,0.0
2014-10-17T00:30,0.0
2014-10-17T00:45,0.0
2014-10-17T01:00,0.0
2014-10-17T01:15,0.0
2014-10-17T01:30,0.0
2014-10-17T01:45,0.0
2014-10-17T02:00,0.0
2014-10-17T02:15,0.0
2014-10-17T02:30,0.0
2014-10-17T02:45,0.0
2014-10-17T03:00,0.0
2014-10-17T03:15,0.0
2014-10-17T03:30,0.0
2014-10-17T03:45,0.0
2014-10-17T04:00,0.0
2014-10-17T04:15,0.0
2014-10-17T04:30,0.0
2014-10-17T04:45,0.0
2014-10-17T05:00,0.0
2014-10-17T05:15,0.0
2014-10-17T05:30,0.0
2014-10-17T05:45,0.0
2014-10-17T06:00,0.0
2014-10-17T06:15,0.0
2014-10-17T06:30,0.0
2014-10-17T06:45,0.0
2014-10-17T07:00,0.0
2014-10-17T07:15,110.756
2014-10-17T07:30,221.512
2014-10-17T07:45,332.267
2014-10-17T08:00,443.023
2014-10-17T08:15,742.084
2014-10-17T08:30,1041.145
2014-10-17T08:45,1340.207
2014-10-17T09:00,1639.268
2014-10-17T09:15,1950.096
2014-10-17T09:30,2260.924
2014-10-17T09:45,2571.752
2014-10-17T10:00,2882.58
2014-10-17T10:15,3102.815
2014-10-17T10:30,3323.051
2014-10-17T10:45,3543.287
2014-10-17T11:00,3763.522
2014-10-17T11:15,3887.276
2014-10-17T11:30,4011.029
2014-10-17T11:45,4134.782
2014-10-17T12:00,4258.535
2014-10-17T12:15,4262.104
2014-10-17T12:30,4265.673
2014-10-17T12:45,4269.242
2014-10-17T13:00,4272.812
2014-10-17T13:15,4178.07
2014-10-17T13:30,4083.329
2014-10-17T13:45,3988.587
2014-10-17T14:00,3893.846
2014-10-17T14:15,3690.232
2014-10-17T14:30,3486.619
2014-10-17T14:45,3283.006
2014-10-17T15:00,3079.392
2014-10-17T15:15,2781.535
2014-10-17T15:30,2483.677
2014-10-17T15:45,2185.82
2014-10-17T16:00,1887.963
2014-10-17T16:15,1529.85
2014-10-17T16:30,1171.738
2014-10-17T16:45,813.626
2014-10-17T17:00,455.514
2014-10-17T17:15,341.635
2014-10-17T17:30,227.757
2014-10-17T17:45,113.878
2014-10-17T18:00,0.0
2014-10-17T18:15,0.0
2014-10-17T18:30,0.0
2014-10-17T18:45,0.0
2014-10-17T19:00,0.0
2014-10-17T19:15,0.0
2014-10-17T19:30,0.0
2014-10-17T19:45,0.0
2014-10-17T20:00,0.0
2014-10-17T20:15,0.0
2014-10-17T20:30,0.0
2014-10-17T20:45,0.0
2014-10-17T21:00,0.0
2014-10-17T21:15,0.0
2014-10-17T21:30,0.0
2014-10-17T21:45,0.0
2014-10-17T22:00,0.0
2014-10-17T22:15,0.0
2014-10-17T22:30,0.0
2014-10-17T22:45,0.0
2014-10-17T23:00,0.0
2014-10-17T23:15,0.0
2014-10-17T23:30,0.0
2014-10-17T23:45,0.0
2014-10-18T00:00,0.0
2014-10-18T00:15,0.0
2014-10-18T00:30,0.0
2014-10-18T00:45,0.0
2014-10-18T01:00,0.0
2014-10-18T01:15,0.0
2014-10-18T01:30,0.0
2014-10-18T01:45,0.0
2014-10-18T02:00,0.0
2014-10-18T02:15,0.0
2014-10-18T02:30,0.0
2014-10-18T02:45,0.0
2014-10-18T03:00,0.0
2014-10-18T03:15,0.0
2014-10-18T03:30,0.0
2014-10-18T03:45,0.0
2014-10-18T04:00,0.0
2014-10-18T04:15,0.0
2014-10-18T04:30,0.0
2014-10-18T04:45,0.0
2014-10-18T05:00,0.0
2014-10-18T05:15,0.0
2014-10-18T05:30,0.0
2014-10-18T05:45,0.0
2014-10-18T06:00,0.0
2014-10-18T06:15,0.0
2014-10-18T06:30,0.0
2014-10-18T06:45,0.0
2014-10-18T07:00,0.0
2014-10-18T07:15,91.076
2014-10-18T07:30,182.153
2014-10-18T07:45,273.229
2014-10-18T08:00,364.305
2014-10-18T08:15,670.679
2014-10-18T08:30,977.053
2014-10-18T08:45,1283.426
2014-10-18T09:00,1589.8
2014-10-18T09:15,1902.727
2014-10-18T09:30,2215.653
2014-10-18T09:45,2528.58
2014-10-18T10:00,2841.507
2014-10-18T10:15,3055.068
2014-10-18T10:30,3268.629
2014-10-18T10:45,3482.19
2014-10-18T11:00,3695.751
2014-10-18T11:15,3840.252
2014-10-18T11:30,3984.753
2014-10-18T11:45,4129.254
2014-10-18T12:00,4273.754
2014-10-18T12:15,4278.734
2014-10-18T12:30,4283.714
2014-10-18T12:45,4288.693
2014-10-18T13:00,4293.673
2014-10-18T13:15,4189.922
2014-10-18T13:30,4086.171
2014-10-18T13:45,3982.419
2014-10-18T14:00,3878.668
2014-10-18T14:15,3662.607
2014-10-18T14:30,3446.546
2014-10-18T14:45,3230.484
2014-10-18T15:00,3014.423
2014-10-18T15:15,2710.845
2014-10-18T15:30,2407.267
2014-10-18T15:45,2103.689
2014-10-18T16:00,1800.111
2014-10-18T16:15,1447.264
2014-10-18T16:30,1094.417
2014-10-18T16:45,741.569
2014-10-18T17:00,388.722
2014-10-18T17:15,291.542
2014-10-18T17:30,194.361
2014-10-18T17:45,97.181
2014-10-18T18:00,0.0
2014-10-18T18:15,0.0
2014-10-18T18:30,0.0
2014-10-18T18:45,0.0
2014-10-18T19:00,0.0
2014-10-18T19:15,0.0
2014-10-18T19:30,0.0
2014-10-18T19:45,0.0
2014-10-18T20:00,0.0
2014-10-18T20:15,0.0
2014-10-18T20:30,0.0
2014-10-18T20:45,0.0
2014-10-18T21:00,0.0
2014-10-18T21:15,0.0
2014-10-18T21:30,0.0
2014-10-18T21:45,0.0
2014-10-18T22:00,0.0
2014-10-18T22:15,0.0
2014-10-18T22:30,0.0
2014-10-18T22:45,0.0
2014-10-18T23:00,0.0
2014-10-18T23:15,0.0
2014-10-18T23:30,0.0
2014-10-18T23:45,0.0
2014-10-19T00:00,0.0
2014-10-19T00:15,0.0
2014-10-19T00:30,0.0
2014-10-19T00:45,0.0
2014-10-19T01:00,0.0
2014-10-19T01:15,0.0
2014-10-19T01:30,0.0
2014-10-19T01:45,0.0
2014-10-19T02:00,0.0
2014-10-19T02:15,0.0
2014-10-19T02:30,0.0
2014-10-19T02:45,0.0
2014-10-19T03:00,0.0
2014-10-19T03:15,0.0
2014-10-19T03:30,0.0
2014-10-19T03:45,0.0
2014-10-19T04:00,0.0
2014-10-19T04:15,0.0
2014-10-19T04:30,0.0
2014-10-19T04:45,0.0
2014-10-19T05:00,0.0
2014-10-19T05:15,0.0
2014-10-19T05:30,0.0
2014-10-19T05:45,0.0
2014-10-19T06:00,0.0
2014-10-19T06:15,0.0
2014-10-19T06:30,0.0
2014-10-19T06:45,0.0
2014-10-19T07:00,0.0
2014-10-19T07:15,88.078
2014-10-19T07:30,176.157
2014-10-19T07:45,264.235
2014-10-19T08:00,352.314
2014-10-19T08:15,649.832
2014-10-19T08:30,947.35
2014-10-19T08:45,1244.869
2014-10-19T09:00,1542.387
2014-10-19T09:15,1852.494
2014-10-19T09:30,2162.601
2014-10-19T09:45,2472.708
2014-10-19T10:00,2782.814
2014-10-19T10:15,3005.588
2014-10-19T10:30,3228.362
2014-10-19T10:45,3451.136
2014-10-19T11:00,3673.91
2014-10-19T11:15,3793.508
2014-10-19T11:30,3913.106
2014-10-19T11:45,4032.704
2014-10-19T12:00,4152.302
2014-10-19T12:15,4150.397
2014-10-19T12:30,4148.493
2014-10-19T12:45,4146.589
2014-10-19T13:00,4144.684
2014-10-19T13:15,4052.486
2014-10-19T13:30,3960.287
2014-10-19T13:45,3868.089
2014-10-19T14:00,3775.89
2014-10-19T14:15,3553.293
2014-10-19T14:30,3330.696
2014-10-19T14:45,3108.098
2014-10-19T15:00,2885.501
2014-10-19T15:15,2579.776
2014-10-19T15:30,2274.051
2014-10-19T15:45,1968.326
2014-10-19T16:00,1662.601
2014-10-19T16:15,1326.863
2014-10-19T16:30,991.126
2014-10-19T16:45,655.388
2014-10-19T17:00,319.65
2014-10-19T17:15,239.738
2014-10-19T17:30,159.825
2014-10-19T17:45,79.913
2014-10-19T18:00,0.0
2014-10-19T18:15,0.0
2014-10-19T18:30,0.0
2014-10-19T18:45,0.0
2014-10-19T19:00,0.0
2014-10-19T19:15,0.0
2014-10-19T19:30,0.0
2014-10-19T19:45,0.0
2014-10-19T20:00,0.0
2014-10-19T20:15,0.0
2014-10-19T20:30,0.0
2014-10-19T20:45,0.0
2014-10-19T21:00,0.0
2014-10-19T21:15,0.0
2014-10-19T21:30,0.0
2014-10-19T21:45,0.0
2014-10-19T22:00,0.0
2014-10-19T22:15,0.0
2014-10-19T22:30,0.0
2014-10-19T22:45,0.0
2014-10-19T23:00,0.0
2014-10-19T23:15,0.0
2014-10-19T23:30,0.0
2014-10-19T23:45,0.0
2014-10-20T00:00,0.0
2014-10-20T00:15,0.0
2014-10-20T00:30,0.0
2014-10-20T00:45,0.0
2014-10-20T01:00,0.0
2014-10-20T01:15,0.0
2014-10-20T01:30,0.0
2014-10-20T01:45,0.0
2014-10-20T02:00,0.0
2014-10-20T02:15,0.0
2014-10-20T02:30,0.0
2014-10-20T02:45,0.0
2014-10-20T03:00,0.0
2014-10-20T03:15,0.0
2014-10-20T03:30,0.0
2014-10-20T03:45,0.0
2014-10-20T04:00,0.0
2014-10-20T04:15,0.0
2014-10-20T04:30,0.0
2014-10-20T04:45,0.0
2014-10-20T05:00,0.0
2014-10-20T05:15,0.0
2014-10-20T05:30,0.0
2014-10-20T05:45,0.0
2014-10-20T06:00,0.0
2014-10-20T06:15,0.0
2014-10-20T06:30,0.0
2014-10-20T06:45,0.0
2014-10-20T07:00,0.0
2014-10-20T07:15,0.0
2014-10-20T07:30,0.0
2014-10-20T07:45,0.0
2014-10-20T08:00,0.0
2014-10-20T08:15,60.004
2014-10-20T08:30,120.008
2014-10-20T08:45,180.012
2014-10-20T09:00,240.016
2014-10-20T09:15,654.292
2014-10-20T09:30,1068.568
2014-10-20T09:45,1482.844
2014-10-20T10:00,1897.12
2014-10-20T10:15,2129.046
2014-10-20T10:30,2360.972
2014-10-20T10:45,2592.897
2014-10-20T11:00,2824.823
2014-10-20T11:15,2901.606
2014-10-20T11:30,2978.389
2014-10-20T11:45,3055.172
2014-10-20T12:00,3131.956
2014-10-20T12:15,3220.45
2014-10-20T12:30,3308.944
2014-10-20T12:45,3397.438
2014-10-20T13:00,3485.932
2014-10-20T13:15,3507.494
2014-10-20T13:30,3529.056
2014-10-20T13:45,3550.618
2014-10-20T14:00,3572.18
2014-10-20T14:15,3278.426
2014-10-20T14:30,2984.672
2014-10-20T14:45,2690.918
2014-10-20T15:00,2397.163
2014-10-20T15:15,2083.655
2014-10-20T15:30,1770.146
2014-10-20T15:45,1456.638
2014-10-20T16:00,1143.129
2014-10-20T16:15,905.095
2014-10-20T16:30,667.06
2014-10-20T16:45,429.025
2014-10-20T17:00,190.991
2014-10-20T17:15,143.243
2014-10-20T17:30,95.495
2014-10-20T17:45,47.748
2014-10-20T18:00,0.0
2014-10-20T18:15,0.0
2014-10-20T18:30,0.0
2014-10-20T18:45,0.0
2014-10-20T19:00,0.0
2014-10-20T19:15,0.0
2014-10-20T19:30,0.0
2014-10-20T19:45,0.0
2014-10-20T20:00,0.0
2014-10-20T20:15,0.0
2014-10-20T20:30,0.0
2014-10-20T20:45,0.0
2014-10-20T21:00,0.0
2014-10-20T21:15,0.0
2014-10-20T21:30,0.0
2014-10-20T21:45,0.0
2014-10-20T22:00,0.0
2014-10-20T22:15,0.0
2014-10-20T22:30,0.0
2014-10-20T22:45,0.0
2014-10-20T23:00,0.0
2014-10-20T23:15,0.0
2014-10-20T23:30,0.0
2014-10-20T23:45,0.0
2014-10-21T00:00,0.0
2014-10-21T00:15,0.0
2014-10-21T00:30,0.0
2014-10-21T00:45,0.0
2014-10-21T01:00,0.0
2014-10-21T01:15,0.0
2014-10-21T01:30,0.0
2014-10-21T01:45,0.0
2014-10-21T02:00,0.0
2014-10-21T02:15,0.0
2014-10-21T02:30,0.0
2014-10-21T02:45,0.0
2014-10-21T03:00,0.0
2014-10-21T03:15,0.0
2014-10-21T03:30,0.0
2014-10-21T03:45,0.0
2014-10-21T04:00,0.0
2014-10-21T04:15,0.0
2014-10-21T04:30,0.0
2014-10-21T04:45,0.0
2014-10-21T05:00,0.0
2014-10-21T05:15,0.0
2014-10-21T05:30,0.0
2014-10-21T05:45,0.0
2014-10-21T06:00,0.0
2014-10-21T06:15,0.0
2014-10-21T06:30,0.0
2014-10-21T06:45,0.0
2014-10-21T07:00,0.0
2014-10-21T07:15,47.087
2014-10-21T07:30,94.174
2014-10-21T07:45,141.262
2014-10-21T08:00,188.349
2014-10-21T08:15,330.72
2014-10-21T08:30,473.091
2014-10-21T08:45,615.463
2014-10-21T09:00,757.834
2014-10-21T09:15,988.709
2014-10-21T09:30,1219.584
2014-10-21T09:45,1450.459
2014-10-21T10:00,1681.334
2014-10-21T10:15,1656.885
2014-10-21T10:30,1632.435
2014-10-21T10:45,1607.986
2014-10-21T11:00,1583.537
2014-10-21T11:15,1502.851
2014-10-21T11:30,1422.166
2014-10-21T11:45,1341.481
2014-10-21T12:00,1260.795
2014-10-21T12:15,1361.82
2014-10-21T12:30,1462.844
2014-10-21T12:45,1563.868
2014-10-21T13:00,1664.892
2014-10-21T13:15,1665.3
2014-10-21T13:30,1665.708
2014-10-21T13:45,1666.116
2014-10-21T14:00,1666.524
2014-10-21T14:15,1672.853
2014-10-21T14:30,1679.183
2014-10-21T14:45,1685.512
2014-10-21T15:00,1691.841
2014-10-21T15:15,1538.69
2014-10-21T15:30,1385.54
2014-10-21T15:45,1232.389
2014-10-21T16:00,1079.239
2014-10-21T16:15,829.216
2014-10-21T16:30,579.194
2014-10-21T16:45,329.171
2014-10-21T17:00,79.149
2014-10-21T17:15,59.361
2014-10-21T17:30,39.574
2014-10-21T17:45,19.787
2014-10-21T18:00,0.0
2014-10-21T18:15,0.0
2014-10-21T18:30,0.0
2014-10-21T18:45,0.0
2014-10-21T19:00,0.0
2014-10-21T19:15,0.0
2014-10-21T19:30,0.0
2014-10-21T19:45,0.0
2014-10-21T20:00,0.0
2014-10-21T20:15,0.0
2014-10-21T20:30,0.0
2014-10-21T20:45,0.0
2014-10-21T21:00,0.0
2014-10-21T21:15,0.0
2014-10-21T21:30,0.0
2014-10-21T21:45,0.0
2014-10-21T22:00,0.0
2014-10-21T22:15,0.0
2014-10-21T22:30,0.0
2014-10-21T22:45,0.0
2014-10-21T23:00,0.0
2014-10-21T23:15,0.0
2014-10-21T23:30,0.0
2014-10-21T23:45,0.0
2014-10-22T00:00,0.0
2014-10-22T00:15,0.0
2014-10-22T00:30,0.0
2014-10-22T00:45,0.0
2014-10-22T01:00,0.0
2014-10-22T01:15,0.0
2014-10-22T01:30,0.0
2014-10-22T01:45,0.0
2014-10-22T02:00,0.0
2014-10-22T02:15,0.0
2014-10-22T02:30,0.0
2014-10-22T02:45,0.0
2014-10-22T03:00,0.0
2014-10-22T03:15,0.0
2014-10-22T03:30,0.0
2014-10-22T03:45,0.0
2014-10-22T04:00,0.0
2014-10-22T04:15,0.0
2014-10-22T04:30,0.0
2014-10-22T04:45,0.0
2014-10-22T05:00,0.0
2014-10-22T05:15,0.0
2014-10-22T05:30,0.0
2014-10-22T05:45,0.0
2014-10-22T06:00,0.0
2014-10-22T06:15,0.0
2014-10-22T06:30,0.0
2014-10-22T06:45,0.0
2014-10-22T07:00,0.0
2014-10-22T07:15,126.531
2014-10-22T07:30,253.063
2014-10-22T07:45,379.594
2014-10-22T08:00,506.126
2014-10-22T08:15,730.726
2014-10-22T08:30,955.326
2014-10-22T08:45,1179.926
2014-10-22T09:00,1404.526
2014-10-22T09:15,1498.4
2014-10-22T09:30,1592.274
2014-10-22T09:45,1686.148
2014-10-22T10:00,1780.022
2014-10-22T10:15,2065.48
2014-10-22T10:30,2350.939
2014-10-22T10:45,2636.397
2014-10-22T11:00,2921.856
2014-10-22T11:15,3121.444
2014-10-22T11:30,3321.031
2014-10-22T11:45,3520.619
2014-10-22T12:00,3720.207
2014-10-22T12:15,3624.199
2014-10-22T12:30,3528.192
2014-10-22T12:45,3432.184
2014-10-22T13:00,3336.177
2014-10-22T13:15,3252.94
2014-10-22T13:30,3169.703
2014-10-22T13:45,3086.466
2014-10-22T14:00,3003.229
2014-10-22T14:15,2644.439
2014-10-22T14:30,2285.649
2014-10-22T14:45,1926.859
2014-10-22T15:00,1568.069
2014-10-22T15:15,1373.233
2014-10-22T15:30,1178.396
2014-10-22T15:45,983.56
2014-10-22T16:00,788.724
2014-10-22T16:15,630.1
2014-10-22T16:30,471.475
2014-10-22T16:45,312.851
2014-10-22T17:00,154.227
2014-10-22T17:15,115.67
2014-10-22T17:30,77.113
2014-10-22T17:45,38.557
2014-10-22T18:00,0.0
2014-10-22T18:15,0.0
2014-10-22T18:30,0.0
2014-10-22T18:45,0.0
2014-10-22T19:00,0.0
2014-10-22T19:15,0.0
2014-10-22T19:30,0.0
2014-10-22T19:45,0.0
2014-10-22T20:00,0.0
2014-10-22T20:15,0.0
2014-10-22T20:30,0.0
2014-10-22T20:45,0.0
2014-10-22T21:00,0.0
2014-10-22T21:15,0.0
2014-10-22T21:30,0.0
2014-10-22T21:45,0.0
2014-10-22T22:00,0.0
2014-10-22T22:15,0.0
2014-10-22T22:30,0.0
2014-10-22T22:45,0.0
2014-10-22T23:00,0.0
2014-10-22T23:15,0.0
2014-10-22T23:30,0.0
2014-10-22T23:45,0.0
2014-10-23T00:00,0.0
2014-10-23T00:15,0.0
2014-10-23T00:30,0.0
2014-10-23T00:45,0.0
2014-10-23T01:00,0.0
2014-10-23T01:15,0.0
2014-10-23T01:30,0.0
2014-10-23T01:45,0.0
2014-10-23T02:00,0.0
2014-10-23T02:15,0.0
2014-10-23T02:30,0.0
2014-10-23T02:45,0.0
2014-10-23T03:00,0.0
2014-10-23T03:15,0.0
2014-10-23T03:30,0.0
2014-10-23T03:45,0.0
2014-10-23T04:00,0.0
2014-10-23T04:15,0.0
2014-10-23T04:30,0.0
2014-10-23T04:45,0.0
2014-10-23T05:00,0.0
2014-10-23T05:15,0.0
2014-10-23T05:30,0.0
2014-10-23T05:45,0.0
2014-10-23T06:00,0.0
2014-10-23T06:15,0.0
2014-10-23T06:30,0.0
2014-10-23T06:45,0.0
2014-10-23T07:00,0.0
2014-10-23T07:15,0.0
2014-10-23T07:30,0.0
2014-10-23T07:45,0.0
2014-10-23T08:00,0.0
2014-10-23T08:15,127.542
2014-10-23T08:30,255.084
2014-10-23T08:45,382.625
2014-10-23T09:00,510.167
2014-10-23T09:15,855.951
2014-10-23T09:30,1201.735
2014-10-23T09:45,1547.519
2014-10-23T10:00,1893.303
2014-10-23T10:15,1569.568
2014-10-23T10:30,1245.833
2014-10-23T10:45,922.099
2014-10-23T11:00,598.364
2014-10-23T11:15,721.641
2014-10-23T11:30,844.918
2014-10-23T11:45,968.195
2014-10-23T12:00,1091.473
2014-10-23T12:15,1177.939
2014-10-23T12:30,1264.405
2014-10-23T12:45,1350.871
2014-10-23T13:00,1437.337
2014-10-23T13:15,1362.914
2014-10-23T13:30,1288.491
2014-10-23T13:45,1214.069
2014-10-23T14:00,1139.646
2014-10-23T14:15,1441.143
2014-10-23T14:30,1742.64
2014-10-23T14:45,2044.138
2014-10-23T15:00,2345.635
2014-10-23T15:15,1945.526
2014-10-23T15:30,1545.416
2014-10-23T15:45,1145.307
2014-10-23T16:00,745.198
2014-10-23T16:15,575.43
2014-10-23T16:30,405.662
2014-10-23T16:45,235.894
2014-10-23T17:00,66.126
2014-10-23T17:15,49.594
2014-10-23T17:30,33.063
2014-10-23T17:45,16.531
2014-10-23T18:00,0.0
2014-10-23T18:15,0.0
2014-10-23T18:30,0.0
2014-10-23T18:45,0.0
2014-10-23T19:00,0.0
2014-10-23T19:15,0.0
2014-10-23T19:30,0.0
2014-10-23T19:45,0.0
2014-10-23T20:00,0.0
2014-10-23T20:15,0.0
2014-10-23T20:30,0.0
2014-10-23T20:45,0.0
2014-10-23T21:00,0.0
2014-10-23T21:15,0.0
2014-10-23T21:30,0.0
2014-10-23T21:45,0.0
2014-10-23T22:00,0.0
2014-10-23T22:15,0.0
2014-10-23T22:30,0.0
2014-10-23T22:45,0.0
2014-10-23T23:00,0.0
2014-10-23T23:15,0.0
2014-10-23T23:30,0.0
2014-10-23T23:45,0.0
2014-10-24T00:00,0.0
2014-10-24T00:15,0.0
2014-10-24T00:30,0.0
2014-10-24T00:45,0.0
2014-10-24T01:00,0.0
2014-10-24T01:15,0.0
2014-10-24T01:30,0.0
2014-10-24T01:45,0.0
2014-10-24T02:00,0.0
2014-10-24T02:15,0.0
2014-10-24T02:30,0.0
2014-10-24T02:45,0.0
2014-10-24T03:00,0.0
2014-10-24T03:15,0.0
2014-10-24T03:30,0.0
2014-10-24T03:45,0.0
2014-10-24T04:00,0.0
2014-10-24T04:15,0.0
2014-10-24T04:30,0.0
2014-10-24T04:45,0.0
2014-10-24T05:00,0.0
2014-10-24T05:15,0.0
2014-10-24T05:30,0.0
2014-10-24T05:45,0.0
2014-10-24T06:00,0.0
2014-10-24T06:15,0.0
2014-10-24T06:30,0.0
2014-10-24T06:45,0.0
2014-10-24T07:00,0.0
2014-10-24T07:15,27.711
2014-10-24T07:30,55.423
2014-10-24T07:45,83.134
2014-10-24T08:00,110.846
2014-10-24T08:15,399.726
2014-10-24T08:30,688.605
2014-10-24T08:45,977.485
2014-10-24T09:00,1266.365
2014-10-24T09:15,1355.886
2014-10-24T09:30,1445.407
2014-10-24T09:45,1534.928
2014-10-24T10:00,1624.448
2014-10-24T10:15,1460.336
2014-10-24T10:30,1296.223
2014-10-24T10:45,1132.11
2014-10-24T11:00,967.997
2014-10-24T11:15,888.183
2014-10-24T11:30,808.369
2014-10-24T11:45,728.554
2014-10-24T12:00,648.74
2014-10-24T12:15,592.496
2014-10-24T12:30,536.253
2014-10-24T12:45,480.009
2014-10-24T13:00,423.765
2014-10-24T13:15,431.773
2014-10-24T13:30,439.78
2014-10-24T13:45,447.788
2014-10-24T14:00,455.795
2014-10-24T14:15,361.359
2014-10-24T14:30,266.923
2014-10-24T14:45,172.487
2014-10-24T15:00,78.051
2014-10-24T15:15,58.538
2014-10-24T15:30,39.026
2014-10-24T15:45,19.513
2014-10-24T16:00,0.0
2014-10-24T16:15,0.0
2014-10-24T16:30,0.0
2014-10-24T16:45,0.0
2014-10-24T17:00,0.0
2014-10-24T17:15,0.0
2014-10-24T17:30,0.0
2014-10-24T17:45,0.0
2014-10-24T18:00,0.0
2014-10-24T18:15,0.0
2014-10-24T18:30,0.0
2014-10-24T18:45,0.0
2014-10-24T19:00,0.0
2014-10-24T19:15,0.0
2014-10-24T19:30,0.0
2014-10-24T19:45,0.0
2014-10-24T20:00,0.0
2014-10-24T20:15,0.0
2014-10-24T20:30,0.0
2014-10-24T20:45,0.0
2014-10-24T21:00,0.0
2014-10-24T21:15,0.0
2014-10-24T21:30,0.0
2014-10-24T21:45,0.0
2014-10-24T22:00,0.0
2014-10-24T22:15,0.0
2014-10-24T22:30,0.0
2014-10-24T22:45,0.0
2014-10-24T23:00,0.0
2014-10-24T23:15,0.0
2014-10-24T23:30,0.0
2014-10-24T23:45,0.0
2014-10-25T00:00,0.0
2014-10-25T00:15,0.0
2014-10-25T00:30,0.0
2014-10-25T00:45,0.0
2014-10-25T01:00,0.0
2014-10-25T01:15,0.0
2014-10-25T01:30,0.0
2014-10-25T01:45,0.0
2014-10-25T02:00,0.0
2014-10-25T02:15,0.0
2014-10-25T02:30,0.0
2014-10-25T02:45,0.0
2014-10-25T03:00,0.0
2014-10-25T03:15,0.0
2014-10-25T03:30,0.0
2014-10-25T03:45,0.0
2014-10-25T04:00,0.0
2014-10-25T04:15,0.0
2014-10-25T04:30,0.0
2014-10-25T04:45,0.0
2014-10-25T05:00,0.0
2014-10-25T05:15,0.0
2014-10-25T05:30,0.0
2014-10-25T05:45,0.0
2014-10-25T06:00,0.0
2014-10-25T06:15,0.0
2014-10-25T06:30,0.0
2014-10-25T06:45,0.0
2014-10-25T07:00,0.0
2014-10-25T07:15,0.0
2014-10-25T07:30,0.0
2014-10-25T07:45,0.0
2014-10-25T08:00,0.0
2014-10-25T08:15,0.702
2014-10-25T08:30,1.404
2014-10-25T08:45,2.106
2014-10-25T09:00,2.808
2014-10-25T09:15,33.461
2014-10-25T09:30,64.113
2014-10-25T09:45,94.765
2014-10-25T10:00,125.418
2014-10-25T10:15,151.587
2014-10-25T10:30,177.757
2014-10-25T10:45,203.927
2014-10-25T11:00,230.097
2014-10-25T11:15,329.348
2014-10-25T11:30,428.6
2014-10-25T11:45,527.852
2014-10-25T12:00,627.103
2014-10-25T12:15,671.035
2014-10-25T12:30,714.966
2014-10-25T12:45,758.897
2014-10-25T13:00,802.828
2014-10-25T13:15,852.782
2014-10-25T13:30,902.737
2014-10-25T13:45,952.691
2014-10-25T14:00,1002.645
2014-10-25T14:15,886.807
2014-10-25T14:30,770.97
2014-10-25T14:45,655.132
2014-10-25T15:00,539.294
2014-10-25T15:15,483.617
2014-10-25T15:30,427.941
2014-10-25T15:45,372.264
2014-10-25T16:00,316.587
2014-10-25T16:15,268.504
2014-10-25T16:30,220.42
2014-10-25T16:45,172.336
2014-10-25T17:00,124.252
2014-10-25T17:15,93.189
2014-10-25T17:30,62.126
2014-10-25T17:45,31.063
2014-10-25T18:00,0.0
2014-10-25T18:15,0.0
2014-10-25T18:30,0.0
2014-10-25T18:45,0.0
2014-10-25T19:00,0.0
2014-10-25T19:15,0.0
2014-10-25T19:30,0.0
2014-10-25T19:45,0.0
2014-10-25T20:00,0.0
2014-10-25T20:15,0.0
2014-10-25T20:30,0.0
2014-10-25T20:45,0.0
2014-10-25T21:00,0.0
2014-10-25T21:15,0.0
2014-10-25T21:30,0.0
2014-10-25T21:45,0.0
2014-10-25T22:00,0.0
2014-10-25T22:15,0.0
2014-10-25T22:30,0.0
2014-10-25T22:45,0.0
2014-10-25T23:00,0.0
2014-10-25T23:15,0.0
2014-10-25T23:30,0.0
2014-10-25T23:45,0.0
2014-10-26T00:00,0.0
2014-10-26T00:15,0.0
2014-10-26T00:30,0.0
2014-10-26T00:45,0.0
2014-10-26T01:00,0.0
2014-10-26T01:15,0.0
2014-10-26T01:30,0.0
2014-10-26T01:45,0.0
2014-10-26T02:00,0.0
2014-10-26T02:15,0.0
2014-10-26T02:30,0.0
2014-10-26T02:45,0.0
2014-10-26T03:00,0.0
2014-10-26T03:15,0.0
2014-10-26T03:30,0.0
2014-10-26T03:45,0.0
2014-10-26T04:00,0.0
2014-10-26T04:15,0.0
2014-10-26T04:30,0.0
2014-10-26T04:45,0.0
2014-10-26T05:00,0.0
2014-10-26T05:15,0.0
2014-10-26T05:30,0.0
2014-10-26T05:45,0.0
2014-10-26T06:00,0.0
2014-10-26T06:15,33.132
2014-10-26T06:30,66.265
2014-10-26T06:45,99.397
2014-10-26T07:00,132.53
2014-10-26T07:15,384.292
2014-10-26T07:30,636.055
2014-10-26T07:45,887.817
2014-10-26T08:00,1139.58
2014-10-26T08:15,1397.872
2014-10-26T08:30,1656.163
2014-10-26T08:45,1914.455
2014-10-26T09:00,2172.747
2014-10-26T09:15,2374.185
2014-10-26T09:30,2575.624
2014-10-26T09:45,2777.062
2014-10-26T10:00,2978.501
2014-10-26T10:15,3093.399
2014-10-26T10:30,3208.298
2014-10-26T10:45,3323.197
2014-10-26T11:00,3438.095
2014-10-26T11:15,3363.198
2014-10-26T11:30,3288.301
2014-10-26T11:45,3213.404
2014-10-26T12:00,3138.507
2014-10-26T12:15,2873.611
2014-10-26T12:30,2608.716
2014-10-26T12:45,2343.82
2014-10-26T13:00,2078.925
2014-10-26T13:15,1745.529
2014-10-26T13:30,1412.132
2014-10-26T13:45,1078.736
2014-10-26T14:00,745.34
2014-10-26T14:15,602.572
2014-10-26T14:30,459.804
2014-10-26T14:45,317.036
2014-10-26T15:00,174.268
2014-10-26T15:15,130.701
2014-10-26T15:30,87.134
2014-10-26T15:45,43.567
2014-10-26T16:00,0.0
2014-10-26T16:15,0.0
2014-10-26T16:30,0.0
2014-10-26T16:45,0.0
2014-10-26T17:00,0.0
2014-10-26T17:15,0.0
2014-10-26T17:30,0.0
2014-10-26T17:45,0.0
2014-10-26T18:00,0.0
2014-10-26T18:15,0.0
2014-10-26T18:30,0.0
2014-10-26T18:45,0.0
2014-10-26T19:00,0.0
2014-10-26T19:15,0.0
2014-10-26T19:30,0.0
2014-10-26T19:45,0.0
2014-10-26T20:00,0.0
2014-10-26T20:15,0.0
2014-10-26T20:30,0.0
2014-10-26T20:45,0.0
2014-10-26T21:00,0.0
2014-10-26T21:15,0.0
2014-10-26T21:30,0.0
2014-10-26T21:45,0.0
2014-10-26T22:00,0.0
2014-10-26T22:15,0.0
2014-10-26T22:30,0.0
2014-10-26T22:45,0.0
2014-10-26T23:00,0.0
2014-10-26T23:15,0.0
2014-10-26T23:30,0.0
2014-10-26T23:45,0.0
2014-10-27T00:00,0.0
2014-10-27T00:15,0.0
2014-10-27T00:30,0.0
2014-10-27T00:45,0.0
2014-10-27T01:00,0.0
2014-10-27T01:15,0.0
2014-10-27T01:30,0.0
2014-10-27T01:45,0.0
2014-10-27T02:00,0.0
2014-10-27T02:15,0.0
2014-10-27T02:30,0.0
2014-10-27T02:45,0.0
2014-10-27T03:00,0.0
2014-10-27T03:15,0.0
2014-10-27T03:30,0.0
2014-10-27T03:45,0.0
2014-10-27T04:00,0.0
2014-10-27T04:15,0.0
2014-10-27T04:30,0.0
2014-10-27T04:45,0.0
2014-10-27T05:00,0.0
2014-10-27T05:15,0.0
2014-10-27T05:30,0.0
2014-10-27T05:45,0.0
2014-10-27T06:00,0.0
2014-10-27T06:15,31.61
2014-10-27T06:30,63.22
2014-10-27T06:45,94.83
2014-10-27T07:00,126.44
2014-10-27T07:15,371.353
2014-10-27T07:30,616.266
2014-10-27T07:45,861.179
2014-10-27T08:00,1106.093
2014-10-27T08:15,1396.87
2014-10-27T08:30,1687.648
2014-10-27T08:45,1978.426
2014-10-27T09:00,2269.204
2014-10-27T09:15,2468.482
2014-10-27T09:30,2667.76
2014-10-27T09:45,2867.039
2014-10-27T10:00,3066.317
2014-10-27T10:15,3133.342
2014-10-27T10:30,3200.368
2014-10-27T10:45,3267.393
2014-10-27T11:00,3334.419
2014-10-27T11:15,3356.824
2014-10-27T11:30,3379.23
2014-10-27T11:45,3401.636
2014-10-27T12:00,3424.041
2014-10-27T12:15,3221.37
2014-10-27T12:30,3018.7
2014-10-27T12:45,2816.029
2014-10-27T13:00,2613.358
2014-10-27T13:15,2585.224
2014-10-27T13:30,2557.091
2014-10-27T13:45,2528.957
2014-10-27T14:00,2500.823
2014-10-27T14:15,2158.25
2014-10-27T14:30,1815.677
2014-10-27T14:45,1473.104
2014-10-27T15:00,1130.531
2014-10-27T15:15,854.061
2014-10-27T15:30,577.591
2014-10-27T15:45,301.12
2014-10-27T16:00,24.65
2014-10-27T16:15,18.488
2014-10-27T16:30,12.325
2014-10-27T16:45,6.163
2014-10-27T17:00,0.0
2014-10-27T17:15,0.0
2014-10-27T17:30,0.0
2014-10-27T17:45,0.0
2014-10-27T18:00,0.0
2014-10-27T18:15,0.0
2014-10-27T18:30,0.0
2014-10-27T18:45,0.0
2014-10-27T19:00,0.0
2014-10-27T19:15,0.0
2014-10-27T19:30,0.0
2014-10-27T19:45,0.0
2014-10-27T20:00,0.0
2014-10-27T20:15,0.0
2014-10-27T20:30,0.0
2014-10-27T20:45,0.0
2014-10-27T21:00,0.0
2014-10-27T21:15,0.0
2014-10-27T21:30,0.0
2014-10-27T21:45,0.0
2014-10-27T22:00,0.0
2014-10-27T22:15,0.0
2014-10-27T22:30,0.0
2014-10-27T22:45,0.0
2014-10-27T23:00,0.0
2014-10-27T23:15,0.0
2014-10-27T23:30,0.0
2014-10-27T23:45,0.0
2014-10-28T00:00,0.0
2014-10-28T00:15,0.0
2014-10-28T00:30,0.0
2014-10-28T00:45,0.0
2014-10-28T01:00,0.0
2014-10-28T01:15,0.0
2014-10-28T01:30,0.0
2014-10-28T01:45,0.0
2014-10-28T02:00,0.0
2014-10-28T02:15,0.0
2014-10-28T02:30,0.0
2014-10-28T02:45,0.0
2014-10-28T03:00,0.0
2014-10-28T03:15,0.0
2014-10-28T03:30,0.0
2014-10-28T03:45,0.0
2014-10-28T04:00,0.0
2014-10-28T04:15,0.0
2014-10-28T04:30,0.0
2014-10-28T04:45,0.0
2014-10-28T05:00,0.0
2014-10-28T05:15,0.0
2014-10-28T05:30,0.0
2014-10-28T05:45,0.0
2014-10-28T06:00,0.0
2014-10-28T06:15,28.871
2014-10-28T06:30,57.742
2014-10-28T06:45,86.613
2014-10-28T07:00,115.484
2014-10-28T07:15,225.761
2014-10-28T07:30,336.039
2014-10-28T07:45,446.316
2014-10-28T08:00,556.593
2014-10-28T08:15,694.259
2014-10-28T08:30,831.925
2014-10-28T08:45,969.591
2014-10-28T09:00,1107.256
2014-10-28T09:15,1406.169
2014-10-28T09:30,1705.081
2014-10-28T09:45,2003.994
2014-10-28T10:00,2302.906
2014-10-28T10:15,2332.657
2014-10-28T10:30,2362.409
2014-10-28T10:45,2392.16
2014-10-28T11:00,2421.911
2014-10-28T11:15,2275.101
2014-10-28T11:30,2128.291
2014-10-28T11:45,1981.481
2014-10-28T12:00,1834.671
2014-10-28T12:15,1629.805
2014-10-28T12:30,1424.938
2014-10-28T12:45,1220.072
2014-10-28T13:00,1015.205
2014-10-28T13:15,895.917
2014-10-28T13:30,776.629
2014-10-28T13:45,657.341
2014-10-28T14:00,538.053
2014-10-28T14:15,482.276
2014-10-28T14:30,426.499
2014-10-28T14:45,370.722
2014-10-28T15:00,314.945
2014-10-28T15:15,249.105
2014-10-28T15:30,183.265
2014-10-28T15:45,117.425
2014-10-28T16:00,51.584
2014-10-28T16:15,38.688
2014-10-28T16:30,25.792
2014-10-28T16:45,12.896
2014-10-28T17:00,0.0
2014-10-28T17:15,0.0
2014-10-28T17:30,0.0
2014-10-28T17:45,0.0
2014-10-28T18:00,0.0
2014-10-28T18:15,0.0
2014-10-28T18:30,0.0
2014-10-28T18:45,0.0
2014-10-28T19:00,0.0
2014-10-28T19:15,0.0
2014-10-28T19:30,0.0
2014-10-28T19:45,0.0
2014-10-28T20:00,0.0
2014-10-28T20:15,0.0
2014-10-28T20:30,0.0
2014-10-28T20:45,0.0
2014-10-28T21:00,0.0
2014-10-28T21:15,0.0
2014-10-28T21:30,0.0
2014-10-28T21:45,0.0
2014-10-28T22:00,0.0
2014-10-28T22:15,0.0
2014-10-28T22:30,0.0
2014-10-28T22:45,0.0
2014-10-28T23:00,0.0
2014-10-28T23:15,0.0
2014-10-28T23:30,0.0
2014-10-28T23:45,0.0
2014-10-29T00:00,0.0
2014-10-29T00:15,0.0
2014-10-29T00:30,0.0
2014-10-29T00:45,0.0
2014-10-29T01:00,0.0
2014-10-29T01:15,0.0
2014-10-29T01:30,0.0
2014-10-29T01:45,0.0
2014-10-29T02:00,0.0
2014-10-29T02:15,0.0
2014-10-29T02:30,0.0
2014-10-29T02:45,0.0
2014-10-29T03:00,0.0
2014-10-29T03:15,0.0
2014-10-29T03:30,0.0
2014-10-29T03:45,0.0
2014-10-29T04:00,0.0
2014-10-29T04:15,0.0
2014-10-29T04:30,0.0
2014-10-29T04:45,0.0
2014-10-29T05:00,0.0
2014-10-29T05:15,0.0
2014-10-29T05:30,0.0
2014-10-29T05:45,0.0
2014-10-29T06:00,0.0
2014-10-29T06:15,0.0
2014-10-29T06:30,0.0
2014-10-29T06:45,0.0
2014-10-29T07:00,0.0
2014-10-29T07:15,110.475
2014-10-29T07:30,220.95
2014-10-29T07:45,331.425
2014-10-29T08:00,441.9
2014-10-29T08:15,737.73
2014-10-29T08:30,1033.56
2014-10-29T08:45,1329.389
2014-10-29T09:00,1625.219
2014-10-29T09:15,1792.302
2014-10-29T09:30,1959.385
2014-10-29T09:45,2126.468
2014-10-29T10:00,2293.551
2014-10-29T10:15,2451.358
2014-10-29T10:30,2609.166
2014-10-29T10:45,2766.973
2014-10-29T11:00,2924.781
2014-10-29T11:15,3020.32
2014-10-29T11:30,3115.859
2014-10-29T11:45,3211.399
2014-10-29T12:00,3306.938
2014-10-29T12:15,3187.354
2014-10-29T12:30,3067.77
2014-10-29T12:45,2948.186
2014-10-29T13:00,2828.602
2014-10-29T13:15,2645.144
2014-10-29T13:30,2461.685
2014-10-29T13:45,2278.227
2014-10-29T14:00,2094.768
2014-10-29T14:15,1810.748
2014-10-29T14:30,1526.728
2014-10-29T14:45,1242.708
2014-10-29T15:00,958.688
2014-10-29T15:15,725.302
2014-10-29T15:30,491.916
2014-10-29T15:45,258.53
2014-10-29T16:00,25.144
2014-10-29T16:15,18.858
2014-10-29T16:30,12.572
2014-10-29T16:45,6.286
2014-10-29T17:00,0.0
2014-10-29T17:15,0.0
2014-10-29T17:30,0.0
2014-10-29T17:45,0.0
2014-10-29T18:00,0.0
2014-10-29T18:15,0.0
2014-10-29T18:30,0.0
2014-10-29T18:45,0.0
2014-10-29T19:00,0.0
2014-10-29T19:15,0.0
2014-10-29T19:30,0.0
2014-10-29T19:45,0.0
2014-10-29T20:00,0.0
2014-10-29T20:15,0.0
2014-10-29T20:30,0.0
2014-10-29T20:45,0.0
2014-10-29T21:00,0.0
2014-10-29T21:15,0.0
2014-10-29T21:30,0.0
2014-10-29T21:45,0.0
2014-10-29T22:00,0.0
2014-10-29T22:15,0.0
2014-10-29T22:30,0.0
2014-10-29T22:45,0.0
2014-10-29T23:00,0.0
2014-10-29T23:15,0.0
2014-10-29T23:30,0.0
2014-10-29T23:45,0.0
2014-10-30T00:00,0.0
2014-10-30T00:15,0.0
2014-10-30T00:30,0.0
2014-10-30T00:45,0.0
2014-10-30T01:00,0.0
2014-10-30T01:15,0.0
2014-10-30T01:30,0.0
2014-10-30T01:45,0.0
2014-10-30T02:00,0.0
2014-10-30T02:15,0.0
2014-10-30T02:30,0.0
2014-10-30T02:45,0.0
2014-10-30T03:00,0.0
2014-10-30T03:15,0.0
2014-10-30T03:30,0.0
2014-10-30T03:45,0.0
2014-10-30T04:00,0.0
2014-10-30T04:15,0.0
2014-10-30T04:30,0.0
2014-10-30T04:45,0.0
2014-10-30T05:00,0.0
2014-10-30T05:15,0.0
2014-10-30T05:30,0.0
2014-10-30T05:45,0.0
2014-10-30T06:00,0.0
2014-10-30T06:15,0.0
2014-10-30T06:30,0.0
2014-10-30T06:45,0.0
2014-10-30T07:00,0.0
2014-10-30T07:15,52.553
2014-10-30T07:30,105.105
2014-10-30T07:45,157.658
2014-10-30T08:00,210.21
2014-10-30T08:15,264.951
2014-10-30T08:30,319.691
2014-10-30T08:45,374.432
2014-10-30T09:00,429.172
2014-10-30T09:15,752.491
2014-10-30T09:30,1075.811
2014-10-30T09:45,1399.13
2014-10-30T10:00,1722.45
2014-10-30T10:15,1792.16
2014-10-30T10:30,1861.87
2014-10-30T10:45,1931.58
2014-10-30T11:00,2001.29
2014-10-30T11:15,1876.907
2014-10-30T11:30,1752.524
2014-10-30T11:45,1628.14
2014-10-30T12:00,1503.757
2014-10-30T12:15,1479.405
2014-10-30T12:30,1455.053
2014-10-30T12:45,1430.701
2014-10-30T13:00,1406.349
2014-10-30T13:15,1361.888
2014-10-30T13:30,1317.428
2014-10-30T13:45,1272.967
2014-10-30T14:00,1228.506
2014-10-30T14:15,1052.015
2014-10-30T14:30,875.525
2014-10-30T14:45,699.034
2014-10-30T15:00,522.543
2014-10-30T15:15,392.231
2014-10-30T15:30,261.919
2014-10-30T15:45,131.606
2014-10-30T16:00,1.294
2014-10-30T16:15,0.97
2014-10-30T16:30,0.647
2014-10-30T16:45,0.323
2014-10-30T17:00,0.0
2014-10-30T17:15,0.0
2014-10-30T17:30,0.0
2014-10-30T17:45,0.0
2014-10-30T18:00,0.0
2014-10-30T18:15,0.0
2014-10-30T18:30,0.0
2014-10-30T18:45,0.0
2014-10-30T19:00,0.0
2014-10-30T19:15,0.0
2014-10-30T19:30,0.0
2014-10-30T19:45,0.0
2014-10-30T20:00,0.0
2014-10-30T20:15,0.0
2014-10-30T20:30,0.0
2014-10-30T20:45,0.0
2014-10-30T21:00,0.0
2014-10-30T21:15,0.0
2014-10-30T21:30,0.0
2014-10-30T21:45,0.0
2014-10-30T22:00,0.0
2014-10-30T22:15,0.0
2014-10-30T22:30,0.0
2014-10-30T22:45,0.0
2014-10-30T23:00,0.0
2014-10-30T23:15,0.0
2014-10-30T23:30,0.0
2014-10-30T23:45,0.0
