Datetime,H16
2014-09-01T00:00,0.0
2014-09-01T00:15,0.0
2014-09-01T00:30,0.0
2014-09-01T00:45,0.0
2014-09-01T01:00,0.0
2014-09-01T01:15,0.0
2014-09-01T01:30,0.0
2014-09-01T01:45,0.0
2014-09-01T02:00,0.0
2014-09-01T02:15,0.0
2014-09-01T02:30,0.0
2014-09-01T02:45,0.0
2014-09-01T03:00,0.0
2014-09-01T03:15,0.0
2014-09-01T03:30,0.0
2014-09-01T03:45,0.0
2014-09-01T04:00,0.0
2014-09-01T04:15,0.0
2014-09-01T04:30,0.0
2014-09-01T04:45,0.0
2014-09-01T05:00,0.0
2014-09-01T05:15,0.0
2014-09-01T05:30,0.0
2014-09-01T05:45,0.0
2014-09-01T06:00,0.0
2014-09-01T06:15,51.36
2014-09-01T06:30,102.719
2014-09-01T06:45,154.079
2014-09-01T07:00,205.438
2014-09-01T07:15,343.957
2014-09-01T07:30,482.476
2014-09-01T07:45,620.994
2014-09-01T08:00,759.513
2014-09-01T08:15,824.089
2014-09-01T08:30,888.665
2014-09-01T08:45,953.241
2014-09-01T09:00,1017.817
2014-09-01T09:15,1218.469
2014-09-01T09:30,1419.12
2014-09-01T09:45,1619.772
2014-09-01T10:00,1820.424
2014-09-01T10:15,1829.245
2014-09-01T10:30,1838.066
2014-09-01T10:45,1846.886
2014-09-01T11:00,1855.707
2014-09-01T11:15,1796.484
2014-09-01T11:30,1737.26
2014-09-01T11:45,1678.036
2014-09-01T12:00,1618.812
2014-09-01T12:15,1962.773
2014-09-01T12:30,2306.733
2014-09-01T12:45,2650.693
2014-09-01T13:00,2994.653
2014-09-01T13:15,3205.466
2014-09-01T13:30,3416.28
2014-09-01T13:45,3627.093
2014-09-01T14:00,3837.906
2014-09-01T14:15,3860.026
2014-09-01T14:30,3882.146
2014-09-01T14:45,3904.265
2014-09-01T15:00,3926.385
2014-09-01T15:15,3806.107
2014-09-01T15:30,3685.828
2014-09-01T15:45,3565.55
2014-09-01T16:00,3445.272
2014-09-01T16:15,3257.01
2014-09-01T16:30,3068.748
2014-09-01T16:45,2880.486
2014-09-01T17:00,2692.224
2014-09-01T17:15,2274.889
2014-09-01T17:30,1857.554
2014-09-01T17:45,1440.219
2014-09-01T18:00,1022.884
2014-09-01T18:15,767.163
2014-09-01T18:30,511.442
2014-09-01T18:45,255.721
2014-09-01T19:00,0.0
2014-09-01T19:15,0.0
2014-09-01T19:30,0.0
2014-09-01T19:45,0.0
2014-09-01T20:00,0.0
2014-09-01T20:15,0.0
2014-09-01T20:30,0.0
2014-09-01T20:45,0.0
2014-09-01T21:00,0.0
2014-09-01T21:15,0.0
2014-09-01T21:30,0.0
2014-09-01T21:45,0.0
2014-09-01T22:00,0.0
2014-09-01T22:15,0.0
2014-09-01T22:30,0.0
2014-09-01T22:45,0.0
2014-09-01T23:00,0.0
2014-09-01T23:15,0.0
2014-09-01T23:30,0.0
2014-09-01T23:45,0.0
2014-09-02T00:00,0.0
2014-09-02T00:15,0.0
2014-09-02T00:30,0.0
2014-09-02T00:45,0.0
2014-09-02T01:00,0.0
2014-09-02T01:15,0.0
2014-09-02T01:30,0.0
2014-09-02T01:45,0.0
2014-09-02T02:00,0.0
2014-09-02T02:15,0.0
2014-09-02T02:30,0.0
2014-09-02T02:45,0.0
2014-09-02T03:00,0.0
2014-09-02T03:15,0.0
2014-09-02T03:30,0.0
2014-09-02T03:45,0.0
2014-09-02T04:00,0.0
2014-09-02T04:15,0.0
2014-09-02T04:30,0.0
2014-09-02T04:45,0.0
2014-09-02T05:00,0.0
2014-09-02T05:15,0.0
2014-09-02T05:30,0.0
2014-09-02T05:45,0.0
2014-09-02T06:00,0.0
2014-09-02T06:15,62.97
2014-09-02T06:30,125.939
2014-09-02T06:45,188.909
2014-09-02T07:00,251.878
2014-09-02T07:15,495.554
2014-09-02T07:30,739.229
2014-09-02T07:45,982.905
2014-09-02T08:00,1226.58
2014-09-02T08:15,1638.675
2014-09-02T08:30,2050.77
2014-09-02T08:45,2462.865
2014-09-02T09:00,2874.96
2014-09-02T09:15,3088.809
2014-09-02T09:30,3302.659
2014-09-02T09:45,3516.508
2014-09-02T10:00,3730.358
2014-09-02T10:15,3922.662
2014-09-02T10:30,4114.966
2014-09-02T10:45,4307.27
2014-09-02T11:00,4499.574
2014-09-02T11:15,4824.402
2014-09-02T11:30,5149.231
2014-09-02T11:45,5474.059
2014-09-02T12:00,5798.887
2014-09-02T12:15,5606.682
2014-09-02T12:30,5414.478
2014-09-02T12:45,5222.273
2014-09-02T13:00,5030.068
2014-09-02T13:15,4558.369
2014-09-02T13:30,4086.67
2014-09-02T13:45,3614.97
2014-09-02T14:00,3143.271
2014-09-02T14:15,2547.15
2014-09-02T14:30,1951.03
2014-09-02T14:45,1354.91
2014-09-02T15:00,758.789
2014-09-02T15:15,862.297
2014-09-02T15:30,965.804
2014-09-02T15:45,1069.312
2014-09-02T16:00,1172.82
2014-09-02T16:15,903.877
2014-09-02T16:30,634.935
2014-09-02T16:45,365.992
2014-09-02T17:00,97.05
2014-09-02T17:15,72.788
2014-09-02T17:30,48.525
2014-09-02T17:45,24.263
2014-09-02T18:00,0.0
2014-09-02T18:15,0.0
2014-09-02T18:30,0.0
2014-09-02T18:45,0.0
2014-09-02T19:00,0.0
2014-09-02T19:15,0.0
2014-09-02T19:30,0.0
2014-09-02T19:45,0.0
2014-09-02T20:00,0.0
2014-09-02T20:15,0.0
2014-09-02T20:30,0.0
2014-09-02T20:45,0.0
2014-09-02T21:00,0.0
2014-09-02T21:15,0.0
2014-09-02T21:30,0.0
2014-09-02T21:45,0.0
2014-09-02T22:00,0.0
2014-09-02T22:15,0.0
2014-09-02T22:30,0.0
2014-09-02T22:45,0.0
2014-09-02T23:00,0.0
2014-09-02T23:15,0.0
2014-09-02T23:30,0.0
2014-09-02T23:45,0.0
2014-09-03T00:00,0.0
2014-09-03T00:15,0.0
2014-09-03T00:30,0.0
2014-09-03T00:45,0.0
2014-09-03T01:00,0.0
2014-09-03T01:15,0.0
2014-09-03T01:30,0.0
2014-09-03T01:45,0.0
2014-09-03T02:00,0.0
2014-09-03T02:15,0.0
2014-09-03T02:30,0.0
2014-09-03T02:45,0.0
2014-09-03T03:00,0.0
2014-09-03T03:15,0.0
2014-09-03T03:30,0.0
2014-09-03T03:45,0.0
2014-09-03T04:00,0.0
2014-09-03T04:15,0.0
2014-09-03T04:30,0.0
2014-09-03T04:45,0.0
2014-09-03T05:00,0.0
2014-09-03T05:15,0.0
2014-09-03T05:30,0.0
2014-09-03T05:45,0.0
2014-09-03T06:00,0.0
2014-09-03T06:15,187.765
2014-09-03T06:30,375.53
2014-09-03T06:45,563.295
2014-09-03T07:00,751.06
2014-09-03T07:15,938.807
2014-09-03T07:30,1126.553
2014-09-03T07:45,1314.3
2014-09-03T08:00,1502.047
2014-09-03T08:15,1448.073
2014-09-03T08:30,1394.1
2014-09-03T08:45,1340.126
2014-09-03T09:00,1286.152
2014-09-03T09:15,2126.419
2014-09-03T09:30,2966.685
2014-09-03T09:45,3806.951
2014-09-03T10:00,4647.218
2014-09-03T10:15,3681.063
2014-09-03T10:30,2714.909
2014-09-03T10:45,1748.754
2014-09-03T11:00,782.6
2014-09-03T11:15,865.135
2014-09-03T11:30,947.671
2014-09-03T11:45,1030.206
2014-09-03T12:00,1112.741
2014-09-03T12:15,1163.644
2014-09-03T12:30,1214.546
2014-09-03T12:45,1265.449
2014-09-03T13:00,1316.351
2014-09-03T13:15,1630.622
2014-09-03T13:30,1944.893
2014-09-03T13:45,2259.164
2014-09-03T14:00,2573.435
2014-09-03T14:15,2761.86
2014-09-03T14:30,2950.285
2014-09-03T14:45,3138.709
2014-09-03T15:00,3327.134
2014-09-03T15:15,2683.467
2014-09-03T15:30,2039.8
2014-09-03T15:45,1396.133
2014-09-03T16:00,752.467
2014-09-03T16:15,681.718
2014-09-03T16:30,610.969
2014-09-03T16:45,540.22
2014-09-03T17:00,469.472
2014-09-03T17:15,352.217
2014-09-03T17:30,234.963
2014-09-03T17:45,117.708
2014-09-03T18:00,0.454
2014-09-03T18:15,0.34
2014-09-03T18:30,0.227
2014-09-03T18:45,0.113
2014-09-03T19:00,0.0
2014-09-03T19:15,0.0
2014-09-03T19:30,0.0
2014-09-03T19:45,0.0
2014-09-03T20:00,0.0
2014-09-03T20:15,0.0
2014-09-03T20:30,0.0
2014-09-03T20:45,0.0
2014-09-03T21:00,0.0
2014-09-03T21:15,0.0
2014-09-03T21:30,0.0
2014-09-03T21:45,0.0
2014-09-03T22:00,0.0
2014-09-03T22:15,0.0
2014-09-03T22:30,0.0
2014-09-03T22:45,0.0
2014-09-03T23:00,0.0
2014-09-03T23:15,0.0
2014-09-03T23:30,0.0
2014-09-03T23:45,0.0
2014-09-04T00:00,0.0
2014-09-04T00:15,0.0
2014-09-04T00:30,0.0
2014-09-04T00:45,0.0
2014-09-04T01:00,0.0
2014-09-04T01:15,0.0
2014-09-04T01:30,0.0
2014-09-04T01:45,0.0
2014-09-04T02:00,0.0
2014-09-04T02:15,0.0
2014-09-04T02:30,0.0
2014-09-04T02:45,0.0
2014-09-04T03:00,0.0
2014-09-04T03:15,0.0
2014-09-04T03:30,0.0
2014-09-04T03:45,0.0
2014-09-04T04:00,0.0
2014-09-04T04:15,0.0
2014-09-04T04:30,0.0
2014-09-04T04:45,0.0
2014-09-04T05:00,0.0
2014-09-04T05:15,0.0
2014-09-04T05:30,0.0
2014-09-04T05:45,0.0
2014-09-04T06:00,0.0
2014-09-04T06:15,26.196
2014-09-04T06:30,52.392
2014-09-04T06:45,78.588
2014-09-04T07:00,104.785
2014-09-04T07:15,184.401
2014-09-04T07:30,264.018
2014-09-04T07:45,343.635
2014-09-04T08:00,423.251
2014-09-04T08:15,559.577
2014-09-04T08:30,695.903
2014-09-04T08:45,832.229
2014-09-04T09:00,968.555
2014-09-04T09:15,1232.494
2014-09-04T09:30,1496.434
2014-09-04T09:45,1760.373
2014-09-04T10:00,2024.312
2014-09-04T10:15,2202.912
2014-09-04T10:30,2381.511
2014-09-04T10:45,2560.11
2014-09-04T11:00,2738.71
2014-09-04T11:15,2890.124
2014-09-04T11:30,3041.539
2014-09-04T11:45,3192.954
2014-09-04T12:00,3344.368
2014-09-04T12:15,3346.74
2014-09-04T12:30,3349.112
2014-09-04T12:45,3351.483
2014-09-04T13:00,3353.855
2014-09-04T13:15,3186.943
2014-09-04T13:30,3020.03
2014-09-04T13:45,2853.118
2014-09-04T14:00,2686.206
2014-09-04T14:15,2851.837
2014-09-04T14:30,3017.467
2014-09-04T14:45,3183.098
2014-09-04T15:00,3348.728
2014-09-04T15:15,3043.144
2014-09-04T15:30,2737.56
2014-09-04T15:45,2431.976
2014-09-04T16:00,2126.392
2014-09-04T16:15,1657.237
2014-09-04T16:30,1188.081
2014-09-04T16:45,718.926
2014-09-04T17:00,249.771
2014-09-04T17:15,199.64
2014-09-04T17:30,149.509
2014-09-04T17:45,99.377
2014-09-04T18:00,49.246
2014-09-04T18:15,36.935
2014-09-04T18:30,24.623
2014-09-04T18:45,12.312
2014-09-04T19:00,0.0
2014-09-04T19:15,0.0
2014-09-04T19:30,0.0
2014-09-04T19:45,0.0
2014-09-04T20:00,0.0
2014-09-04T20:15,0.0
2014-09-04T20:30,0.0
2014-09-04T20:45,0.0
2014-09-04T21:00,0.0
2014-09-04T21:15,0.0
2014-09-04T21:30,0.0
2014-09-04T21:45,0.0
2014-09-04T22:00,0.0
2014-09-04T22:15,0.0
2014-09-04T22:30,0.0
2014-09-04T22:45,0.0
2014-09-04T23:00,0.0
2014-09-04T23:15,0.0
2014-09-04T23:30,0.0
2014-09-04T23:45,0.0
2014-09-05T00:00,0.0
2014-09-05T00:15,0.0
2014-09-05T00:30,0.0
2014-09-05T00:45,0.0
2014-09-05T01:00,0.0
2014-09-05T01:15,0.0
2014-09-05T01:30,0.0
2014-09-05T01:45,0.0
2014-09-05T02:00,0.0
2014-09-05T02:15,0.0
2014-09-05T02:30,0.0
2014-09-05T02:45,0.0
2014-09-05T03:00,0.0
2014-09-05T03:15,0.0
2014-09-05T03:30,0.0
2014-09-05T03:45,0.0
2014-09-05T04:00,0.0
2014-09-05T04:15,0.0
2014-09-05T04:30,0.0
2014-09-05T04:45,0.0
2014-09-05T05:00,0.0
2014-09-05T05:15,0.0
2014-09-05T05:30,0.0
2014-09-05T05:45,0.0
2014-09-05T06:00,0.0
2014-09-05T06:15,45.209
2014-09-05T06:30,90.418
2014-09-05T06:45,135.627
2014-09-05T07:00,180.836
2014-09-05T07:15,576.872
2014-09-05T07:30,972.908
2014-09-05T07:45,1368.944
2014-09-05T08:00,1764.98
2014-09-05T08:15,2072.427
2014-09-05T08:30,2379.875
2014-09-05T08:45,2687.322
2014-09-05T09:00,2994.769
2014-09-05T09:15,3384.805
2014-09-05T09:30,3774.841
2014-09-05T09:45,4164.877
2014-09-05T10:00,4554.913
2014-09-05T10:15,4687.203
2014-09-05T10:30,4819.494
2014-09-05T10:45,4951.785
2014-09-05T11:00,5084.076
2014-09-05T11:15,5404.398
2014-09-05T11:30,5724.72
2014-09-05T11:45,6045.042
2014-09-05T12:00,6365.364
2014-09-05T12:15,6163.984
2014-09-05T12:30,5962.604
2014-09-05T12:45,5761.225
2014-09-05T13:00,5559.845
2014-09-05T13:15,4716.586
2014-09-05T13:30,3873.327
2014-09-05T13:45,3030.068
2014-09-05T14:00,2186.809
2014-09-05T14:15,1947.188
2014-09-05T14:30,1707.567
2014-09-05T14:45,1467.946
2014-09-05T15:00,1228.325
2014-09-05T15:15,1207.271
2014-09-05T15:30,1186.217
2014-09-05T15:45,1165.163
2014-09-05T16:00,1144.109
2014-09-05T16:15,998.516
2014-09-05T16:30,852.924
2014-09-05T16:45,707.331
2014-09-05T17:00,561.738
2014-09-05T17:15,570.268
2014-09-05T17:30,578.798
2014-09-05T17:45,587.328
2014-09-05T18:00,595.858
2014-09-05T18:15,446.894
2014-09-05T18:30,297.929
2014-09-05T18:45,148.965
2014-09-05T19:00,0.0
2014-09-05T19:15,0.0
2014-09-05T19:30,0.0
2014-09-05T19:45,0.0
2014-09-05T20:00,0.0
2014-09-05T20:15,0.0
2014-09-05T20:30,0.0
2014-09-05T20:45,0.0
2014-09-05T21:00,0.0
2014-09-05T21:15,0.0
2014-09-05T21:30,0.0
2014-09-05T21:45,0.0
2014-09-05T22:00,0.0
2014-09-05T22:15,0.0
2014-09-05T22:30,0.0
2014-09-05T22:45,0.0
2014-09-05T23:00,0.0
2014-09-05T23:15,0.0
2014-09-05T23:30,0.0
2014-09-05T23:45,0.0
2014-09-06T00:00,0.0
2014-09-06T00:15,0.0
2014-09-06T00:30,0.0
2014-09-06T00:45,0.0
2014-09-06T01:00,0.0
2014-09-06T01:15,0.0
2014-09-06T01:30,0.0
2014-09-06T01:45,0.0
2014-09-06T02:00,0.0
2014-09-06T02:15,0.0
2014-09-06T02:30,0.0
2014-09-06T02:45,0.0
2014-09-06T03:00,0.0
2014-09-06T03:15,0.0
2014-09-06T03:30,0.0
2014-09-06T03:45,0.0
2014-09-06T04:00,0.0
2014-09-06T04:15,0.0
2014-09-06T04:30,0.0
2014-09-06T04:45,0.0
2014-09-06T05:00,0.0
2014-09-06T05:15,0.0
2014-09-06T05:30,0.0
2014-09-06T05:45,0.0
2014-09-06T06:00,0.0
2014-09-06T06:15,77.415
2014-09-06T06:30,154.831
2014-09-06T06:45,232.246
2014-09-06T07:00,309.662
2014-09-06T07:15,872.849
2014-09-06T07:30,1436.036
2014-09-06T07:45,1999.224
2014-09-06T08:00,2562.411
2014-09-06T08:15,2422.266
2014-09-06T08:30,2282.12
2014-09-06T08:45,2141.975
2014-09-06T09:00,2001.83
2014-09-06T09:15,1987.837
2014-09-06T09:30,1973.845
2014-09-06T09:45,1959.852
2014-09-06T10:00,1945.86
2014-09-06T10:15,2039.268
2014-09-06T10:30,2132.676
2014-09-06T10:45,2226.084
2014-09-06T11:00,2319.492
2014-09-06T11:15,2791.179
2014-09-06T11:30,3262.867
2014-09-06T11:45,3734.555
2014-09-06T12:00,4206.242
2014-09-06T12:15,4453.664
2014-09-06T12:30,4701.085
2014-09-06T12:45,4948.506
2014-09-06T13:00,5195.927
2014-09-06T13:15,4542.704
2014-09-06T13:30,3889.48
2014-09-06T13:45,3236.257
2014-09-06T14:00,2583.033
2014-09-06T14:15,2131.963
2014-09-06T14:30,1680.893
2014-09-06T14:45,1229.822
2014-09-06T15:00,778.752
2014-09-06T15:15,1073.193
2014-09-06T15:30,1367.634
2014-09-06T15:45,1662.075
2014-09-06T16:00,1956.516
2014-09-06T16:15,1814.683
2014-09-06T16:30,1672.85
2014-09-06T16:45,1531.018
2014-09-06T17:00,1389.185
2014-09-06T17:15,1210.115
2014-09-06T17:30,1031.045
2014-09-06T17:45,851.976
2014-09-06T18:00,672.906
2014-09-06T18:15,504.68
2014-09-06T18:30,336.453
2014-09-06T18:45,168.227
2014-09-06T19:00,0.0
2014-09-06T19:15,0.0
2014-09-06T19:30,0.0
2014-09-06T19:45,0.0
2014-09-06T20:00,0.0
2014-09-06T20:15,0.0
2014-09-06T20:30,0.0
2014-09-06T20:45,0.0
2014-09-06T21:00,0.0
2014-09-06T21:15,0.0
2014-09-06T21:30,0.0
2014-09-06T21:45,0.0
2014-09-06T22:00,0.0
2014-09-06T22:15,0.0
2014-09-06T22:30,0.0
2014-09-06T22:45,0.0
2014-09-06T23:00,0.0
2014-09-06T23:15,0.0
2014-09-06T23:30,0.0
2014-09-06T23:45,0.0
2014-09-07T00:00,0.0
2014-09-07T00:15,0.0
2014-09-07T00:30,0.0
2014-09-07T00:45,0.0
2014-09-07T01:00,0.0
2014-09-07T01:15,0.0
2014-09-07T01:30,0.0
2014-09-07T01:45,0.0
2014-09-07T02:00,0.0
2014-09-07T02:15,0.0
2014-09-07T02:30,0.0
2014-09-07T02:45,0.0
2014-09-07T03:00,0.0
2014-09-07T03:15,0.0
2014-09-07T03:30,0.0
2014-09-07T03:45,0.0
2014-09-07T04:00,0.0
2014-09-07T04:15,0.0
2014-09-07T04:30,0.0
2014-09-07T04:45,0.0
2014-09-07T05:00,0.0
2014-09-07T05:15,0.0
2014-09-07T05:30,0.0
2014-09-07T05:45,0.0
2014-09-07T06:00,0.0
2014-09-07T06:15,194.752
2014-09-07T06:30,389.504
2014-09-07T06:45,584.256
2014-09-07T07:00,779.008
2014-09-07T07:15,889.877
2014-09-07T07:30,1000.746
2014-09-07T07:45,1111.615
2014-09-07T08:00,1222.484
2014-09-07T08:15,1549.112
2014-09-07T08:30,1875.741
2014-09-07T08:45,2202.369
2014-09-07T09:00,2528.997
2014-09-07T09:15,2152.949
2014-09-07T09:30,1776.9
2014-09-07T09:45,1400.852
2014-09-07T10:00,1024.803
2014-09-07T10:15,1144.563
2014-09-07T10:30,1264.323
2014-09-07T10:45,1384.083
2014-09-07T11:00,1503.843
2014-09-07T11:15,1720.269
2014-09-07T11:30,1936.696
2014-09-07T11:45,2153.122
2014-09-07T12:00,2369.549
2014-09-07T12:15,2511.281
2014-09-07T12:30,2653.014
2014-09-07T12:45,2794.746
2014-09-07T13:00,2936.479
2014-09-07T13:15,2624.771
2014-09-07T13:30,2313.063
2014-09-07T13:45,2001.356
2014-09-07T14:00,1689.648
2014-09-07T14:15,1428.244
2014-09-07T14:30,1166.84
2014-09-07T14:45,905.437
2014-09-07T15:00,644.033
2014-09-07T15:15,539.121
2014-09-07T15:30,434.209
2014-09-07T15:45,329.297
2014-09-07T16:00,224.385
2014-09-07T16:15,168.442
2014-09-07T16:30,112.499
2014-09-07T16:45,56.556
2014-09-07T17:00,0.613
2014-09-07T17:15,0.46
2014-09-07T17:30,0.307
2014-09-07T17:45,0.153
2014-09-07T18:00,0.0
2014-09-07T18:15,0.0
2014-09-07T18:30,0.0
2014-09-07T18:45,0.0
2014-09-07T19:00,0.0
2014-09-07T19:15,0.0
2014-09-07T19:30,0.0
2014-09-07T19:45,0.0
2014-09-07T20:00,0.0
2014-09-07T20:15,0.0
2014-09-07T20:30,0.0
2014-09-07T20:45,0.0
2014-09-07T21:00,0.0
2014-09-07T21:15,0.0
2014-09-07T21:30,0.0
2014-09-07T21:45,0.0
2014-09-07T22:00,0.0
2014-09-07T22:15,0.0
2014-09-07T22:30,0.0
2014-09-07T22:45,0.0
2014-09-07T23:00,0.0
2014-09-07T23:15,0.0
2014-09-07T23:30,0.0
2014-09-07T23:45,0.0
2014-09-08T00:00,0.0
2014-09-08T00:15,0.0
2014-09-08T00:30,0.0
2014-09-08T00:45,0.0
2014-09-08T01:00,0.0
2014-09-08T01:15,0.0
2014-09-08T01:30,0.0
2014-09-08T01:45,0.0
2014-09-08T02:00,0.0
2014-09-08T02:15,0.0
2014-09-08T02:30,0.0
2014-09-08T02:45,0.0
2014-09-08T03:00,0.0
2014-09-08T03:15,0.0
2014-09-08T03:30,0.0
2014-09-08T03:45,0.0
2014-09-08T04:00,0.0
2014-09-08T04:15,0.0
2014-09-08T04:30,0.0
2014-09-08T04:45,0.0
2014-09-08T05:00,0.0
2014-09-08T05:15,0.0
2014-09-08T05:30,0.0
2014-09-08T05:45,0.0
2014-09-08T06:00,0.0
2014-09-08T06:15,6.644
2014-09-08T06:30,13.287
2014-09-08T06:45,19.931
2014-09-08T07:00,26.574
2014-09-08T07:15,258.204
2014-09-08T07:30,489.834
2014-09-08T07:45,721.465
2014-09-08T08:00,953.095
2014-09-08T08:15,1109.015
2014-09-08T08:30,1264.936
2014-09-08T08:45,1420.857
2014-09-08T09:00,1576.777
2014-09-08T09:15,1842.108
2014-09-08T09:30,2107.438
2014-09-08T09:45,2372.768
2014-09-08T10:00,2638.098
2014-09-08T10:15,2372.036
2014-09-08T10:30,2105.973
2014-09-08T10:45,1839.911
2014-09-08T11:00,1573.848
2014-09-08T11:15,1487.22
2014-09-08T11:30,1400.593
2014-09-08T11:45,1313.965
2014-09-08T12:00,1227.338
2014-09-08T12:15,1160.594
2014-09-08T12:30,1093.851
2014-09-08T12:45,1027.107
2014-09-08T13:00,960.363
2014-09-08T13:15,836.873
2014-09-08T13:30,713.383
2014-09-08T13:45,589.892
2014-09-08T14:00,466.402
2014-09-08T14:15,466.402
2014-09-08T14:30,466.402
2014-09-08T14:45,466.402
2014-09-08T15:00,466.402
2014-09-08T15:15,453.824
2014-09-08T15:30,441.246
2014-09-08T15:45,428.668
2014-09-08T16:00,416.09
2014-09-08T16:15,429.226
2014-09-08T16:30,442.362
2014-09-08T16:45,455.498
2014-09-08T17:00,468.634
2014-09-08T17:15,402.467
2014-09-08T17:30,336.299
2014-09-08T17:45,270.132
2014-09-08T18:00,203.965
2014-09-08T18:15,152.974
2014-09-08T18:30,101.983
2014-09-08T18:45,50.991
2014-09-08T19:00,0.0
2014-09-08T19:15,0.0
2014-09-08T19:30,0.0
2014-09-08T19:45,0.0
2014-09-08T20:00,0.0
2014-09-08T20:15,0.0
2014-09-08T20:30,0.0
2014-09-08T20:45,0.0
2014-09-08T21:00,0.0
2014-09-08T21:15,0.0
2014-09-08T21:30,0.0
2014-09-08T21:45,0.0
2014-09-08T22:00,0.0
2014-09-08T22:15,0.0
2014-09-08T22:30,0.0
2014-09-08T22:45,0.0
2014-09-08T23:00,0.0
2014-09-08T23:15,0.0
2014-09-08T23:30,0.0
2014-09-08T23:45,0.0
2014-09-09T00:00,0.0
2014-09-09T00:15,0.0
2014-09-09T00:30,0.0
2014-09-09T00:45,0.0
2014-09-09T01:00,0.0
2014-09-09T01:15,0.0
2014-09-09T01:30,0.0
2014-09-09T01:45,0.0
2014-09-09T02:00,0.0
2014-09-09T02:15,0.0
2014-09-09T02:30,0.0
2014-09-09T02:45,0.0
2014-09-09T03:00,0.0
2014-09-09T03:15,0.0
2014-09-09T03:30,0.0
2014-09-09T03:45,0.0
2014-09-09T04:00,0.0
2014-09-09T04:15,0.0
2014-09-09T04:30,0.0
2014-09-09T04:45,0.0
2014-09-09T05:00,0.0
2014-09-09T05:15,0.0
2014-09-09T05:30,0.0
2014-09-09T05:45,0.0
2014-09-09T06:00,0.0
2014-09-09T06:15,302.527
2014-09-09T06:30,605.053
2014-09-09T06:45,907.58
2014-09-09T07:00,1210.106
2014-09-09T07:15,1503.663
2014-09-09T07:30,1797.219
2014-09-09T07:45,2090.775
2014-09-09T08:00,2384.331
2014-09-09T08:15,2497.385
2014-09-09T08:30,2610.439
2014-09-09T08:45,2723.493
2014-09-09T09:00,2836.546
2014-09-09T09:15,3266.08
2014-09-09T09:30,3695.614
2014-09-09T09:45,4125.148
2014-09-09T10:00,4554.682
2014-09-09T10:15,4485.959
2014-09-09T10:30,4417.235
2014-09-09T10:45,4348.511
2014-09-09T11:00,4279.788
2014-09-09T11:15,4627.842
2014-09-09T11:30,4975.897
2014-09-09T11:45,5323.951
2014-09-09T12:00,5672.005
2014-09-09T12:15,5734.755
2014-09-09T12:30,5797.504
2014-09-09T12:45,5860.253
2014-09-09T13:00,5923.002
2014-09-09T13:15,5816.702
2014-09-09T13:30,5710.402
2014-09-09T13:45,5604.102
2014-09-09T14:00,5497.802
2014-09-09T14:15,5292.227
2014-09-09T14:30,5086.651
2014-09-09T14:45,4881.076
2014-09-09T15:00,4675.501
2014-09-09T15:15,4405.742
2014-09-09T15:30,4135.984
2014-09-09T15:45,3866.225
2014-09-09T16:00,3596.467
2014-09-09T16:15,3258.25
2014-09-09T16:30,2920.033
2014-09-09T16:45,2581.815
2014-09-09T17:00,2243.598
2014-09-09T17:15,1864.326
2014-09-09T17:30,1485.054
2014-09-09T17:45,1105.781
2014-09-09T18:00,726.509
2014-09-09T18:15,544.882
2014-09-09T18:30,363.254
2014-09-09T18:45,181.627
2014-09-09T19:00,0.0
2014-09-09T19:15,0.0
2014-09-09T19:30,0.0
2014-09-09T19:45,0.0
2014-09-09T20:00,0.0
2014-09-09T20:15,0.0
2014-09-09T20:30,0.0
2014-09-09T20:45,0.0
2014-09-09T21:00,0.0
2014-09-09T21:15,0.0
2014-09-09T21:30,0.0
2014-09-09T21:45,0.0
2014-09-09T22:00,0.0
2014-09-09T22:15,0.0
2014-09-09T22:30,0.0
2014-09-09T22:45,0.0
2014-09-09T23:00,0.0
2014-09-09T23:15,0.0
2014-09-09T23:30,0.0
2014-09-09T23:45,0.0
2014-09-10T00:00,0.0
2014-09-10T00:15,0.0
2014-09-10T00:30,0.0
2014-09-10T00:45,0.0
2014-09-10T01:00,0.0
2014-09-10T01:15,0.0
2014-09-10T01:30,0.0
2014-09-10T01:45,0.0
2014-09-10T02:00,0.0
2014-09-10T02:15,0.0
2014-09-10T02:30,0.0
2014-09-10T02:45,0.0
2014-09-10T03:00,0.0
2014-09-10T03:15,0.0
2014-09-10T03:30,0.0
2014-09-10T03:45,0.0
2014-09-10T04:00,0.0
2014-09-10T04:15,0.0
2014-09-10T04:30,0.0
2014-09-10T04:45,0.0
2014-09-10T05:00,0.0
2014-09-10T05:15,0.0
2014-09-10T05:30,0.0
2014-09-10T05:45,0.0
2014-09-10T06:00,0.0
2014-09-10T06:15,185.38
2014-09-10T06:30,370.761
2014-09-10T06:45,556.141
2014-09-10T07:00,741.522
2014-09-10T07:15,1121.597
2014-09-10T07:30,1501.672
2014-09-10T07:45,1881.746
2014-09-10T08:00,2261.821
2014-09-10T08:15,2627.103
2014-09-10T08:30,2992.385
2014-09-10T08:45,3357.668
2014-09-10T09:00,3722.95
2014-09-10T09:15,3986.131
2014-09-10T09:30,4249.312
2014-09-10T09:45,4512.494
2014-09-10T10:00,4775.675
2014-09-10T10:15,4961.751
2014-09-10T10:30,5147.826
2014-09-10T10:45,5333.901
2014-09-10T11:00,5519.976
2014-09-10T11:15,5601.631
2014-09-10T11:30,5683.285
2014-09-10T11:45,5764.94
2014-09-10T12:00,5846.594
2014-09-10T12:15,5818.116
2014-09-10T12:30,5789.638
2014-09-10T12:45,5761.159
2014-09-10T13:00,5732.681
2014-09-10T13:15,5329.841
2014-09-10T13:30,4927.001
2014-09-10T13:45,4524.16
2014-09-10T14:00,4121.32
2014-09-10T14:15,4136.41
2014-09-10T14:30,4151.499
2014-09-10T14:45,4166.589
2014-09-10T15:00,4181.678
2014-09-10T15:15,3741.512
2014-09-10T15:30,3301.345
2014-09-10T15:45,2861.178
2014-09-10T16:00,2421.012
2014-09-10T16:15,2186.258
2014-09-10T16:30,1951.504
2014-09-10T16:45,1716.75
2014-09-10T17:00,1481.996
2014-09-10T17:15,1343.03
2014-09-10T17:30,1204.065
2014-09-10T17:45,1065.099
2014-09-10T18:00,926.134
2014-09-10T18:15,694.601
2014-09-10T18:30,463.067
2014-09-10T18:45,231.534
2014-09-10T19:00,0.0
2014-09-10T19:15,0.0
2014-09-10T19:30,0.0
2014-09-10T19:45,0.0
2014-09-10T20:00,0.0
2014-09-10T20:15,0.0
2014-09-10T20:30,0.0
2014-09-10T20:45,0.0
2014-09-10T21:00,0.0
2014-09-10T21:15,0.0
2014-09-10T21:30,0.0
2014-09-10T21:45,0.0
2014-09-10T22:00,0.0
2014-09-10T22:15,0.0
2014-09-10T22:30,0.0
2014-09-10T22:45,0.0
2014-09-10T23:00,0.0
2014-09-10T23:15,0.0
2014-09-10T23:30,0.0
2014-09-10T23:45,0.0
2014-09-11T00:00,0.0
2014-09-11T00:15,0.0
2014-09-11T00:30,0.0
2014-09-11T00:45,0.0
2014-09-11T01:00,0.0
2014-09-11T01:15,0.0
2014-09-11T01:30,0.0
2014-09-11T01:45,0.0
2014-09-11T02:00,0.0
2014-09-11T02:15,0.0
2014-09-11T02:30,0.0
2014-09-11T02:45,0.0
2014-09-11T03:00,0.0
2014-09-11T03:15,0.0
2014-09-11T03:30,0.0
2014-09-11T03:45,0.0
2014-09-11T04:00,0.0
2014-09-11T04:15,0.0
2014-09-11T04:30,0.0
2014-09-11T04:45,0.0
2014-09-11T05:00,0.0
2014-09-11T05:15,0.0
2014-09-11T05:30,0.0
2014-09-11T05:45,0.0
2014-09-11T06:00,0.0
2014-09-11T06:15,172.227
2014-09-11T06:30,344.453
2014-09-11T06:45,516.68
2014-09-11T07:00,688.907
2014-09-11T07:15,1083.695
2014-09-11T07:30,1478.483
2014-09-11T07:45,1873.271
2014-09-11T08:00,2268.059
2014-09-11T08:15,2632.228
2014-09-11T08:30,2996.397
2014-09-11T08:45,3360.565
2014-09-11T09:00,3724.734
2014-09-11T09:15,3986.67
2014-09-11T09:30,4248.605
2014-09-11T09:45,4510.54
2014-09-11T10:00,4772.475
2014-09-11T10:15,4946.485
2014-09-11T10:30,5120.496
2014-09-11T10:45,5294.506
2014-09-11T11:00,5468.517
2014-09-11T11:15,5548.461
2014-09-11T11:30,5628.406
2014-09-11T11:45,5708.35
2014-09-11T12:00,5788.295
2014-09-11T12:15,5765.77
2014-09-11T12:30,5743.245
2014-09-11T12:45,5720.721
2014-09-11T13:00,5698.196
2014-09-11T13:15,5594.437
2014-09-11T13:30,5490.677
2014-09-11T13:45,5386.917
2014-09-11T14:00,5283.158
2014-09-11T14:15,5092.434
2014-09-11T14:30,4901.71
2014-09-11T14:45,4710.986
2014-09-11T15:00,4520.263
2014-09-11T15:15,4247.287
2014-09-11T15:30,3974.31
2014-09-11T15:45,3701.334
2014-09-11T16:00,3428.358
2014-09-11T16:15,3083.289
2014-09-11T16:30,2738.22
2014-09-11T16:45,2393.151
2014-09-11T17:00,2048.082
2014-09-11T17:15,1693.258
2014-09-11T17:30,1338.434
2014-09-11T17:45,983.61
2014-09-11T18:00,628.786
2014-09-11T18:15,471.589
2014-09-11T18:30,314.393
2014-09-11T18:45,157.196
2014-09-11T19:00,0.0
2014-09-11T19:15,0.0
2014-09-11T19:30,0.0
2014-09-11T19:45,0.0
2014-09-11T20:00,0.0
2014-09-11T20:15,0.0
2014-09-11T20:30,0.0
2014-09-11T20:45,0.0
2014-09-11T21:00,0.0
2014-09-11T21:15,0.0
2014-09-11T21:30,0.0
2014-09-11T21:45,0.0
2014-09-11T22:00,0.0
2014-09-11T22:15,0.0
2014-09-11T22:30,0.0
2014-09-11T22:45,0.0
2014-09-11T23:00,0.0
2014-09-11T23:15,0.0
2014-09-11T23:30,0.0
2014-09-11T23:45,0.0
2014-09-12T00:00,0.0
2014-09-12T00:15,0.0
2014-09-12T00:30,0.0
2014-09-12T00:45,0.0
2014-09-12T01:00,0.0
2014-09-12T01:15,0.0
2014-09-12T01:30,0.0
2014-09-12T01:45,0.0
2014-09-12T02:00,0.0
2014-09-12T02:15,0.0
2014-09-12T02:30,0.0
2014-09-12T02:45,0.0
2014-09-12T03:00,0.0
2014-09-12T03:15,0.0
2014-09-12T03:30,0.0
2014-09-12T03:45,0.0
2014-09-12T04:00,0.0
2014-09-12T04:15,0.0
2014-09-12T04:30,0.0
2014-09-12T04:45,0.0
2014-09-12T05:00,0.0
2014-09-12T05:15,0.0
2014-09-12T05:30,0.0
2014-09-12T05:45,0.0
2014-09-12T06:00,0.0
2014-09-12T06:15,163.974
2014-09-12T06:30,327.948
2014-09-12T06:45,491.922
2014-09-12T07:00,655.895
2014-09-12T07:15,1034.485
2014-09-12T07:30,1413.074
2014-09-12T07:45,1791.663
2014-09-12T08:00,2170.252
2014-09-12T08:15,2524.057
2014-09-12T08:30,2877.861
2014-09-12T08:45,3231.666
2014-09-12T09:00,3585.47
2014-09-12T09:15,3847.082
2014-09-12T09:30,4108.695
2014-09-12T09:45,4370.307
2014-09-12T10:00,4631.919
2014-09-12T10:15,4809.418
2014-09-12T10:30,4986.917
2014-09-12T10:45,5164.415
2014-09-12T11:00,5341.914
2014-09-12T11:15,5430.832
2014-09-12T11:30,5519.75
2014-09-12T11:45,5608.668
2014-09-12T12:00,5697.586
2014-09-12T12:15,5714.806
2014-09-12T12:30,5732.027
2014-09-12T12:45,5749.247
2014-09-12T13:00,5766.468
2014-09-12T13:15,5685.776
2014-09-12T13:30,5605.085
2014-09-12T13:45,5524.394
2014-09-12T14:00,5443.703
2014-09-12T14:15,5226.416
2014-09-12T14:30,5009.128
2014-09-12T14:45,4791.84
2014-09-12T15:00,4574.552
2014-09-12T15:15,4209.171
2014-09-12T15:30,3843.79
2014-09-12T15:45,3478.409
2014-09-12T16:00,3113.028
2014-09-12T16:15,2802.576
2014-09-12T16:30,2492.124
2014-09-12T16:45,2181.672
2014-09-12T17:00,1871.22
2014-09-12T17:15,1461.414
2014-09-12T17:30,1051.609
2014-09-12T17:45,641.803
2014-09-12T18:00,231.997
2014-09-12T18:15,173.998
2014-09-12T18:30,115.999
2014-09-12T18:45,57.999
2014-09-12T19:00,0.0
2014-09-12T19:15,0.0
2014-09-12T19:30,0.0
2014-09-12T19:45,0.0
2014-09-12T20:00,0.0
2014-09-12T20:15,0.0
2014-09-12T20:30,0.0
2014-09-12T20:45,0.0
2014-09-12T21:00,0.0
2014-09-12T21:15,0.0
2014-09-12T21:30,0.0
2014-09-12T21:45,0.0
2014-09-12T22:00,0.0
2014-09-12T22:15,0.0
2014-09-12T22:30,0.0
2014-09-12T22:45,0.0
2014-09-12T23:00,0.0
2014-09-12T23:15,0.0
2014-09-12T23:30,0.0
2014-09-12T23:45,0.0
2014-09-13T00:00,0.0
2014-09-13T00:15,0.0
2014-09-13T00:30,0.0
2014-09-13T00:45,0.0
2014-09-13T01:00,0.0
2014-09-13T01:15,0.0
2014-09-13T01:30,0.0
2014-09-13T01:45,0.0
2014-09-13T02:00,0.0
2014-09-13T02:15,0.0
2014-09-13T02:30,0.0
2014-09-13T02:45,0.0
2014-09-13T03:00,0.0
2014-09-13T03:15,0.0
2014-09-13T03:30,0.0
2014-09-13T03:45,0.0
2014-09-13T04:00,0.0
2014-09-13T04:15,0.0
2014-09-13T04:30,0.0
2014-09-13T04:45,0.0
2014-09-13T05:00,0.0
2014-09-13T05:15,0.0
2014-09-13T05:30,0.0
2014-09-13T05:45,0.0
2014-09-13T06:00,0.0
2014-09-13T06:15,176.572
2014-09-13T06:30,353.144
2014-09-13T06:45,529.716
2014-09-13T07:00,706.288
2014-09-13T07:15,991.577
2014-09-13T07:30,1276.866
2014-09-13T07:45,1562.155
2014-09-13T08:00,1847.444
2014-09-13T08:15,2127.521
2014-09-13T08:30,2407.598
2014-09-13T08:45,2687.674
2014-09-13T09:00,2967.751
2014-09-13T09:15,3297.876
2014-09-13T09:30,3628.0
2014-09-13T09:45,3958.125
2014-09-13T10:00,4288.25
2014-09-13T10:15,4590.615
2014-09-13T10:30,4892.981
2014-09-13T10:45,5195.347
2014-09-13T11:00,5497.713
2014-09-13T11:15,5495.369
2014-09-13T11:30,5493.026
2014-09-13T11:45,5490.683
2014-09-13T12:00,5488.34
2014-09-13T12:15,5499.166
2014-09-13T12:30,5509.991
2014-09-13T12:45,5520.817
2014-09-13T13:00,5531.643
2014-09-13T13:15,5521.297
2014-09-13T13:30,5510.951
2014-09-13T13:45,5500.605
2014-09-13T14:00,5490.259
2014-09-13T14:15,4965.648
2014-09-13T14:30,4441.037
2014-09-13T14:45,3916.426
2014-09-13T15:00,3391.815
2014-09-13T15:15,3077.808
2014-09-13T15:30,2763.801
2014-09-13T15:45,2449.794
2014-09-13T16:00,2135.787
2014-09-13T16:15,1891.891
2014-09-13T16:30,1647.994
2014-09-13T16:45,1404.098
2014-09-13T17:00,1160.202
2014-09-13T17:15,949.624
2014-09-13T17:30,739.046
2014-09-13T17:45,528.469
2014-09-13T18:00,317.891
2014-09-13T18:15,238.418
2014-09-13T18:30,158.945
2014-09-13T18:45,79.473
2014-09-13T19:00,0.0
2014-09-13T19:15,0.0
2014-09-13T19:30,0.0
2014-09-13T19:45,0.0
2014-09-13T20:00,0.0
2014-09-13T20:15,0.0
2014-09-13T20:30,0.0
2014-09-13T20:45,0.0
2014-09-13T21:00,0.0
2014-09-13T21:15,0.0
2014-09-13T21:30,0.0
2014-09-13T21:45,0.0
2014-09-13T22:00,0.0
2014-09-13T22:15,0.0
2014-09-13T22:30,0.0
2014-09-13T22:45,0.0
2014-09-13T23:00,0.0
2014-09-13T23:15,0.0
2014-09-13T23:30,0.0
2014-09-13T23:45,0.0
2014-09-14T00:00,0.0
2014-09-14T00:15,0.0
2014-09-14T00:30,0.0
2014-09-14T00:45,0.0
2014-09-14T01:00,0.0
2014-09-14T01:15,0.0
2014-09-14T01:30,0.0
2014-09-14T01:45,0.0
2014-09-14T02:00,0.0
2014-09-14T02:15,0.0
2014-09-14T02:30,0.0
2014-09-14T02:45,0.0
2014-09-14T03:00,0.0
2014-09-14T03:15,0.0
2014-09-14T03:30,0.0
2014-09-14T03:45,0.0
2014-09-14T04:00,0.0
2014-09-14T04:15,0.0
2014-09-14T04:30,0.0
2014-09-14T04:45,0.0
2014-09-14T05:00,0.0
2014-09-14T05:15,0.0
2014-09-14T05:30,0.0
2014-09-14T05:45,0.0
2014-09-14T06:00,0.0
2014-09-14T06:15,25.366
2014-09-14T06:30,50.731
2014-09-14T06:45,76.097
2014-09-14T07:00,101.463
2014-09-14T07:15,287.712
2014-09-14T07:30,473.961
2014-09-14T07:45,660.211
2014-09-14T08:00,846.46
2014-09-14T08:15,1064.837
2014-09-14T08:30,1283.214
2014-09-14T08:45,1501.591
2014-09-14T09:00,1719.968
2014-09-14T09:15,2083.312
2014-09-14T09:30,2446.655
2014-09-14T09:45,2809.999
2014-09-14T10:00,3173.343
2014-09-14T10:15,2972.25
2014-09-14T10:30,2771.158
2014-09-14T10:45,2570.065
2014-09-14T11:00,2368.972
2014-09-14T11:15,2489.435
2014-09-14T11:30,2609.899
2014-09-14T11:45,2730.362
2014-09-14T12:00,2850.826
2014-09-14T12:15,3057.749
2014-09-14T12:30,3264.673
2014-09-14T12:45,3471.597
2014-09-14T13:00,3678.52
2014-09-14T13:15,3827.49
2014-09-14T13:30,3976.459
2014-09-14T13:45,4125.429
2014-09-14T14:00,4274.399
2014-09-14T14:15,4154.948
2014-09-14T14:30,4035.497
2014-09-14T14:45,3916.047
2014-09-14T15:00,3796.596
2014-09-14T15:15,3433.093
2014-09-14T15:30,3069.59
2014-09-14T15:45,2706.088
2014-09-14T16:00,2342.585
2014-09-14T16:15,2098.72
2014-09-14T16:30,1854.855
2014-09-14T16:45,1610.99
2014-09-14T17:00,1367.125
2014-09-14T17:15,1092.631
2014-09-14T17:30,818.137
2014-09-14T17:45,543.643
2014-09-14T18:00,269.149
2014-09-14T18:15,201.861
2014-09-14T18:30,134.574
2014-09-14T18:45,67.287
2014-09-14T19:00,0.0
2014-09-14T19:15,0.0
2014-09-14T19:30,0.0
2014-09-14T19:45,0.0
2014-09-14T20:00,0.0
2014-09-14T20:15,0.0
2014-09-14T20:30,0.0
2014-09-14T20:45,0.0
2014-09-14T21:00,0.0
2014-09-14T21:15,0.0
2014-09-14T21:30,0.0
2014-09-14T21:45,0.0
2014-09-14T22:00,0.0
2014-09-14T22:15,0.0
2014-09-14T22:30,0.0
2014-09-14T22:45,0.0
2014-09-14T23:00,0.0
2014-09-14T23:15,0.0
2014-09-14T23:30,0.0
2014-09-14T23:45,0.0
2014-09-15T00:00,0.0
2014-09-15T00:15,0.0
2014-09-15T00:30,0.0
2014-09-15T00:45,0.0
2014-09-15T01:00,0.0
2014-09-15T01:15,0.0
2014-09-15T01:30,0.0
2014-09-15T01:45,0.0
2014-09-15T02:00,0.0
2014-09-15T02:15,0.0
2014-09-15T02:30,0.0
2014-09-15T02:45,0.0
2014-09-15T03:00,0.0
2014-09-15T03:15,0.0
2014-09-15T03:30,0.0
2014-09-15T03:45,0.0
2014-09-15T04:00,0.0
2014-09-15T04:15,0.0
2014-09-15T04:30,0.0
2014-09-15T04:45,0.0
2014-09-15T05:00,0.0
2014-09-15T05:15,0.0
2014-09-15T05:30,0.0
2014-09-15T05:45,0.0
2014-09-15T06:00,0.0
2014-09-15T06:15,86.402
2014-09-15T06:30,172.803
2014-09-15T06:45,259.205
2014-09-15T07:00,345.606
2014-09-15T07:15,582.901
2014-09-15T07:30,820.196
2014-09-15T07:45,1057.491
2014-09-15T08:00,1294.786
2014-09-15T08:15,1284.05
2014-09-15T08:30,1273.315
2014-09-15T08:45,1262.579
2014-09-15T09:00,1251.843
2014-09-15T09:15,1221.284
2014-09-15T09:30,1190.724
2014-09-15T09:45,1160.164
2014-09-15T10:00,1129.604
2014-09-15T10:15,1253.959
2014-09-15T10:30,1378.315
2014-09-15T10:45,1502.67
2014-09-15T11:00,1627.026
2014-09-15T11:15,2011.336
2014-09-15T11:30,2395.646
2014-09-15T11:45,2779.956
2014-09-15T12:00,3164.267
2014-09-15T12:15,3805.181
2014-09-15T12:30,4446.095
2014-09-15T12:45,5087.009
2014-09-15T13:00,5727.923
2014-09-15T13:15,5527.703
2014-09-15T13:30,5327.483
2014-09-15T13:45,5127.263
2014-09-15T14:00,4927.042
2014-09-15T14:15,4303.092
2014-09-15T14:30,3679.142
2014-09-15T14:45,3055.191
2014-09-15T15:00,2431.241
2014-09-15T15:15,2219.534
2014-09-15T15:30,2007.828
2014-09-15T15:45,1796.121
2014-09-15T16:00,1584.415
2014-09-15T16:15,1401.692
2014-09-15T16:30,1218.968
2014-09-15T16:45,1036.245
2014-09-15T17:00,853.522
2014-09-15T17:15,721.835
2014-09-15T17:30,590.149
2014-09-15T17:45,458.462
2014-09-15T18:00,326.775
2014-09-15T18:15,245.082
2014-09-15T18:30,163.388
2014-09-15T18:45,81.694
2014-09-15T19:00,0.0
2014-09-15T19:15,0.0
2014-09-15T19:30,0.0
2014-09-15T19:45,0.0
2014-09-15T20:00,0.0
2014-09-15T20:15,0.0
2014-09-15T20:30,0.0
2014-09-15T20:45,0.0
2014-09-15T21:00,0.0
2014-09-15T21:15,0.0
2014-09-15T21:30,0.0
2014-09-15T21:45,0.0
2014-09-15T22:00,0.0
2014-09-15T22:15,0.0
2014-09-15T22:30,0.0
2014-09-15T22:45,0.0
2014-09-15T23:00,0.0
2014-09-15T23:15,0.0
2014-09-15T23:30,0.0
2014-09-15T23:45,0.0
2014-09-16T00:00,0.0
2014-09-16T00:15,0.0
2014-09-16T00:30,0.0
2014-09-16T00:45,0.0
2014-09-16T01:00,0.0
2014-09-16T01:15,0.0
2014-09-16T01:30,0.0
2014-09-16T01:45,0.0
2014-09-16T02:00,0.0
2014-09-16T02:15,0.0
2014-09-16T02:30,0.0
2014-09-16T02:45,0.0
2014-09-16T03:00,0.0
2014-09-16T03:15,0.0
2014-09-16T03:30,0.0
2014-09-16T03:45,0.0
2014-09-16T04:00,0.0
2014-09-16T04:15,0.0
2014-09-16T04:30,0.0
2014-09-16T04:45,0.0
2014-09-16T05:00,0.0
2014-09-16T05:15,0.0
2014-09-16T05:30,0.0
2014-09-16T05:45,0.0
2014-09-16T06:00,0.0
2014-09-16T06:15,105.847
2014-09-16T06:30,211.693
2014-09-16T06:45,317.54
2014-09-16T07:00,423.386
2014-09-16T07:15,638.644
2014-09-16T07:30,853.902
2014-09-16T07:45,1069.161
2014-09-16T08:00,1284.419
2014-09-16T08:15,1698.213
2014-09-16T08:30,2112.008
2014-09-16T08:45,2525.803
2014-09-16T09:00,2939.597
2014-09-16T09:15,3142.275
2014-09-16T09:30,3344.953
2014-09-16T09:45,3547.631
2014-09-16T10:00,3750.309
2014-09-16T10:15,4064.067
2014-09-16T10:30,4377.826
2014-09-16T10:45,4691.585
2014-09-16T11:00,5005.343
2014-09-16T11:15,4998.253
2014-09-16T11:30,4991.162
2014-09-16T11:45,4984.072
2014-09-16T12:00,4976.981
2014-09-16T12:15,5020.866
2014-09-16T12:30,5064.751
2014-09-16T12:45,5108.637
2014-09-16T13:00,5152.522
2014-09-16T13:15,5043.901
2014-09-16T13:30,4935.281
2014-09-16T13:45,4826.661
2014-09-16T14:00,4718.041
2014-09-16T14:15,4564.055
2014-09-16T14:30,4410.069
2014-09-16T14:45,4256.083
2014-09-16T15:00,4102.097
2014-09-16T15:15,3704.723
2014-09-16T15:30,3307.349
2014-09-16T15:45,2909.975
2014-09-16T16:00,2512.601
2014-09-16T16:15,2183.486
2014-09-16T16:30,1854.371
2014-09-16T16:45,1525.256
2014-09-16T17:00,1196.141
2014-09-16T17:15,956.25
2014-09-16T17:30,716.358
2014-09-16T17:45,476.466
2014-09-16T18:00,236.574
2014-09-16T18:15,177.431
2014-09-16T18:30,118.287
2014-09-16T18:45,59.144
2014-09-16T19:00,0.0
2014-09-16T19:15,0.0
2014-09-16T19:30,0.0
2014-09-16T19:45,0.0
2014-09-16T20:00,0.0
2014-09-16T20:15,0.0
2014-09-16T20:30,0.0
2014-09-16T20:45,0.0
2014-09-16T21:00,0.0
2014-09-16T21:15,0.0
2014-09-16T21:30,0.0
2014-09-16T21:45,0.0
2014-09-16T22:00,0.0
2014-09-16T22:15,0.0
2014-09-16T22:30,0.0
2014-09-16T22:45,0.0
2014-09-16T23:00,0.0
2014-09-16T23:15,0.0
2014-09-16T23:30,0.0
2014-09-16T23:45,0.0
2014-09-17T00:00,0.0
2014-09-17T00:15,0.0
2014-09-17T00:30,0.0
2014-09-17T00:45,0.0
2014-09-17T01:00,0.0
2014-09-17T01:15,0.0
2014-09-17T01:30,0.0
2014-09-17T01:45,0.0
2014-09-17T02:00,0.0
2014-09-17T02:15,0.0
2014-09-17T02:30,0.0
2014-09-17T02:45,0.0
2014-09-17T03:00,0.0
2014-09-17T03:15,0.0
2014-09-17T03:30,0.0
2014-09-17T03:45,0.0
2014-09-17T04:00,0.0
2014-09-17T04:15,0.0
2014-09-17T04:30,0.0
2014-09-17T04:45,0.0
2014-09-17T05:00,0.0
2014-09-17T05:15,0.0
2014-09-17T05:30,0.0
2014-09-17T05:45,0.0
2014-09-17T06:00,0.0
2014-09-17T06:15,58.468
2014-09-17T06:30,116.936
2014-09-17T06:45,175.404
2014-09-17T07:00,233.872
2014-09-17T07:15,368.953
2014-09-17T07:30,504.035
2014-09-17T07:45,639.116
2014-09-17T08:00,774.197
2014-09-17T08:15,706.859
2014-09-17T08:30,639.521
2014-09-17T08:45,572.183
2014-09-17T09:00,504.844
2014-09-17T09:15,634.162
2014-09-17T09:30,763.479
2014-09-17T09:45,892.796
2014-09-17T10:00,1022.114
2014-09-17T10:15,879.383
2014-09-17T10:30,736.651
2014-09-17T10:45,593.92
2014-09-17T11:00,451.189
2014-09-17T11:15,767.224
2014-09-17T11:30,1083.259
2014-09-17T11:45,1399.295
2014-09-17T12:00,1715.33
2014-09-17T12:15,2348.052
2014-09-17T12:30,2980.773
2014-09-17T12:45,3613.495
2014-09-17T13:00,4246.217
2014-09-17T13:15,4271.35
2014-09-17T13:30,4296.483
2014-09-17T13:45,4321.616
2014-09-17T14:00,4346.748
2014-09-17T14:15,3844.346
2014-09-17T14:30,3341.944
2014-09-17T14:45,2839.542
2014-09-17T15:00,2337.14
2014-09-17T15:15,1864.438
2014-09-17T15:30,1391.736
2014-09-17T15:45,919.035
2014-09-17T16:00,446.333
2014-09-17T16:15,334.75
2014-09-17T16:30,223.167
2014-09-17T16:45,111.583
2014-09-17T17:00,0.0
2014-09-17T17:15,0.0
2014-09-17T17:30,0.0
2014-09-17T17:45,0.0
2014-09-17T18:00,0.0
2014-09-17T18:15,0.0
2014-09-17T18:30,0.0
2014-09-17T18:45,0.0
2014-09-17T19:00,0.0
2014-09-17T19:15,0.0
2014-09-17T19:30,0.0
2014-09-17T19:45,0.0
2014-09-17T20:00,0.0
2014-09-17T20:15,0.0
2014-09-17T20:30,0.0
2014-09-17T20:45,0.0
2014-09-17T21:00,0.0
2014-09-17T21:15,0.0
2014-09-17T21:30,0.0
2014-09-17T21:45,0.0
2014-09-17T22:00,0.0
2014-09-17T22:15,0.0
2014-09-17T22:30,0.0
2014-09-17T22:45,0.0
2014-09-17T23:00,0.0
2014-09-17T23:15,0.0
2014-09-17T23:30,0.0
2014-09-17T23:45,0.0
2014-09-18T00:00,0.0
2014-09-18T00:15,0.0
2014-09-18T00:30,0.0
2014-09-18T00:45,0.0
2014-09-18T01:00,0.0
2014-09-18T01:15,0.0
2014-09-18T01:30,0.0
2014-09-18T01:45,0.0
2014-09-18T02:00,0.0
2014-09-18T02:15,0.0
2014-09-18T02:30,0.0
2014-09-18T02:45,0.0
2014-09-18T03:00,0.0
2014-09-18T03:15,0.0
2014-09-18T03:30,0.0
2014-09-18T03:45,0.0
2014-09-18T04:00,0.0
2014-09-18T04:15,0.0
2014-09-18T04:30,0.0
2014-09-18T04:45,0.0
2014-09-18T05:00,0.0
2014-09-18T05:15,0.0
2014-09-18T05:30,0.0
2014-09-18T05:45,0.0
2014-09-18T06:00,0.0
2014-09-18T06:15,0.0
2014-09-18T06:30,0.0
2014-09-18T06:45,0.0
2014-09-18T07:00,0.0
2014-09-18T07:15,0.286
2014-09-18T07:30,0.573
2014-09-18T07:45,0.859
2014-09-18T08:00,1.146
2014-09-18T08:15,7.256
2014-09-18T08:30,13.367
2014-09-18T08:45,19.478
2014-09-18T09:00,25.588
2014-09-18T09:15,49.639
2014-09-18T09:30,73.689
2014-09-18T09:45,97.74
2014-09-18T10:00,121.791
2014-09-18T10:15,209.48
2014-09-18T10:30,297.17
2014-09-18T10:45,384.86
2014-09-18T11:00,472.55
2014-09-18T11:15,572.982
2014-09-18T11:30,673.413
2014-09-18T11:45,773.845
2014-09-18T12:00,874.277
2014-09-18T12:15,824.36
2014-09-18T12:30,774.443
2014-09-18T12:45,724.527
2014-09-18T13:00,674.61
2014-09-18T13:15,782.919
2014-09-18T13:30,891.227
2014-09-18T13:45,999.536
2014-09-18T14:00,1107.844
2014-09-18T14:15,1100.603
2014-09-18T14:30,1093.363
2014-09-18T14:45,1086.122
2014-09-18T15:00,1078.881
2014-09-18T15:15,834.63
2014-09-18T15:30,590.379
2014-09-18T15:45,346.127
2014-09-18T16:00,101.876
2014-09-18T16:15,139.377
2014-09-18T16:30,176.877
2014-09-18T16:45,214.378
2014-09-18T17:00,251.878
2014-09-18T17:15,188.909
2014-09-18T17:30,125.939
2014-09-18T17:45,62.97
2014-09-18T18:00,0.0
2014-09-18T18:15,0.0
2014-09-18T18:30,0.0
2014-09-18T18:45,0.0
2014-09-18T19:00,0.0
2014-09-18T19:15,0.0
2014-09-18T19:30,0.0
2014-09-18T19:45,0.0
2014-09-18T20:00,0.0
2014-09-18T20:15,0.0
2014-09-18T20:30,0.0
2014-09-18T20:45,0.0
2014-09-18T21:00,0.0
2014-09-18T21:15,0.0
2014-09-18T21:30,0.0
2014-09-18T21:45,0.0
2014-09-18T22:00,0.0
2014-09-18T22:15,0.0
2014-09-18T22:30,0.0
2014-09-18T22:45,0.0
2014-09-18T23:00,0.0
2014-09-18T23:15,0.0
2014-09-18T23:30,0.0
2014-09-18T23:45,0.0
2014-09-19T00:00,0.0
2014-09-19T00:15,0.0
2014-09-19T00:30,0.0
2014-09-19T00:45,0.0
2014-09-19T01:00,0.0
2014-09-19T01:15,0.0
2014-09-19T01:30,0.0
2014-09-19T01:45,0.0
2014-09-19T02:00,0.0
2014-09-19T02:15,0.0
2014-09-19T02:30,0.0
2014-09-19T02:45,0.0
2014-09-19T03:00,0.0
2014-09-19T03:15,0.0
2014-09-19T03:30,0.0
2014-09-19T03:45,0.0
2014-09-19T04:00,0.0
2014-09-19T04:15,0.0
2014-09-19T04:30,0.0
2014-09-19T04:45,0.0
2014-09-19T05:00,0.0
2014-09-19T05:15,0.0
2014-09-19T05:30,0.0
2014-09-19T05:45,0.0
2014-09-19T06:00,0.0
2014-09-19T06:15,30.561
2014-09-19T06:30,61.121
2014-09-19T06:45,91.682
2014-09-19T07:00,122.242
2014-09-19T07:15,290.491
2014-09-19T07:30,458.741
2014-09-19T07:45,626.99
2014-09-19T08:00,795.239
2014-09-19T08:15,1318.15
2014-09-19T08:30,1841.061
2014-09-19T08:45,2363.972
2014-09-19T09:00,2886.883
2014-09-19T09:15,3011.798
2014-09-19T09:30,3136.712
2014-09-19T09:45,3261.626
2014-09-19T10:00,3386.541
2014-09-19T10:15,2886.682
2014-09-19T10:30,2386.824
2014-09-19T10:45,1886.966
2014-09-19T11:00,1387.107
2014-09-19T11:15,1415.62
2014-09-19T11:30,1444.133
2014-09-19T11:45,1472.645
2014-09-19T12:00,1501.158
2014-09-19T12:15,1300.714
2014-09-19T12:30,1100.27
2014-09-19T12:45,899.826
2014-09-19T13:00,699.382
2014-09-19T13:15,865.917
2014-09-19T13:30,1032.453
2014-09-19T13:45,1198.988
2014-09-19T14:00,1365.523
2014-09-19T14:15,1974.486
2014-09-19T14:30,2583.45
2014-09-19T14:45,3192.414
2014-09-19T15:00,3801.378
2014-09-19T15:15,3216.589
2014-09-19T15:30,2631.801
2014-09-19T15:45,2047.013
2014-09-19T16:00,1462.224
2014-09-19T16:15,1520.092
2014-09-19T16:30,1577.96
2014-09-19T16:45,1635.828
2014-09-19T17:00,1693.696
2014-09-19T17:15,1307.792
2014-09-19T17:30,921.888
2014-09-19T17:45,535.984
2014-09-19T18:00,150.08
2014-09-19T18:15,112.56
2014-09-19T18:30,75.04
2014-09-19T18:45,37.52
2014-09-19T19:00,0.0
2014-09-19T19:15,0.0
2014-09-19T19:30,0.0
2014-09-19T19:45,0.0
2014-09-19T20:00,0.0
2014-09-19T20:15,0.0
2014-09-19T20:30,0.0
2014-09-19T20:45,0.0
2014-09-19T21:00,0.0
2014-09-19T21:15,0.0
2014-09-19T21:30,0.0
2014-09-19T21:45,0.0
2014-09-19T22:00,0.0
2014-09-19T22:15,0.0
2014-09-19T22:30,0.0
2014-09-19T22:45,0.0
2014-09-19T23:00,0.0
2014-09-19T23:15,0.0
2014-09-19T23:30,0.0
2014-09-19T23:45,0.0
2014-09-20T00:00,0.0
2014-09-20T00:15,0.0
2014-09-20T00:30,0.0
2014-09-20T00:45,0.0
2014-09-20T01:00,0.0
2014-09-20T01:15,0.0
2014-09-20T01:30,0.0
2014-09-20T01:45,0.0
2014-09-20T02:00,0.0
2014-09-20T02:15,0.0
2014-09-20T02:30,0.0
2014-09-20T02:45,0.0
2014-09-20T03:00,0.0
2014-09-20T03:15,0.0
2014-09-20T03:30,0.0
2014-09-20T03:45,0.0
2014-09-20T04:00,0.0
2014-09-20T04:15,0.0
2014-09-20T04:30,0.0
2014-09-20T04:45,0.0
2014-09-20T05:00,0.0
2014-09-20T05:15,0.0
2014-09-20T05:30,0.0
2014-09-20T05:45,0.0
2014-09-20T06:00,0.0
2014-09-20T06:15,94.023
2014-09-20T06:30,188.046
2014-09-20T06:45,282.069
2014-09-20T07:00,376.092
2014-09-20T07:15,729.109
2014-09-20T07:30,1082.127
2014-09-20T07:45,1435.144
2014-09-20T08:00,1788.162
2014-09-20T08:15,2157.468
2014-09-20T08:30,2526.775
2014-09-20T08:45,2896.081
2014-09-20T09:00,3265.388
2014-09-20T09:15,3544.672
2014-09-20T09:30,3823.955
2014-09-20T09:45,4103.239
2014-09-20T10:00,4382.523
2014-09-20T10:15,4563.557
2014-09-20T10:30,4744.592
2014-09-20T10:45,4925.627
2014-09-20T11:00,5106.661
2014-09-20T11:15,5199.41
2014-09-20T11:30,5292.158
2014-09-20T11:45,5384.906
2014-09-20T12:00,5477.655
2014-09-20T12:15,5463.517
2014-09-20T12:30,5449.379
2014-09-20T12:45,5435.242
2014-09-20T13:00,5421.104
2014-09-20T13:15,5307.635
2014-09-20T13:30,5194.165
2014-09-20T13:45,5080.696
2014-09-20T14:00,4967.227
2014-09-20T14:15,4769.944
2014-09-20T14:30,4572.662
2014-09-20T14:45,4375.379
2014-09-20T15:00,4178.096
2014-09-20T15:15,3894.13
2014-09-20T15:30,3610.164
2014-09-20T15:45,3326.198
2014-09-20T16:00,3042.232
2014-09-20T16:15,2696.04
2014-09-20T16:30,2349.848
2014-09-20T16:45,2003.656
2014-09-20T17:00,1657.464
2014-09-20T17:15,1313.754
2014-09-20T17:30,970.044
2014-09-20T17:45,626.334
2014-09-20T18:00,282.624
2014-09-20T18:15,211.968
2014-09-20T18:30,141.312
2014-09-20T18:45,70.656
2014-09-20T19:00,0.0
2014-09-20T19:15,0.0
2014-09-20T19:30,0.0
2014-09-20T19:45,0.0
2014-09-20T20:00,0.0
2014-09-20T20:15,0.0
2014-09-20T20:30,0.0
2014-09-20T20:45,0.0
2014-09-20T21:00,0.0
2014-09-20T21:15,0.0
2014-09-20T21:30,0.0
2014-09-20T21:45,0.0
2014-09-20T22:00,0.0
2014-09-20T22:15,0.0
2014-09-20T22:30,0.0
2014-09-20T22:45,0.0
2014-09-20T23:00,0.0
2014-09-20T23:15,0.0
2014-09-20T23:30,0.0
2014-09-20T23:45,0.0
2014-09-21T00:00,0.0
2014-09-21T00:15,0.0
2014-09-21T00:30,0.0
2014-09-21T00:45,0.0
2014-09-21T01:00,0.0
2014-09-21T01:15,0.0
2014-09-21T01:30,0.0
2014-09-21T01:45,0.0
2014-09-21T02:00,0.0
2014-09-21T02:15,0.0
2014-09-21T02:30,0.0
2014-09-21T02:45,0.0
2014-09-21T03:00,0.0
2014-09-21T03:15,0.0
2014-09-21T03:30,0.0
2014-09-21T03:45,0.0
2014-09-21T04:00,0.0
2014-09-21T04:15,0.0
2014-09-21T04:30,0.0
2014-09-21T04:45,0.0
2014-09-21T05:00,0.0
2014-09-21T05:15,0.0
2014-09-21T05:30,0.0
2014-09-21T05:45,0.0
2014-09-21T06:00,0.0
2014-09-21T06:15,57.115
2014-09-21T06:30,114.23
2014-09-21T06:45,171.344
2014-09-21T07:00,228.459
2014-09-21T07:15,378.747
2014-09-21T07:30,529.034
2014-09-21T07:45,679.322
2014-09-21T08:00,829.609
2014-09-21T08:15,784.392
2014-09-21T08:30,739.175
2014-09-21T08:45,693.957
2014-09-21T09:00,648.74
2014-09-21T09:15,961.791
2014-09-21T09:30,1274.841
2014-09-21T09:45,1587.892
2014-09-21T10:00,1900.942
2014-09-21T10:15,2750.849
2014-09-21T10:30,3600.755
2014-09-21T10:45,4450.662
2014-09-21T11:00,5300.568
2014-09-21T11:15,4754.828
2014-09-21T11:30,4209.087
2014-09-21T11:45,3663.347
2014-09-21T12:00,3117.606
2014-09-21T12:15,3034.985
2014-09-21T12:30,2952.364
2014-09-21T12:45,2869.742
2014-09-21T13:00,2787.121
2014-09-21T13:15,2669.766
2014-09-21T13:30,2552.411
2014-09-21T13:45,2435.056
2014-09-21T14:00,2317.701
2014-09-21T14:15,1961.92
2014-09-21T14:30,1606.139
2014-09-21T14:45,1250.358
2014-09-21T15:00,894.578
2014-09-21T15:15,983.392
2014-09-21T15:30,1072.206
2014-09-21T15:45,1161.021
2014-09-21T16:00,1249.835
2014-09-21T16:15,1112.319
2014-09-21T16:30,974.803
2014-09-21T16:45,837.287
2014-09-21T17:00,699.771
2014-09-21T17:15,524.829
2014-09-21T17:30,349.886
2014-09-21T17:45,174.943
2014-09-21T18:00,0.0
2014-09-21T18:15,0.0
2014-09-21T18:30,0.0
2014-09-21T18:45,0.0
2014-09-21T19:00,0.0
2014-09-21T19:15,0.0
2014-09-21T19:30,0.0
2014-09-21T19:45,0.0
2014-09-21T20:00,0.0
2014-09-21T20:15,0.0
2014-09-21T20:30,0.0
2014-09-21T20:45,0.0
2014-09-21T21:00,0.0
2014-09-21T21:15,0.0
2014-09-21T21:30,0.0
2014-09-21T21:45,0.0
2014-09-21T22:00,0.0
2014-09-21T22:15,0.0
2014-09-21T22:30,0.0
2014-09-21T22:45,0.0
2014-09-21T23:00,0.0
2014-09-21T23:15,0.0
2014-09-21T23:30,0.0
2014-09-21T23:45,0.0
2014-09-22T00:00,0.0
2014-09-22T00:15,0.0
2014-09-22T00:30,0.0
2014-09-22T00:45,0.0
2014-09-22T01:00,0.0
2014-09-22T01:15,0.0
2014-09-22T01:30,0.0
2014-09-22T01:45,0.0
2014-09-22T02:00,0.0
2014-09-22T02:15,0.0
2014-09-22T02:30,0.0
2014-09-22T02:45,0.0
2014-09-22T03:00,0.0
2014-09-22T03:15,0.0
2014-09-22T03:30,0.0
2014-09-22T03:45,0.0
2014-09-22T04:00,0.0
2014-09-22T04:15,0.0
2014-09-22T04:30,0.0
2014-09-22T04:45,0.0
2014-09-22T05:00,0.0
2014-09-22T05:15,0.0
2014-09-22T05:30,0.0
2014-09-22T05:45,0.0
2014-09-22T06:00,0.0
2014-09-22T06:15,0.0
2014-09-22T06:30,0.0
2014-09-22T06:45,0.0
2014-09-22T07:00,0.0
2014-09-22T07:15,45.068
2014-09-22T07:30,90.137
2014-09-22T07:45,135.205
2014-09-22T08:00,180.274
2014-09-22T08:15,234.556
2014-09-22T08:30,288.838
2014-09-22T08:45,343.121
2014-09-22T09:00,397.403
2014-09-22T09:15,384.634
2014-09-22T09:30,371.866
2014-09-22T09:45,359.097
2014-09-22T10:00,346.329
2014-09-22T10:15,373.831
2014-09-22T10:30,401.334
2014-09-22T10:45,428.836
2014-09-22T11:00,456.339
2014-09-22T11:15,386.937
2014-09-22T11:30,317.535
2014-09-22T11:45,248.133
2014-09-22T12:00,178.731
2014-09-22T12:15,160.14
2014-09-22T12:30,141.549
2014-09-22T12:45,122.958
2014-09-22T13:00,104.368
2014-09-22T13:15,108.78
2014-09-22T13:30,113.192
2014-09-22T13:45,117.604
2014-09-22T14:00,122.016
2014-09-22T14:15,104.174
2014-09-22T14:30,86.331
2014-09-22T14:45,68.489
2014-09-22T15:00,50.646
2014-09-22T15:15,57.224
2014-09-22T15:30,63.802
2014-09-22T15:45,70.38
2014-09-22T16:00,76.958
2014-09-22T16:15,77.026
2014-09-22T16:30,77.095
2014-09-22T16:45,77.163
2014-09-22T17:00,77.231
2014-09-22T17:15,57.923
2014-09-22T17:30,38.616
2014-09-22T17:45,19.308
2014-09-22T18:00,0.0
2014-09-22T18:15,0.0
2014-09-22T18:30,0.0
2014-09-22T18:45,0.0
2014-09-22T19:00,0.0
2014-09-22T19:15,0.0
2014-09-22T19:30,0.0
2014-09-22T19:45,0.0
2014-09-22T20:00,0.0
2014-09-22T20:15,0.0
2014-09-22T20:30,0.0
2014-09-22T20:45,0.0
2014-09-22T21:00,0.0
2014-09-22T21:15,0.0
2014-09-22T21:30,0.0
2014-09-22T21:45,0.0
2014-09-22T22:00,0.0
2014-09-22T22:15,0.0
2014-09-22T22:30,0.0
2014-09-22T22:45,0.0
2014-09-22T23:00,0.0
2014-09-22T23:15,0.0
2014-09-22T23:30,0.0
2014-09-22T23:45,0.0
2014-09-23T00:00,0.0
2014-09-23T00:15,0.0
2014-09-23T00:30,0.0
2014-09-23T00:45,0.0
2014-09-23T01:00,0.0
2014-09-23T01:15,0.0
2014-09-23T01:30,0.0
2014-09-23T01:45,0.0
2014-09-23T02:00,0.0
2014-09-23T02:15,0.0
2014-09-23T02:30,0.0
2014-09-23T02:45,0.0
2014-09-23T03:00,0.0
2014-09-23T03:15,0.0
2014-09-23T03:30,0.0
2014-09-23T03:45,0.0
2014-09-23T04:00,0.0
2014-09-23T04:15,0.0
2014-09-23T04:30,0.0
2014-09-23T04:45,0.0
2014-09-23T05:00,0.0
2014-09-23T05:15,0.0
2014-09-23T05:30,0.0
2014-09-23T05:45,0.0
2014-09-23T06:00,0.0
2014-09-23T06:15,13.23
2014-09-23T06:30,26.46
2014-09-23T06:45,39.69
2014-09-23T07:00,52.92
2014-09-23T07:15,202.05
2014-09-23T07:30,351.18
2014-09-23T07:45,500.31
2014-09-23T08:00,649.441
2014-09-23T08:15,1033.728
2014-09-23T08:30,1418.014
2014-09-23T08:45,1802.301
2014-09-23T09:00,2186.588
2014-09-23T09:15,2437.49
2014-09-23T09:30,2688.392
2014-09-23T09:45,2939.294
2014-09-23T10:00,3190.196
2014-09-23T10:15,3744.607
2014-09-23T10:30,4299.018
2014-09-23T10:45,4853.429
2014-09-23T11:00,5407.84
2014-09-23T11:15,5387.216
2014-09-23T11:30,5366.592
2014-09-23T11:45,5345.968
2014-09-23T12:00,5325.344
2014-09-23T12:15,5360.798
2014-09-23T12:30,5396.252
2014-09-23T12:45,5431.706
2014-09-23T13:00,5467.16
2014-09-23T13:15,4891.622
2014-09-23T13:30,4316.085
2014-09-23T13:45,3740.548
2014-09-23T14:00,3165.01
2014-09-23T14:15,3203.664
2014-09-23T14:30,3242.319
2014-09-23T14:45,3280.973
2014-09-23T15:00,3319.627
2014-09-23T15:15,2876.943
2014-09-23T15:30,2434.259
2014-09-23T15:45,1991.576
2014-09-23T16:00,1548.892
2014-09-23T16:15,1366.999
2014-09-23T16:30,1185.107
2014-09-23T16:45,1003.215
2014-09-23T17:00,821.322
2014-09-23T17:15,664.195
2014-09-23T17:30,507.068
2014-09-23T17:45,349.941
2014-09-23T18:00,192.815
2014-09-23T18:15,144.611
2014-09-23T18:30,96.407
2014-09-23T18:45,48.204
2014-09-23T19:00,0.0
2014-09-23T19:15,0.0
2014-09-23T19:30,0.0
2014-09-23T19:45,0.0
2014-09-23T20:00,0.0
2014-09-23T20:15,0.0
2014-09-23T20:30,0.0
2014-09-23T20:45,0.0
2014-09-23T21:00,0.0
2014-09-23T21:15,0.0
2014-09-23T21:30,0.0
2014-09-23T21:45,0.0
2014-09-23T22:00,0.0
2014-09-23T22:15,0.0
2014-09-23T22:30,0.0
2014-09-23T22:45,0.0
2014-09-23T23:00,0.0
2014-09-23T23:15,0.0
2014-09-23T23:30,0.0
2014-09-23T23:45,0.0
2014-09-24T00:00,0.0
2014-09-24T00:15,0.0
2014-09-24T00:30,0.0
2014-09-24T00:45,0.0
2014-09-24T01:00,0.0
2014-09-24T01:15,0.0
2014-09-24T01:30,0.0
2014-09-24T01:45,0.0
2014-09-24T02:00,0.0
2014-09-24T02:15,0.0
2014-09-24T02:30,0.0
2014-09-24T02:45,0.0
2014-09-24T03:00,0.0
2014-09-24T03:15,0.0
2014-09-24T03:30,0.0
2014-09-24T03:45,0.0
2014-09-24T04:00,0.0
2014-09-24T04:15,0.0
2014-09-24T04:30,0.0
2014-09-24T04:45,0.0
2014-09-24T05:00,0.0
2014-09-24T05:15,0.0
2014-09-24T05:30,0.0
2014-09-24T05:45,0.0
2014-09-24T06:00,0.0
2014-09-24T06:15,66.258
2014-09-24T06:30,132.515
2014-09-24T06:45,198.773
2014-09-24T07:00,265.03
2014-09-24T07:15,599.8
2014-09-24T07:30,934.569
2014-09-24T07:45,1269.338
2014-09-24T08:00,1604.107
2014-09-24T08:15,1990.451
2014-09-24T08:30,2376.794
2014-09-24T08:45,2763.138
2014-09-24T09:00,3149.481
2014-09-24T09:15,3442.424
2014-09-24T09:30,3735.366
2014-09-24T09:45,4028.309
2014-09-24T10:00,4321.251
2014-09-24T10:15,4537.248
2014-09-24T10:30,4753.244
2014-09-24T10:45,4969.24
2014-09-24T11:00,5185.236
2014-09-24T11:15,5330.545
2014-09-24T11:30,5475.854
2014-09-24T11:45,5621.163
2014-09-24T12:00,5766.472
2014-09-24T12:15,5571.519
2014-09-24T12:30,5376.566
2014-09-24T12:45,5181.613
2014-09-24T13:00,4986.66
2014-09-24T13:15,4914.118
2014-09-24T13:30,4841.575
2014-09-24T13:45,4769.032
2014-09-24T14:00,4696.49
2014-09-24T14:15,4467.455
2014-09-24T14:30,4238.421
2014-09-24T14:45,4009.387
2014-09-24T15:00,3780.352
2014-09-24T15:15,3145.812
2014-09-24T15:30,2511.272
2014-09-24T15:45,1876.733
2014-09-24T16:00,1242.193
2014-09-24T16:15,1076.743
2014-09-24T16:30,911.293
2014-09-24T16:45,745.843
2014-09-24T17:00,580.393
2014-09-24T17:15,453.945
2014-09-24T17:30,327.498
2014-09-24T17:45,201.051
2014-09-24T18:00,74.604
2014-09-24T18:15,55.953
2014-09-24T18:30,37.302
2014-09-24T18:45,18.651
2014-09-24T19:00,0.0
2014-09-24T19:15,0.0
2014-09-24T19:30,0.0
2014-09-24T19:45,0.0
2014-09-24T20:00,0.0
2014-09-24T20:15,0.0
2014-09-24T20:30,0.0
2014-09-24T20:45,0.0
2014-09-24T21:00,0.0
2014-09-24T21:15,0.0
2014-09-24T21:30,0.0
2014-09-24T21:45,0.0
2014-09-24T22:00,0.0
2014-09-24T22:15,0.0
2014-09-24T22:30,0.0
2014-09-24T22:45,0.0
2014-09-24T23:00,0.0
2014-09-24T23:15,0.0
2014-09-24T23:30,0.0
2014-09-24T23:45,0.0
2014-09-25T00:00,0.0
2014-09-25T00:15,0.0
2014-09-25T00:30,0.0
2014-09-25T00:45,0.0
2014-09-25T01:00,0.0
2014-09-25T01:15,0.0
2014-09-25T01:30,0.0
2014-09-25T01:45,0.0
2014-09-25T02:00,0.0
2014-09-25T02:15,0.0
2014-09-25T02:30,0.0
2014-09-25T02:45,0.0
2014-09-25T03:00,0.0
2014-09-25T03:15,0.0
2014-09-25T03:30,0.0
2014-09-25T03:45,0.0
2014-09-25T04:00,0.0
2014-09-25T04:15,0.0
2014-09-25T04:30,0.0
2014-09-25T04:45,0.0
2014-09-25T05:00,0.0
2014-09-25T05:15,0.0
2014-09-25T05:30,0.0
2014-09-25T05:45,0.0
2014-09-25T06:00,0.0
2014-09-25T06:15,64.806
2014-09-25T06:30,129.612
2014-09-25T06:45,194.418
2014-09-25T07:00,259.224
2014-09-25T07:15,613.085
2014-09-25T07:30,966.946
2014-09-25T07:45,1320.808
2014-09-25T08:00,1674.669
2014-09-25T08:15,2032.512
2014-09-25T08:30,2390.355
2014-09-25T08:45,2748.198
2014-09-25T09:00,3106.041
2014-09-25T09:15,3395.142
2014-09-25T09:30,3684.243
2014-09-25T09:45,3973.343
2014-09-25T10:00,4262.444
2014-09-25T10:15,4462.653
2014-09-25T10:30,4662.862
2014-09-25T10:45,4863.07
2014-09-25T11:00,5063.279
2014-09-25T11:15,5142.625
2014-09-25T11:30,5221.97
2014-09-25T11:45,5301.315
2014-09-25T12:00,5380.661
2014-09-25T12:15,5364.144
2014-09-25T12:30,5347.628
2014-09-25T12:45,5331.112
2014-09-25T13:00,5314.596
2014-09-25T13:15,5189.755
2014-09-25T13:30,5064.915
2014-09-25T13:45,4940.074
2014-09-25T14:00,4815.234
2014-09-25T14:15,4587.788
2014-09-25T14:30,4360.341
2014-09-25T14:45,4132.894
2014-09-25T15:00,3905.448
2014-09-25T15:15,3620.563
2014-09-25T15:30,3335.679
2014-09-25T15:45,3050.794
2014-09-25T16:00,2765.909
2014-09-25T16:15,2413.448
2014-09-25T16:30,2060.986
2014-09-25T16:45,1708.524
2014-09-25T17:00,1356.063
2014-09-25T17:15,1045.163
2014-09-25T17:30,734.264
2014-09-25T17:45,423.364
2014-09-25T18:00,112.465
2014-09-25T18:15,84.349
2014-09-25T18:30,56.232
2014-09-25T18:45,28.116
2014-09-25T19:00,0.0
2014-09-25T19:15,0.0
2014-09-25T19:30,0.0
2014-09-25T19:45,0.0
2014-09-25T20:00,0.0
2014-09-25T20:15,0.0
2014-09-25T20:30,0.0
2014-09-25T20:45,0.0
2014-09-25T21:00,0.0
2014-09-25T21:15,0.0
2014-09-25T21:30,0.0
2014-09-25T21:45,0.0
2014-09-25T22:00,0.0
2014-09-25T22:15,0.0
2014-09-25T22:30,0.0
2014-09-25T22:45,0.0
2014-09-25T23:00,0.0
2014-09-25T23:15,0.0
2014-09-25T23:30,0.0
2014-09-25T23:45,0.0
2014-09-26T00:00,0.0
2014-09-26T00:15,0.0
2014-09-26T00:30,0.0
2014-09-26T00:45,0.0
2014-09-26T01:00,0.0
2014-09-26T01:15,0.0
2014-09-26T01:30,0.0
2014-09-26T01:45,0.0
2014-09-26T02:00,0.0
2014-09-26T02:15,0.0
2014-09-26T02:30,0.0
2014-09-26T02:45,0.0
2014-09-26T03:00,0.0
2014-09-26T03:15,0.0
2014-09-26T03:30,0.0
2014-09-26T03:45,0.0
2014-09-26T04:00,0.0
2014-09-26T04:15,0.0
2014-09-26T04:30,0.0
2014-09-26T04:45,0.0
2014-09-26T05:00,0.0
2014-09-26T05:15,0.0
2014-09-26T05:30,0.0
2014-09-26T05:45,0.0
2014-09-26T06:00,0.0
2014-09-26T06:15,0.0
2014-09-26T06:30,0.0
2014-09-26T06:45,0.0
2014-09-26T07:00,0.0
2014-09-26T07:15,0.0
2014-09-26T07:30,0.0
2014-09-26T07:45,0.0
2014-09-26T08:00,0.0
2014-09-26T08:15,37.765
2014-09-26T08:30,75.531
2014-09-26T08:45,113.296
2014-09-26T09:00,151.062
2014-09-26T09:15,370.036
2014-09-26T09:30,589.01
2014-09-26T09:45,807.983
2014-09-26T10:00,1026.957
2014-09-26T10:15,1621.973
2014-09-26T10:30,2216.989
2014-09-26T10:45,2812.005
2014-09-26T11:00,3407.021
2014-09-26T11:15,3004.533
2014-09-26T11:30,2602.045
2014-09-26T11:45,2199.558
2014-09-26T12:00,1797.07
2014-09-26T12:15,2101.682
2014-09-26T12:30,2406.295
2014-09-26T12:45,2710.907
2014-09-26T13:00,3015.52
2014-09-26T13:15,3260.145
2014-09-26T13:30,3504.771
2014-09-26T13:45,3749.397
2014-09-26T14:00,3994.022
2014-09-26T14:15,3213.116
2014-09-26T14:30,2432.21
2014-09-26T14:45,1651.304
2014-09-26T15:00,870.398
2014-09-26T15:15,924.587
2014-09-26T15:30,978.776
2014-09-26T15:45,1032.964
2014-09-26T16:00,1087.153
2014-09-26T16:15,938.64
2014-09-26T16:30,790.127
2014-09-26T16:45,641.614
2014-09-26T17:00,493.1
2014-09-26T17:15,394.882
2014-09-26T17:30,296.663
2014-09-26T17:45,198.444
2014-09-26T18:00,100.225
2014-09-26T18:15,75.169
2014-09-26T18:30,50.113
2014-09-26T18:45,25.056
2014-09-26T19:00,0.0
2014-09-26T19:15,0.0
2014-09-26T19:30,0.0
2014-09-26T19:45,0.0
2014-09-26T20:00,0.0
2014-09-26T20:15,0.0
2014-09-26T20:30,0.0
2014-09-26T20:45,0.0
2014-09-26T21:00,0.0
2014-09-26T21:15,0.0
2014-09-26T21:30,0.0
2014-09-26T21:45,0.0
2014-09-26T22:00,0.0
2014-09-26T22:15,0.0
2014-09-26T22:30,0.0
2014-09-26T22:45,0.0
2014-09-26T23:00,0.0
2014-09-26T23:15,0.0
2014-09-26T23:30,0.0
2014-09-26T23:45,0.0
2014-09-27T00:00,0.0
2014-09-27T00:15,0.0
2014-09-27T00:30,0.0
2014-09-27T00:45,0.0
2014-09-27T01:00,0.0
2014-09-27T01:15,0.0
2014-09-27T01:30,0.0
2014-09-27T01:45,0.0
2014-09-27T02:00,0.0
2014-09-27T02:15,0.0
2014-09-27T02:30,0.0
2014-09-27T02:45,0.0
2014-09-27T03:00,0.0
2014-09-27T03:15,0.0
2014-09-27T03:30,0.0
2014-09-27T03:45,0.0
2014-09-27T04:00,0.0
2014-09-27T04:15,0.0
2014-09-27T04:30,0.0
2014-09-27T04:45,0.0
2014-09-27T05:00,0.0
2014-09-27T05:15,0.0
2014-09-27T05:30,0.0
2014-09-27T05:45,0.0
2014-09-27T06:00,0.0
2014-09-27T06:15,0.0
2014-09-27T06:30,0.0
2014-09-27T06:45,0.0
2014-09-27T07:00,0.0
2014-09-27T07:15,0.0
2014-09-27T07:30,0.0
2014-09-27T07:45,0.0
2014-09-27T08:00,0.0
2014-09-27T08:15,13.605
2014-09-27T08:30,27.21
2014-09-27T08:45,40.816
2014-09-27T09:00,54.421
2014-09-27T09:15,67.85
2014-09-27T09:30,81.28
2014-09-27T09:45,94.71
2014-09-27T10:00,108.139
2014-09-27T10:15,112.715
2014-09-27T10:30,117.292
2014-09-27T10:45,121.868
2014-09-27T11:00,126.444
2014-09-27T11:15,260.113
2014-09-27T11:30,393.782
2014-09-27T11:45,527.452
2014-09-27T12:00,661.121
2014-09-27T12:15,1298.579
2014-09-27T12:30,1936.037
2014-09-27T12:45,2573.494
2014-09-27T13:00,3210.952
2014-09-27T13:15,3363.376
2014-09-27T13:30,3515.8
2014-09-27T13:45,3668.224
2014-09-27T14:00,3820.648
2014-09-27T14:15,3048.772
2014-09-27T14:30,2276.896
2014-09-27T14:45,1505.021
2014-09-27T15:00,733.145
2014-09-27T15:15,663.807
2014-09-27T15:30,594.47
2014-09-27T15:45,525.133
2014-09-27T16:00,455.795
2014-09-27T16:15,520.405
2014-09-27T16:30,585.014
2014-09-27T16:45,649.624
2014-09-27T17:00,714.233
2014-09-27T17:15,548.649
2014-09-27T17:30,383.065
2014-09-27T17:45,217.482
2014-09-27T18:00,51.898
2014-09-27T18:15,38.923
2014-09-27T18:30,25.949
2014-09-27T18:45,12.974
2014-09-27T19:00,0.0
2014-09-27T19:15,0.0
2014-09-27T19:30,0.0
2014-09-27T19:45,0.0
2014-09-27T20:00,0.0
2014-09-27T20:15,0.0
2014-09-27T20:30,0.0
2014-09-27T20:45,0.0
2014-09-27T21:00,0.0
2014-09-27T21:15,0.0
2014-09-27T21:30,0.0
2014-09-27T21:45,0.0
2014-09-27T22:00,0.0
2014-09-27T22:15,0.0
2014-09-27T22:30,0.0
2014-09-27T22:45,0.0
2014-09-27T23:00,0.0
2014-09-27T23:15,0.0
2014-09-27T23:30,0.0
2014-09-27T23:45,0.0
2014-09-28T00:00,0.0
2014-09-28T00:15,0.0
2014-09-28T00:30,0.0
2014-09-28T00:45,0.0
2014-09-28T01:00,0.0
2014-09-28T01:15,0.0
2014-09-28T01:30,0.0
2014-09-28T01:45,0.0
2014-09-28T02:00,0.0
2014-09-28T02:15,0.0
2014-09-28T02:30,0.0
2014-09-28T02:45,0.0
2014-09-28T03:00,0.0
2014-09-28T03:15,0.0
2014-09-28T03:30,0.0
2014-09-28T03:45,0.0
2014-09-28T04:00,0.0
2014-09-28T04:15,0.0
2014-09-28T04:30,0.0
2014-09-28T04:45,0.0
2014-09-28T05:00,0.0
2014-09-28T05:15,0.0
2014-09-28T05:30,0.0
2014-09-28T05:45,0.0
2014-09-28T06:00,0.0
2014-09-28T06:15,0.0
2014-09-28T06:30,0.0
2014-09-28T06:45,0.0
2014-09-28T07:00,0.0
2014-09-28T07:15,57.36
2014-09-28T07:30,114.721
2014-09-28T07:45,172.081
2014-09-28T08:00,229.441
2014-09-28T08:15,229.237
2014-09-28T08:30,229.032
2014-09-28T08:45,228.827
2014-09-28T09:00,228.623
2014-09-28T09:15,422.128
2014-09-28T09:30,615.634
2014-09-28T09:45,809.14
2014-09-28T10:00,1002.645
2014-09-28T10:15,1551.197
2014-09-28T10:30,2099.748
2014-09-28T10:45,2648.299
2014-09-28T11:00,3196.851
2014-09-28T11:15,3274.951
2014-09-28T11:30,3353.052
2014-09-28T11:45,3431.152
2014-09-28T12:00,3509.253
2014-09-28T12:15,3162.096
2014-09-28T12:30,2814.939
2014-09-28T12:45,2467.783
2014-09-28T13:00,2120.626
2014-09-28T13:15,1816.283
2014-09-28T13:30,1511.94
2014-09-28T13:45,1207.597
2014-09-28T14:00,903.254
2014-09-28T14:15,703.091
2014-09-28T14:30,502.928
2014-09-28T14:45,302.764
2014-09-28T15:00,102.601
2014-09-28T15:15,76.951
2014-09-28T15:30,51.3
2014-09-28T15:45,25.65
2014-09-28T16:00,0.0
2014-09-28T16:15,0.0
2014-09-28T16:30,0.0
2014-09-28T16:45,0.0
2014-09-28T17:00,0.0
2014-09-28T17:15,0.0
2014-09-28T17:30,0.0
2014-09-28T17:45,0.0
2014-09-28T18:00,0.0
2014-09-28T18:15,0.0
2014-09-28T18:30,0.0
2014-09-28T18:45,0.0
2014-09-28T19:00,0.0
2014-09-28T19:15,0.0
2014-09-28T19:30,0.0
2014-09-28T19:45,0.0
2014-09-28T20:00,0.0
2014-09-28T20:15,0.0
2014-09-28T20:30,0.0
2014-09-28T20:45,0.0
2014-09-28T21:00,0.0
2014-09-28T21:15,0.0
2014-09-28T21:30,0.0
2014-09-28T21:45,0.0
2014-09-28T22:00,0.0
2014-09-28T22:15,0.0
2014-09-28T22:30,0.0
2014-09-28T22:45,0.0
2014-09-28T23:00,0.0
2014-09-28T23:15,0.0
2014-09-28T23:30,0.0
2014-09-28T23:45,0.0
2014-09-29T00:00,0.0
2014-09-29T00:15,0.0
2014-09-29T00:30,0.0
2014-09-29T00:45,0.0
2014-09-29T01:00,0.0
2014-09-29T01:15,0.0
2014-09-29T01:30,0.0
2014-09-29T01:45,0.0
2014-09-29T02:00,0.0
2014-09-29T02:15,0.0
2014-09-29T02:30,0.0
2014-09-29T02:45,0.0
2014-09-29T03:00,0.0
2014-09-29T03:15,0.0
2014-09-29T03:30,0.0
2014-09-29T03:45,0.0
2014-09-29T04:00,0.0
2014-09-29T04:15,0.0
2014-09-29T04:30,0.0
2014-09-29T04:45,0.0
2014-09-29T05:00,0.0
2014-09-29T05:15,0.0
2014-09-29T05:30,0.0
2014-09-29T05:45,0.0
2014-09-29T06:00,0.0
2014-09-29T06:15,0.0
2014-09-29T06:30,0.0
2014-09-29T06:45,0.0
2014-09-29T07:00,0.0
2014-09-29T07:15,158.605
2014-09-29T07:30,317.211
2014-09-29T07:45,475.816
2014-09-29T08:00,634.421
2014-09-29T08:15,1122.594
2014-09-29T08:30,1610.767
2014-09-29T08:45,2098.94
2014-09-29T09:00,2587.113
2014-09-29T09:15,2605.087
2014-09-29T09:30,2623.061
2014-09-29T09:45,2641.035
2014-09-29T10:00,2659.008
2014-09-29T10:15,2777.473
2014-09-29T10:30,2895.937
2014-09-29T10:45,3014.402
2014-09-29T11:00,3132.866
2014-09-29T11:15,3126.288
2014-09-29T11:30,3119.709
2014-09-29T11:45,3113.131
2014-09-29T12:00,3106.552
2014-09-29T12:15,2878.874
2014-09-29T12:30,2651.195
2014-09-29T12:45,2423.516
2014-09-29T13:00,2195.838
2014-09-29T13:15,1970.255
2014-09-29T13:30,1744.672
2014-09-29T13:45,1519.089
2014-09-29T14:00,1293.506
2014-09-29T14:15,1321.48
2014-09-29T14:30,1349.454
2014-09-29T14:45,1377.429
2014-09-29T15:00,1405.403
2014-09-29T15:15,1219.988
2014-09-29T15:30,1034.574
2014-09-29T15:45,849.159
2014-09-29T16:00,663.745
2014-09-29T16:15,552.692
2014-09-29T16:30,441.639
2014-09-29T16:45,330.587
2014-09-29T17:00,219.534
2014-09-29T17:15,164.65
2014-09-29T17:30,109.767
2014-09-29T17:45,54.883
2014-09-29T18:00,0.0
2014-09-29T18:15,0.0
2014-09-29T18:30,0.0
2014-09-29T18:45,0.0
2014-09-29T19:00,0.0
2014-09-29T19:15,0.0
2014-09-29T19:30,0.0
2014-09-29T19:45,0.0
2014-09-29T20:00,0.0
2014-09-29T20:15,0.0
2014-09-29T20:30,0.0
2014-09-29T20:45,0.0
2014-09-29T21:00,0.0
2014-09-29T21:15,0.0
2014-09-29T21:30,0.0
2014-09-29T21:45,0.0
2014-09-29T22:00,0.0
2014-09-29T22:15,0.0
2014-09-29T22:30,0.0
2014-09-29T22:45,0.0
2014-09-29T23:00,0.0
2014-09-29T23:15,0.0
2014-09-29T23:30,0.0
2014-09-29T23:45,0.0
2014-09-30T00:00,0.0
2014-09-30T00:15,0.0
2014-09-30T00:30,0.0
2014-09-30T00:45,0.0
2014-09-30T01:00,0.0
2014-09-30T01:15,0.0
2014-09-30T01:30,0.0
2014-09-30T01:45,0.0
2014-09-30T02:00,0.0
2014-09-30T02:15,0.0
2014-09-30T02:30,0.0
2014-09-30T02:45,0.0
2014-09-30T03:00,0.0
2014-09-30T03:15,0.0
2014-09-30T03:30,0.0
2014-09-30T03:45,0.0
2014-09-30T04:00,0.0
2014-09-30T04:15,0.0
2014-09-30T04:30,0.0
2014-09-30T04:45,0.0
2014-09-30T05:00,0.0
2014-09-30T05:15,0.0
2014-09-30T05:30,0.0
2014-09-30T05:45,0.0
2014-09-30T06:00,0.0
2014-09-30T06:15,0.0
2014-09-30T06:30,0.0
2014-09-30T06:45,0.0
2014-09-30T07:00,0.0
2014-09-30T07:15,113.135
2014-09-30T07:30,226.271
2014-09-30T07:45,339.406
2014-09-30T08:00,452.542
2014-09-30T08:15,444.642
2014-09-30T08:30,436.743
2014-09-30T08:45,428.844
2014-09-30T09:00,420.944
2014-09-30T09:15,476.988
2014-09-30T09:30,533.031
2014-09-30T09:45,589.074
2014-09-30T10:00,645.118
2014-09-30T10:15,979.832
2014-09-30T10:30,1314.547
2014-09-30T10:45,1649.261
2014-09-30T11:00,1983.976
2014-09-30T11:15,1872.142
2014-09-30T11:30,1760.309
2014-09-30T11:45,1648.475
2014-09-30T12:00,1536.642
2014-09-30T12:15,1895.755
2014-09-30T12:30,2254.869
2014-09-30T12:45,2613.982
2014-09-30T13:00,2973.096
2014-09-30T13:15,3111.037
2014-09-30T13:30,3248.978
2014-09-30T13:45,3386.918
2014-09-30T14:00,3524.859
2014-09-30T14:15,3231.275
2014-09-30T14:30,2937.69
2014-09-30T14:45,2644.106
2014-09-30T15:00,2350.522
2014-09-30T15:15,1872.126
2014-09-30T15:30,1393.731
2014-09-30T15:45,915.335
2014-09-30T16:00,436.939
2014-09-30T16:15,602.654
2014-09-30T16:30,768.368
2014-09-30T16:45,934.082
2014-09-30T17:00,1099.796
2014-09-30T17:15,824.847
2014-09-30T17:30,549.898
2014-09-30T17:45,274.949
2014-09-30T18:00,0.0
2014-09-30T18:15,0.0
2014-09-30T18:30,0.0
2014-09-30T18:45,0.0
2014-09-30T19:00,0.0
2014-09-30T19:15,0.0
2014-09-30T19:30,0.0
2014-09-30T19:45,0.0
2014-09-30T20:00,0.0
2014-09-30T20:15,0.0
2014-09-30T20:30,0.0
2014-09-30T20:45,0.0
2014-09-30T21:00,0.0
2014-09-30T21:15,0.0
2014-09-30T21:30,0.0
2014-09-30T21:45,0.0
2014-09-30T22:00,0.0
2014-09-30T22:15,0.0
2014-09-30T22:30,0.0
2014-09-30T22:45,0.0
2014-09-30T23:00,0.0
2014-09-30T23:15,0.0
2014-09-30T23:30,0.0
2014-09-30T23:45,0.0
