Datetime,H10
2014-11-07T00:00,287.488
2014-11-07T00:15,307.114
2014-11-07T00:30,136.173
2014-11-07T00:45,147.796
2014-11-07T01:00,224.71
2014-11-07T01:15,213.189
2014-11-07T01:30,224.847
2014-11-07T01:45,136.24
2014-11-07T02:00,234.683
2014-11-07T02:15,137.501
2014-11-07T02:30,260.269
2014-11-07T02:45,178.619
2014-11-07T03:00,173.754
2014-11-07T03:15,188.707
2014-11-07T03:30,157.621
2014-11-07T03:45,281.52
2014-11-07T04:00,136.416
2014-11-07T04:15,238.66
2014-11-07T04:30,137.983
2014-11-07T04:45,241.881
2014-11-07T05:00,311.358
2014-11-07T05:15,136.03
2014-11-07T05:30,136.093
2014-11-07T05:45,215.274
2014-11-07T06:00,316.427
2014-11-07T06:15,146.68
2014-11-07T06:30,143.889
2014-11-07T06:45,222.288
2014-11-07T07:00,294.292
2014-11-07T07:15,170.449
2014-11-07T07:30,135.733
2014-11-07T07:45,224.337
2014-11-07T08:00,200.746
2014-11-07T08:15,238.502
2014-11-07T08:30,219.972
2014-11-07T08:45,320.204
2014-11-07T09:00,270.266
2014-11-07T09:15,352.102
2014-11-07T09:30,302.405
2014-11-07T09:45,490.986
2014-11-07T10:00,472.606
2014-11-07T10:15,558.991
2014-11-07T10:30,389.112
2014-11-07T10:45,376.794
2014-11-07T11:00,525.085
2014-11-07T11:15,409.027
2014-11-07T11:30,394.536
2014-11-07T11:45,507.388
2014-11-07T12:00,614.108
2014-11-07T12:15,505.505
2014-11-07T12:30,194.519
2014-11-07T12:45,145.771
2014-11-07T13:00,185.066
2014-11-07T13:15,356.915
2014-11-07T13:30,186.638
2014-11-07T13:45,159.718
2014-11-07T14:00,196.5
2014-11-07T14:15,346.148
2014-11-07T14:30,145.126
2014-11-07T14:45,187.028
2014-11-07T15:00,349.264
2014-11-07T15:15,276.51
2014-11-07T15:30,279.299
2014-11-07T15:45,270.367
2014-11-07T16:00,558.542
2014-11-07T16:15,607.132
2014-11-07T16:30,646.991
2014-11-07T16:45,501.613
2014-11-07T17:00,656.363
2014-11-07T17:15,514.862
2014-11-07T17:30,583.196
2014-11-07T17:45,356.016
2014-11-07T18:00,478.191
2014-11-07T18:15,403.879
2014-11-07T18:30,415.3
2014-11-07T18:45,176.549
2014-11-07T19:00,193.401
2014-11-07T19:15,331.617
2014-11-07T19:30,311.016
2014-11-07T19:45,433.493
2014-11-07T20:00,423.321
2014-11-07T20:15,560.907
2014-11-07T20:30,408.826
2014-11-07T20:45,367.741
2014-11-07T21:00,225.656
2014-11-07T21:15,325.714
2014-11-07T21:30,404.228
2014-11-07T21:45,504.8
2014-11-07T22:00,444.424
2014-11-07T22:15,219.068
2014-11-07T22:30,291.375
2014-11-07T22:45,156.249
2014-11-07T23:00,211.565
2014-11-07T23:15,134.112
2014-11-07T23:30,209.385
2014-11-07T23:45,224.329
2014-11-08T00:00,234.101
2014-11-08T00:15,133.982
2014-11-08T00:30,133.986
2014-11-08T00:45,256.231
2014-11-08T01:00,229.269
2014-11-08T01:15,182.103
2014-11-08T01:30,133.935
2014-11-08T01:45,153.4
2014-11-08T02:00,295.123
2014-11-08T02:15,210.294
2014-11-08T02:30,133.955
2014-11-08T02:45,133.844
2014-11-08T03:00,208.88
2014-11-08T03:15,326.564
2014-11-08T03:30,134.958
2014-11-08T03:45,133.423
2014-11-08T04:00,295.459
2014-11-08T04:15,243.375
2014-11-08T04:30,133.621
2014-11-08T04:45,133.609
2014-11-08T05:00,235.605
2014-11-08T05:15,257.33
2014-11-08T05:30,168.294
2014-11-08T05:45,166.004
2014-11-08T06:00,203.343
2014-11-08T06:15,271.915
2014-11-08T06:30,356.528
2014-11-08T06:45,295.572
2014-11-08T07:00,327.137
2014-11-08T07:15,616.609
2014-11-08T07:30,390.001
2014-11-08T07:45,286.257
2014-11-08T08:00,316.338
2014-11-08T08:15,254.439
2014-11-08T08:30,406.202
2014-11-08T08:45,228.22
2014-11-08T09:00,229.698
2014-11-08T09:15,207.938
2014-11-08T09:30,199.863
2014-11-08T09:45,133.065
2014-11-08T10:00,228.699
2014-11-08T10:15,165.5
2014-11-08T10:30,252.878
2014-11-08T10:45,132.721
2014-11-08T11:00,174.8
2014-11-08T11:15,184.065
2014-11-08T11:30,266.806
2014-11-08T11:45,152.377
2014-11-08T12:00,131.935
2014-11-08T12:15,1009.495
2014-11-08T12:30,1092.619
2014-11-08T12:45,341.993
2014-11-08T13:00,146.347
2014-11-08T13:15,329.303
2014-11-08T13:30,501.631
2014-11-08T13:45,1175.909
2014-11-08T14:00,540.453
2014-11-08T14:15,946.963
2014-11-08T14:30,232.71
2014-11-08T14:45,131.627
2014-11-08T15:00,132.238
2014-11-08T15:15,288.376
2014-11-08T15:30,238.737
2014-11-08T15:45,154.634
2014-11-08T16:00,433.867
2014-11-08T16:15,1126.804
2014-11-08T16:30,983.061
2014-11-08T16:45,852.695
2014-11-08T17:00,765.171
2014-11-08T17:15,520.195
2014-11-08T17:30,377.232
2014-11-08T17:45,330.07
2014-11-08T18:00,252.303
2014-11-08T18:15,252.28
2014-11-08T18:30,385.944
2014-11-08T18:45,384.163
2014-11-08T19:00,314.817
2014-11-08T19:15,399.204
2014-11-08T19:30,446.383
2014-11-08T19:45,606.122
2014-11-08T20:00,370.032
2014-11-08T20:15,252.518
2014-11-08T20:30,252.473
2014-11-08T20:45,442.789
2014-11-08T21:00,323.803
2014-11-08T21:15,292.789
2014-11-08T21:30,505.434
2014-11-08T21:45,552.679
2014-11-08T22:00,1884.144
2014-11-08T22:15,1304.901
2014-11-08T22:30,516.389
2014-11-08T22:45,252.272
2014-11-08T23:00,438.027
2014-11-08T23:15,331.865
2014-11-08T23:30,251.799
2014-11-08T23:45,251.69
2014-11-09T00:00,243.149
2014-11-09T00:15,380.181
2014-11-09T00:30,131.068
2014-11-09T00:45,131.088
2014-11-09T01:00,130.581
2014-11-09T01:15,292.89
2014-11-09T01:30,224.409
2014-11-09T01:45,130.613
2014-11-09T02:00,130.357
2014-11-09T02:15,233.25
2014-11-09T02:30,287.358
2014-11-09T02:45,131.453
2014-11-09T03:00,211.023
2014-11-09T03:15,163.997
2014-11-09T03:30,252.23
2014-11-09T03:45,165.953
2014-11-09T04:00,212.336
2014-11-09T04:15,149.597
2014-11-09T04:30,185.57
2014-11-09T04:45,234.649
2014-11-09T05:00,232.458
2014-11-09T05:15,130.212
2014-11-09T05:30,151.138
2014-11-09T05:45,266.446
2014-11-09T06:00,225.305
2014-11-09T06:15,130.202
2014-11-09T06:30,132.372
2014-11-09T06:45,283.786
2014-11-09T07:00,225.728
2014-11-09T07:15,130.577
2014-11-09T07:30,206.022
2014-11-09T07:45,209.858
2014-11-09T08:00,237.33
2014-11-09T08:15,149.563
2014-11-09T08:30,279.859
2014-11-09T08:45,349.569
2014-11-09T09:00,265.451
2014-11-09T09:15,240.132
2014-11-09T09:30,182.165
2014-11-09T09:45,299.97
2014-11-09T10:00,173.361
2014-11-09T10:15,230.783
2014-11-09T10:30,408.396
2014-11-09T10:45,467.287
2014-11-09T11:00,359.491
2014-11-09T11:15,460.955
2014-11-09T11:30,1583.18
2014-11-09T11:45,868.424
2014-11-09T12:00,884.112
2014-11-09T12:15,312.368
2014-11-09T12:30,1649.072
2014-11-09T12:45,1166.783
2014-11-09T13:00,137.894
2014-11-09T13:15,383.959
2014-11-09T13:30,612.12
2014-11-09T13:45,360.345
2014-11-09T14:00,349.158
2014-11-09T14:15,353.569
2014-11-09T14:30,388.858
2014-11-09T14:45,225.375
2014-11-09T15:00,128.273
2014-11-09T15:15,128.209
2014-11-09T15:30,198.462
2014-11-09T15:45,498.051
2014-11-09T16:00,363.388
2014-11-09T16:15,312.603
2014-11-09T16:30,129.143
2014-11-09T16:45,361.167
2014-11-09T17:00,233.89
2014-11-09T17:15,347.807
2014-11-09T17:30,517.837
2014-11-09T17:45,698.89
2014-11-09T18:00,766.731
2014-11-09T18:15,465.514
2014-11-09T18:30,384.048
2014-11-09T18:45,499.296
2014-11-09T19:00,678.903
2014-11-09T19:15,505.981
2014-11-09T19:30,839.667
2014-11-09T19:45,497.909
2014-11-09T20:00,972.687
2014-11-09T20:15,847.705
2014-11-09T20:30,774.343
2014-11-09T20:45,765.143
2014-11-09T21:00,837.424
2014-11-09T21:15,721.725
2014-11-09T21:30,658.382
2014-11-09T21:45,628.131
2014-11-09T22:00,634.768
2014-11-09T22:15,719.926
2014-11-09T22:30,770.232
2014-11-09T22:45,452.119
2014-11-09T23:00,137.831
2014-11-09T23:15,230.306
2014-11-09T23:30,292.056
2014-11-09T23:45,344.799
2014-11-10T00:00,153.519
2014-11-10T00:15,172.279
2014-11-10T00:30,223.111
2014-11-10T00:45,244.333
2014-11-10T01:00,130.788
2014-11-10T01:15,137.849
2014-11-10T01:30,226.172
2014-11-10T01:45,252.791
2014-11-10T02:00,201.697
2014-11-10T02:15,212.085
2014-11-10T02:30,130.818
2014-11-10T02:45,184.041
2014-11-10T03:00,271.739
2014-11-10T03:15,197.288
2014-11-10T03:30,130.312
2014-11-10T03:45,149.428
2014-11-10T04:00,353.18
2014-11-10T04:15,148.107
2014-11-10T04:30,130.595
2014-11-10T04:45,130.618
2014-11-10T05:00,377.356
2014-11-10T05:15,132.516
2014-11-10T05:30,132.718
2014-11-10T05:45,202.066
2014-11-10T06:00,285.236
2014-11-10T06:15,141.206
2014-11-10T06:30,130.636
2014-11-10T06:45,159.707
2014-11-10T07:00,304.929
2014-11-10T07:15,176.259
2014-11-10T07:30,490.353
2014-11-10T07:45,130.426
2014-11-10T08:00,350.482
2014-11-10T08:15,272.778
2014-11-10T08:30,141.218
2014-11-10T08:45,177.085
2014-11-10T09:00,269.635
2014-11-10T09:15,355.379
2014-11-10T09:30,256.75
2014-11-10T09:45,335.265
2014-11-10T10:00,186.927
2014-11-10T10:15,1239.402
2014-11-10T10:30,2475.729
2014-11-10T10:45,1489.83
2014-11-10T11:00,1267.926
2014-11-10T11:15,879.771
2014-11-10T11:30,1081.123
2014-11-10T11:45,2345.853
2014-11-10T12:00,2274.607
2014-11-10T12:15,2251.292
2014-11-10T12:30,1992.127
2014-11-10T12:45,1079.151
2014-11-10T13:00,1544.935
2014-11-10T13:15,1747.412
2014-11-10T13:30,879.277
2014-11-10T13:45,1402.872
2014-11-10T14:00,529.677
2014-11-10T14:15,174.387
2014-11-10T14:30,128.769
2014-11-10T14:45,228.78
2014-11-10T15:00,259.218
2014-11-10T15:15,158.483
2014-11-10T15:30,1468.807
2014-11-10T15:45,296.138
2014-11-10T16:00,443.541
2014-11-10T16:15,491.915
2014-11-10T16:30,369.108
2014-11-10T16:45,398.991
2014-11-10T17:00,430.297
2014-11-10T17:15,511.439
2014-11-10T17:30,356.614
2014-11-10T17:45,361.879
2014-11-10T18:00,582.624
2014-11-10T18:15,563.66
2014-11-10T18:30,798.761
2014-11-10T18:45,621.731
2014-11-10T19:00,700.482
2014-11-10T19:15,638.481
2014-11-10T19:30,733.931
2014-11-10T19:45,796.022
2014-11-10T20:00,2533.47
2014-11-10T20:15,902.887
2014-11-10T20:30,810.546
2014-11-10T20:45,827.292
2014-11-10T21:00,469.622
2014-11-10T21:15,562.065
2014-11-10T21:30,518.958
2014-11-10T21:45,684.0
2014-11-10T22:00,698.946
2014-11-10T22:15,614.175
2014-11-10T22:30,543.286
2014-11-10T22:45,653.395
2014-11-10T23:00,748.325
2014-11-10T23:15,653.111
2014-11-10T23:30,707.537
2014-11-10T23:45,496.132
2014-11-11T00:00,607.276
2014-11-11T00:15,533.201
2014-11-11T00:30,598.06
2014-11-11T00:45,489.151
2014-11-11T01:00,544.525
2014-11-11T01:15,718.888
2014-11-11T01:30,492.596
2014-11-11T01:45,464.394
2014-11-11T02:00,368.035
2014-11-11T02:15,595.847
2014-11-11T02:30,344.467
2014-11-11T02:45,351.266
2014-11-11T03:00,390.477
2014-11-11T03:15,560.876
2014-11-11T03:30,351.592
2014-11-11T03:45,352.822
2014-11-11T04:00,461.306
2014-11-11T04:15,470.984
2014-11-11T04:30,353.363
2014-11-11T04:45,176.661
2014-11-11T05:00,198.773
2014-11-11T05:15,317.835
2014-11-11T05:30,134.255
2014-11-11T05:45,215.531
2014-11-11T06:00,253.596
2014-11-11T06:15,479.675
2014-11-11T06:30,278.773
2014-11-11T06:45,253.767
2014-11-11T07:00,297.686
2014-11-11T07:15,461.975
2014-11-11T07:30,253.394
2014-11-11T07:45,262.223
2014-11-11T08:00,386.107
2014-11-11T08:15,300.258
2014-11-11T08:30,299.702
2014-11-11T08:45,291.097
2014-11-11T09:00,390.504
2014-11-11T09:15,406.233
2014-11-11T09:30,583.716
2014-11-11T09:45,483.75
2014-11-11T10:00,633.734
2014-11-11T10:15,1478.248
2014-11-11T10:30,1520.271
2014-11-11T10:45,455.171
2014-11-11T11:00,465.82
2014-11-11T11:15,412.385
2014-11-11T11:30,352.765
2014-11-11T11:45,438.115
2014-11-11T12:00,406.312
2014-11-11T12:15,456.979
2014-11-11T12:30,345.642
2014-11-11T12:45,423.624
2014-11-11T13:00,183.562
2014-11-11T13:15,477.842
2014-11-11T13:30,218.925
2014-11-11T13:45,265.726
2014-11-11T14:00,230.494
2014-11-11T14:15,246.333
2014-11-11T14:30,340.418
2014-11-11T14:45,253.725
2014-11-11T15:00,309.45
2014-11-11T15:15,252.33
2014-11-11T15:30,407.802
2014-11-11T15:45,258.777
2014-11-11T16:00,356.427
2014-11-11T16:15,251.44
2014-11-11T16:30,561.232
2014-11-11T16:45,1163.158
2014-11-11T17:00,1569.712
2014-11-11T17:15,1494.917
2014-11-11T17:30,1602.266
2014-11-11T17:45,1315.91
2014-11-11T18:00,485.638
2014-11-11T18:15,463.191
2014-11-11T18:30,371.064
2014-11-11T18:45,263.567
2014-11-11T19:00,408.445
2014-11-11T19:15,351.314
2014-11-11T19:30,252.71
2014-11-11T19:45,252.642
2014-11-11T20:00,398.425
2014-11-11T20:15,623.402
2014-11-11T20:30,566.884
2014-11-11T20:45,412.068
2014-11-11T21:00,439.525
2014-11-11T21:15,526.633
2014-11-11T21:30,493.291
2014-11-11T21:45,392.072
2014-11-11T22:00,401.824
2014-11-11T22:15,527.558
2014-11-11T22:30,385.766
2014-11-11T22:45,145.067
2014-11-11T23:00,144.873
2014-11-11T23:15,194.546
2014-11-11T23:30,316.265
2014-11-11T23:45,174.956
2014-11-12T00:00,134.509
2014-11-12T00:15,251.745
2014-11-12T00:30,407.747
2014-11-12T00:45,134.333
2014-11-12T01:00,284.803
2014-11-12T01:15,356.813
2014-11-12T01:30,299.679
2014-11-12T01:45,137.785
2014-11-12T02:00,134.642
2014-11-12T02:15,305.027
2014-11-12T02:30,208.242
2014-11-12T02:45,134.621
2014-11-12T03:00,134.194
2014-11-12T03:15,254.534
2014-11-12T03:30,261.92
2014-11-12T03:45,136.091
2014-11-12T04:00,134.211
2014-11-12T04:15,229.411
2014-11-12T04:30,262.212
2014-11-12T04:45,161.03
2014-11-12T05:00,134.282
2014-11-12T05:15,273.075
2014-11-12T05:30,248.622
2014-11-12T05:45,134.235
2014-11-12T06:00,140.768
2014-11-12T06:15,327.352
2014-11-12T06:30,183.039
2014-11-12T06:45,250.102
2014-11-12T07:00,279.06
2014-11-12T07:15,382.574
2014-11-12T07:30,347.729
2014-11-12T07:45,253.615
2014-11-12T08:00,253.448
2014-11-12T08:15,411.032
2014-11-12T08:30,291.969
2014-11-12T08:45,143.296
2014-11-12T09:00,143.101
2014-11-12T09:15,233.776
2014-11-12T09:30,218.812
2014-11-12T09:45,211.597
2014-11-12T10:00,367.263
2014-11-12T10:15,546.418
2014-11-12T10:30,253.167
2014-11-12T10:45,243.657
2014-11-12T11:00,140.332
2014-11-12T11:15,130.382
2014-11-12T11:30,257.533
2014-11-12T11:45,231.504
2014-11-12T12:00,177.49
2014-11-12T12:15,140.75
2014-11-12T12:30,178.672
2014-11-12T12:45,286.356
2014-11-12T13:00,211.955
2014-11-12T13:15,129.006
2014-11-12T13:30,129.061
2014-11-12T13:45,277.999
2014-11-12T14:00,238.479
2014-11-12T14:15,129.469
2014-11-12T14:30,129.449
2014-11-12T14:45,196.053
2014-11-12T15:00,328.116
2014-11-12T15:15,153.643
2014-11-12T15:30,140.327
2014-11-12T15:45,136.987
2014-11-12T16:00,295.889
2014-11-12T16:15,253.213
2014-11-12T16:30,156.97
2014-11-12T16:45,186.97
2014-11-12T17:00,227.614
2014-11-12T17:15,504.581
2014-11-12T17:30,252.66
2014-11-12T17:45,252.437
2014-11-12T18:00,253.11
2014-11-12T18:15,398.772
2014-11-12T18:30,443.552
2014-11-12T18:45,401.804
2014-11-12T19:00,388.492
2014-11-12T19:15,420.127
2014-11-12T19:30,488.313
2014-11-12T19:45,254.278
2014-11-12T20:00,252.89
2014-11-12T20:15,252.959
2014-11-12T20:30,564.505
2014-11-12T20:45,1359.043
2014-11-12T21:00,810.226
2014-11-12T21:15,993.614
2014-11-12T21:30,347.316
2014-11-12T21:45,408.314
2014-11-12T22:00,253.341
2014-11-12T22:15,253.248
2014-11-12T22:30,279.089
2014-11-12T22:45,486.895
2014-11-12T23:00,254.718
2014-11-12T23:15,291.478
2014-11-12T23:30,329.577
2014-11-12T23:45,401.921
2014-11-13T00:00,258.218
2014-11-13T00:15,244.138
2014-11-13T00:30,261.932
2014-11-13T00:45,208.698
2014-11-13T01:00,133.559
2014-11-13T01:15,222.53
2014-11-13T01:30,169.377
2014-11-13T01:45,263.099
2014-11-13T02:00,133.107
2014-11-13T02:15,228.298
2014-11-13T02:30,133.065
2014-11-13T02:45,261.315
2014-11-13T03:00,161.475
2014-11-13T03:15,222.556
2014-11-13T03:30,179.651
2014-11-13T03:45,249.195
2014-11-13T04:00,133.057
2014-11-13T04:15,193.378
2014-11-13T04:30,311.13
2014-11-13T04:45,133.12
2014-11-13T05:00,132.501
2014-11-13T05:15,164.419
2014-11-13T05:30,350.966
2014-11-13T05:45,132.444
2014-11-13T06:00,132.761
2014-11-13T06:15,142.417
2014-11-13T06:30,444.576
2014-11-13T06:45,272.526
2014-11-13T07:00,263.492
2014-11-13T07:15,263.573
2014-11-13T07:30,405.222
2014-11-13T07:45,370.174
2014-11-13T08:00,262.683
2014-11-13T08:15,253.791
2014-11-13T08:30,292.922
2014-11-13T08:45,437.196
2014-11-13T09:00,213.742
2014-11-13T09:15,737.611
2014-11-13T09:30,1759.179
2014-11-13T09:45,723.841
2014-11-13T10:00,513.246
2014-11-13T10:15,615.165
2014-11-13T10:30,500.319
2014-11-13T10:45,551.96
2014-11-13T11:00,708.52
2014-11-13T11:15,500.565
2014-11-13T11:30,504.153
2014-11-13T11:45,575.458
2014-11-13T12:00,853.8
2014-11-13T12:15,307.22
2014-11-13T12:30,274.434
2014-11-13T12:45,278.587
2014-11-13T13:00,386.202
2014-11-13T13:15,248.52
2014-11-13T13:30,128.561
2014-11-13T13:45,300.495
2014-11-13T14:00,419.976
2014-11-13T14:15,477.954
2014-11-13T14:30,208.5
2014-11-13T14:45,180.748
2014-11-13T15:00,810.1
2014-11-13T15:15,1874.114
2014-11-13T15:30,1366.928
2014-11-13T15:45,852.723
2014-11-13T16:00,389.767
2014-11-13T16:15,341.62
2014-11-13T16:30,326.637
2014-11-13T16:45,350.908
2014-11-13T17:00,1066.569
2014-11-13T17:15,796.731
2014-11-13T17:30,655.59
2014-11-13T17:45,628.531
2014-11-13T18:00,545.425
2014-11-13T18:15,364.333
2014-11-13T18:30,350.7
2014-11-13T18:45,547.337
2014-11-13T19:00,539.28
2014-11-13T19:15,584.883
2014-11-13T19:30,660.576
2014-11-13T19:45,476.245
2014-11-13T20:00,517.53
2014-11-13T20:15,404.875
2014-11-13T20:30,461.051
2014-11-13T20:45,610.312
2014-11-13T21:00,686.642
2014-11-13T21:15,540.296
2014-11-13T21:30,476.869
2014-11-13T21:45,495.137
2014-11-13T22:00,668.974
2014-11-13T22:15,447.889
2014-11-13T22:30,507.699
2014-11-13T22:45,428.834
2014-11-13T23:00,354.769
2014-11-13T23:15,177.436
2014-11-13T23:30,232.36
2014-11-13T23:45,151.488
2014-11-14T00:00,194.792
2014-11-14T00:15,104.863
2014-11-14T00:30,122.584
2014-11-14T00:45,62.659
2014-11-14T01:00,187.265
2014-11-14T01:15,144.176
2014-11-14T01:30,106.285
2014-11-14T01:45,101.405
2014-11-14T02:00,182.67
2014-11-14T02:15,105.116
2014-11-14T02:30,118.561
2014-11-14T02:45,201.554
2014-11-14T03:00,62.425
2014-11-14T03:15,67.771
2014-11-14T03:30,175.074
2014-11-14T03:45,195.103
2014-11-14T04:00,62.354
2014-11-14T04:15,62.394
2014-11-14T04:30,158.467
2014-11-14T04:45,210.249
2014-11-14T05:00,72.912
2014-11-14T05:15,62.454
2014-11-14T05:30,114.845
2014-11-14T05:45,202.475
2014-11-14T06:00,120.589
2014-11-14T06:15,62.617
2014-11-14T06:30,62.643
2014-11-14T06:45,298.775
2014-11-14T07:00,263.243
2014-11-14T07:15,71.426
2014-11-14T07:30,73.27
2014-11-14T07:45,153.49
2014-11-14T08:00,212.902
2014-11-14T08:15,100.286
2014-11-14T08:30,62.577
2014-11-14T08:45,72.521
2014-11-14T09:00,195.204
2014-11-14T09:15,202.599
2014-11-14T09:30,72.552
2014-11-14T09:45,62.462
2014-11-14T10:00,161.578
2014-11-14T10:15,208.294
2014-11-14T10:30,74.907
2014-11-14T10:45,62.593
2014-11-14T11:00,135.577
2014-11-14T11:15,152.645
2014-11-14T11:30,164.997
2014-11-14T11:45,62.514
2014-11-14T12:00,94.524
2014-11-14T12:15,130.304
2014-11-14T12:30,173.127
2014-11-14T12:45,118.272
2014-11-14T13:00,62.593
2014-11-14T13:15,167.638
2014-11-14T13:30,67.66
2014-11-14T13:45,348.576
2014-11-14T14:00,307.544
2014-11-14T14:15,385.833
2014-11-14T14:30,319.266
2014-11-14T14:45,1661.284
2014-11-14T15:00,397.14
2014-11-14T15:15,443.937
2014-11-14T15:30,449.911
2014-11-14T15:45,439.442
2014-11-14T16:00,522.194
2014-11-14T16:15,390.849
2014-11-14T16:30,503.381
2014-11-14T16:45,294.525
2014-11-14T17:00,402.793
2014-11-14T17:15,447.968
2014-11-14T17:30,475.479
2014-11-14T17:45,343.815
2014-11-14T18:00,226.888
2014-11-14T18:15,297.935
2014-11-14T18:30,194.863
2014-11-14T18:45,269.796
2014-11-14T19:00,231.535
2014-11-14T19:15,583.837
2014-11-14T19:30,438.311
2014-11-14T19:45,648.057
2014-11-14T20:00,543.232
2014-11-14T20:15,695.324
2014-11-14T20:30,280.041
2014-11-14T20:45,354.976
2014-11-14T21:00,424.798
2014-11-14T21:15,548.421
2014-11-14T21:30,659.151
2014-11-14T21:45,607.4
2014-11-14T22:00,722.153
2014-11-14T22:15,690.306
2014-11-14T22:30,645.73
2014-11-14T22:45,563.352
2014-11-14T23:00,541.59
2014-11-14T23:15,631.421
2014-11-14T23:30,413.224
2014-11-14T23:45,271.45
2014-11-15T00:00,269.07
2014-11-15T00:15,341.084
2014-11-15T00:30,343.633
2014-11-15T00:45,170.0
2014-11-15T01:00,273.14
2014-11-15T01:15,130.283
2014-11-15T01:30,225.487
2014-11-15T01:45,149.947
2014-11-15T02:00,265.368
2014-11-15T02:15,130.504
2014-11-15T02:30,226.994
2014-11-15T02:45,130.434
2014-11-15T03:00,276.454
2014-11-15T03:15,142.363
2014-11-15T03:30,193.161
2014-11-15T03:45,163.282
2014-11-15T04:00,226.846
2014-11-15T04:15,190.182
2014-11-15T04:30,130.502
2014-11-15T04:45,224.673
2014-11-15T05:00,175.595
2014-11-15T05:15,246.393
2014-11-15T05:30,130.613
2014-11-15T05:45,222.578
2014-11-15T06:00,130.623
2014-11-15T06:15,252.976
2014-11-15T06:30,168.758
2014-11-15T06:45,163.108
2014-11-15T07:00,194.214
2014-11-15T07:15,162.912
2014-11-15T07:30,262.036
2014-11-15T07:45,164.178
2014-11-15T08:00,390.475
2014-11-15T08:15,394.835
2014-11-15T08:30,535.39
2014-11-15T08:45,398.498
2014-11-15T09:00,317.817
2014-11-15T09:15,1355.156
2014-11-15T09:30,1277.91
2014-11-15T09:45,331.998
2014-11-15T10:00,243.641
2014-11-15T10:15,272.924
2014-11-15T10:30,182.944
2014-11-15T10:45,276.838
2014-11-15T11:00,210.246
2014-11-15T11:15,947.67
2014-11-15T11:30,352.894
2014-11-15T11:45,133.364
2014-11-15T12:00,289.229
2014-11-15T12:15,231.698
2014-11-15T12:30,139.097
2014-11-15T12:45,130.517
2014-11-15T13:00,439.879
2014-11-15T13:15,508.33
2014-11-15T13:30,420.779
2014-11-15T13:45,366.738
2014-11-15T14:00,409.854
2014-11-15T14:15,510.043
2014-11-15T14:30,491.449
2014-11-15T14:45,401.265
2014-11-15T15:00,415.399
2014-11-15T15:15,528.943
2014-11-15T15:30,561.957
2014-11-15T15:45,460.702
2014-11-15T16:00,448.401
2014-11-15T16:15,502.717
2014-11-15T16:30,616.094
2014-11-15T16:45,564.532
2014-11-15T17:00,1839.817
2014-11-15T17:15,2225.065
2014-11-15T17:30,1315.143
2014-11-15T17:45,656.412
2014-11-15T18:00,263.52
2014-11-15T18:15,250.797
2014-11-15T18:30,547.499
2014-11-15T18:45,792.433
2014-11-15T19:00,753.703
2014-11-15T19:15,1806.617
2014-11-15T19:30,970.435
2014-11-15T19:45,637.58
2014-11-15T20:00,389.997
2014-11-15T20:15,150.224
2014-11-15T20:30,310.572
2014-11-15T20:45,212.48
2014-11-15T21:00,275.766
2014-11-15T21:15,272.22
2014-11-15T21:30,441.536
2014-11-15T21:45,369.764
2014-11-15T22:00,276.624
2014-11-15T22:15,311.811
2014-11-15T22:30,483.615
2014-11-15T22:45,237.996
2014-11-15T23:00,131.639
2014-11-15T23:15,273.163
2014-11-15T23:30,226.642
2014-11-15T23:45,131.266
2014-11-16T00:00,151.226
2014-11-16T00:15,268.24
2014-11-16T00:30,225.469
2014-11-16T00:45,166.013
2014-11-16T01:00,251.679
2014-11-16T01:15,396.194
2014-11-16T01:30,325.778
2014-11-16T01:45,287.701
2014-11-16T02:00,252.124
2014-11-16T02:15,281.611
2014-11-16T02:30,207.999
2014-11-16T02:45,213.739
2014-11-16T03:00,131.95
2014-11-16T03:15,175.13
2014-11-16T03:30,249.55
2014-11-16T03:45,225.961
2014-11-16T04:00,131.948
2014-11-16T04:15,131.917
2014-11-16T04:30,252.605
2014-11-16T04:45,218.485
2014-11-16T05:00,177.123
2014-11-16T05:15,131.892
2014-11-16T05:30,162.118
2014-11-16T05:45,265.232
2014-11-16T06:00,227.651
2014-11-16T06:15,132.016
2014-11-16T06:30,132.046
2014-11-16T06:45,274.584
2014-11-16T07:00,408.294
2014-11-16T07:15,427.733
2014-11-16T07:30,1583.269
2014-11-16T07:45,827.9
2014-11-16T08:00,686.368
2014-11-16T08:15,565.446
2014-11-16T08:30,472.378
2014-11-16T08:45,473.867
2014-11-16T09:00,406.225
2014-11-16T09:15,648.134
2014-11-16T09:30,485.716
2014-11-16T09:45,471.078
2014-11-16T10:00,523.635
2014-11-16T10:15,931.268
2014-11-16T10:30,1416.495
2014-11-16T10:45,797.858
2014-11-16T11:00,516.616
2014-11-16T11:15,545.193
2014-11-16T11:30,438.106
2014-11-16T11:45,329.491
2014-11-16T12:00,786.751
2014-11-16T12:15,339.996
2014-11-16T12:30,716.323
2014-11-16T12:45,509.205
2014-11-16T13:00,521.545
2014-11-16T13:15,482.576
2014-11-16T13:30,555.383
2014-11-16T13:45,407.194
2014-11-16T14:00,342.311
2014-11-16T14:15,225.067
2014-11-16T14:30,454.09
2014-11-16T14:45,538.731
2014-11-16T15:00,365.687
2014-11-16T15:15,361.221
2014-11-16T15:30,366.726
2014-11-16T15:45,553.03
2014-11-16T16:00,134.091
2014-11-16T16:15,370.781
2014-11-16T16:30,375.6
2014-11-16T16:45,626.103
2014-11-16T17:00,483.046
2014-11-16T17:15,468.058
2014-11-16T17:30,461.019
2014-11-16T17:45,372.192
2014-11-16T18:00,356.428
2014-11-16T18:15,377.209
2014-11-16T18:30,379.859
2014-11-16T18:45,494.947
2014-11-16T19:00,445.443
2014-11-16T19:15,422.43
2014-11-16T19:30,512.74
2014-11-16T19:45,809.91
2014-11-16T20:00,637.18
2014-11-16T20:15,394.812
2014-11-16T20:30,472.188
2014-11-16T20:45,877.475
2014-11-16T21:00,440.231
2014-11-16T21:15,387.414
2014-11-16T21:30,821.287
2014-11-16T21:45,682.679
2014-11-16T22:00,619.021
2014-11-16T22:15,501.203
2014-11-16T22:30,719.188
2014-11-16T22:45,677.12
2014-11-16T23:00,620.058
2014-11-16T23:15,537.845
2014-11-16T23:30,687.898
2014-11-16T23:45,552.769
2014-11-17T00:00,406.682
2014-11-17T00:15,340.529
2014-11-17T00:30,458.986
2014-11-17T00:45,497.348
2014-11-17T01:00,341.02
2014-11-17T01:15,354.878
2014-11-17T01:30,391.395
2014-11-17T01:45,558.863
2014-11-17T02:00,261.345
2014-11-17T02:15,132.375
2014-11-17T02:30,132.405
2014-11-17T02:45,308.439
2014-11-17T03:00,210.232
2014-11-17T03:15,132.078
2014-11-17T03:30,132.046
2014-11-17T03:45,160.166
2014-11-17T04:00,359.934
2014-11-17T04:15,132.751
2014-11-17T04:30,132.849
2014-11-17T04:45,214.195
2014-11-17T05:00,479.187
2014-11-17T05:15,232.196
2014-11-17T05:30,133.499
2014-11-17T05:45,133.429
2014-11-17T06:00,207.208
2014-11-17T06:15,326.803
2014-11-17T06:30,133.812
2014-11-17T06:45,133.83
2014-11-17T07:00,167.294
2014-11-17T07:15,458.547
2014-11-17T07:30,314.654
2014-11-17T07:45,254.014
2014-11-17T08:00,253.47
2014-11-17T08:15,331.353
2014-11-17T08:30,421.497
2014-11-17T08:45,477.141
2014-11-17T09:00,329.56
2014-11-17T09:15,403.999
2014-11-17T09:30,252.79
2014-11-17T09:45,240.151
2014-11-17T10:00,130.646
2014-11-17T10:15,134.328
2014-11-17T10:30,275.139
2014-11-17T10:45,287.231
2014-11-17T11:00,136.508
2014-11-17T11:15,129.971
2014-11-17T11:30,1070.526
2014-11-17T11:45,768.07
2014-11-17T12:00,2011.672
2014-11-17T12:15,128.884
2014-11-17T12:30,178.62
2014-11-17T12:45,221.77
2014-11-17T13:00,317.197
2014-11-17T13:15,272.969
2014-11-17T13:30,269.991
2014-11-17T13:45,375.749
2014-11-17T14:00,433.166
2014-11-17T14:15,277.223
2014-11-17T14:30,472.727
2014-11-17T14:45,526.638
2014-11-17T15:00,1088.383
2014-11-17T15:15,375.211
2014-11-17T15:30,342.906
2014-11-17T15:45,209.361
2014-11-17T16:00,299.056
2014-11-17T16:15,142.053
2014-11-17T16:30,131.403
2014-11-17T16:45,144.542
2014-11-17T17:00,408.017
2014-11-17T17:15,243.312
2014-11-17T17:30,414.616
2014-11-17T17:45,489.369
2014-11-17T18:00,674.872
2014-11-17T18:15,545.698
2014-11-17T18:30,472.776
2014-11-17T18:45,602.773
2014-11-17T19:00,613.867
2014-11-17T19:15,464.146
2014-11-17T19:30,477.125
2014-11-17T19:45,861.151
2014-11-17T20:00,631.218
2014-11-17T20:15,514.488
2014-11-17T20:30,618.062
2014-11-17T20:45,849.413
2014-11-17T21:00,620.628
2014-11-17T21:15,618.865
2014-11-17T21:30,616.899
2014-11-17T21:45,731.448
2014-11-17T22:00,504.079
2014-11-17T22:15,349.545
2014-11-17T22:30,134.747
2014-11-17T22:45,321.441
2014-11-17T23:00,199.863
2014-11-17T23:15,135.007
2014-11-17T23:30,135.009
2014-11-17T23:45,270.834
2014-11-18T00:00,256.385
2014-11-18T00:15,135.029
2014-11-18T00:30,135.011
2014-11-18T00:45,202.792
2014-11-18T01:00,280.344
2014-11-18T01:15,177.746
2014-11-18T01:30,134.855
2014-11-18T01:45,142.311
2014-11-18T02:00,247.181
2014-11-18T02:15,271.379
2014-11-18T02:30,134.293
2014-11-18T02:45,134.124
2014-11-18T03:00,225.631
2014-11-18T03:15,272.882
2014-11-18T03:30,152.47
2014-11-18T03:45,133.494
2014-11-18T04:00,170.535
2014-11-18T04:15,247.738
2014-11-18T04:30,242.95
2014-11-18T04:45,133.368
2014-11-18T05:00,133.453
2014-11-18T05:15,234.415
2014-11-18T05:30,237.277
2014-11-18T05:45,195.737
2014-11-18T06:00,132.876
2014-11-18T06:15,205.159
2014-11-18T06:30,159.933
2014-11-18T06:45,290.048
2014-11-18T07:00,256.28
2014-11-18T07:15,283.016
2014-11-18T07:30,322.848
2014-11-18T07:45,309.09
2014-11-18T08:00,363.69
2014-11-18T08:15,263.779
2014-11-18T08:30,363.556
2014-11-18T08:45,290.375
2014-11-18T09:00,394.241
2014-11-18T09:15,263.457
2014-11-18T09:30,364.777
2014-11-18T09:45,267.36
2014-11-18T10:00,369.004
2014-11-18T10:15,316.086
2014-11-18T10:30,305.869
2014-11-18T10:45,290.012
2014-11-18T11:00,260.903
2014-11-18T11:15,322.571
2014-11-18T11:30,184.877
2014-11-18T11:45,273.292
2014-11-18T12:00,154.735
2014-11-18T12:15,295.659
2014-11-18T12:30,133.334
2014-11-18T12:45,220.555
2014-11-18T13:00,141.772
2014-11-18T13:15,270.699
2014-11-18T13:30,146.256
2014-11-18T13:45,164.418
2014-11-18T14:00,295.187
2014-11-18T14:15,469.612
2014-11-18T14:30,280.584
2014-11-18T14:45,131.341
2014-11-18T15:00,241.783
2014-11-18T15:15,273.111
2014-11-18T15:30,302.709
2014-11-18T15:45,645.233
2014-11-18T16:00,706.116
2014-11-18T16:15,744.108
2014-11-18T16:30,610.254
2014-11-18T16:45,599.51
2014-11-18T17:00,545.185
2014-11-18T17:15,600.714
2014-11-18T17:30,418.124
2014-11-18T17:45,548.58
2014-11-18T18:00,1772.436
2014-11-18T18:15,1283.186
2014-11-18T18:30,252.035
2014-11-18T18:45,313.442
2014-11-18T19:00,448.404
2014-11-18T19:15,257.917
2014-11-18T19:30,255.261
2014-11-18T19:45,237.818
2014-11-18T20:00,276.037
2014-11-18T20:15,264.894
2014-11-18T20:30,253.008
2014-11-18T20:45,348.184
2014-11-18T21:00,342.432
2014-11-18T21:15,321.34
2014-11-18T21:30,252.684
2014-11-18T21:45,347.939
2014-11-18T22:00,290.514
2014-11-18T22:15,376.002
2014-11-18T22:30,211.509
2014-11-18T22:45,198.159
2014-11-18T23:00,164.535
2014-11-18T23:15,249.029
2014-11-18T23:30,177.964
2014-11-18T23:45,153.106
2014-11-19T00:00,210.387
2014-11-19T00:15,158.352
2014-11-19T00:30,273.317
2014-11-19T00:45,134.174
2014-11-19T01:00,227.772
2014-11-19T01:15,133.627
2014-11-19T01:30,271.204
2014-11-19T01:45,154.15
2014-11-19T02:00,185.493
2014-11-19T02:15,173.882
2014-11-19T02:30,187.951
2014-11-19T02:45,244.904
2014-11-19T03:00,133.281
2014-11-19T03:15,229.003
2014-11-19T03:30,133.189
2014-11-19T03:45,235.261
2014-11-19T04:00,197.136
2014-11-19T04:15,202.633
2014-11-19T04:30,164.629
2014-11-19T04:45,133.158
2014-11-19T05:00,288.815
2014-11-19T05:15,168.976
2014-11-19T05:30,208.654
2014-11-19T05:45,133.487
2014-11-19T06:00,187.693
2014-11-19T06:15,245.245
2014-11-19T06:30,233.608
2014-11-19T06:45,133.646
2014-11-19T07:00,158.309
2014-11-19T07:15,293.578
2014-11-19T07:30,440.538
2014-11-19T07:45,392.525
2014-11-19T08:00,274.792
2014-11-19T08:15,474.668
2014-11-19T08:30,584.206
2014-11-19T08:45,603.182
2014-11-19T09:00,132.805
2014-11-19T09:15,167.816
2014-11-19T09:30,257.16
2014-11-19T09:45,231.705
2014-11-19T10:00,132.277
2014-11-19T10:15,132.506
2014-11-19T10:30,287.734
2014-11-19T10:45,234.824
2014-11-19T11:00,134.419
2014-11-19T11:15,132.064
2014-11-19T11:30,269.459
2014-11-19T11:45,189.473
2014-11-19T12:00,188.798
2014-11-19T12:15,186.039
2014-11-19T12:30,218.693
2014-11-19T12:45,571.788
2014-11-19T13:00,2063.746
2014-11-19T13:15,140.598
2014-11-19T13:30,275.695
2014-11-19T13:45,131.6
2014-11-19T14:00,202.577
2014-11-19T14:15,160.123
2014-11-19T14:30,246.258
2014-11-19T14:45,171.514
2014-11-19T15:00,155.242
2014-11-19T15:15,225.464
2014-11-19T15:30,276.216
2014-11-19T15:45,176.843
2014-11-19T16:00,207.043
2014-11-19T16:15,481.028
2014-11-19T16:30,363.457
2014-11-19T16:45,499.988
2014-11-19T17:00,616.587
2014-11-19T17:15,634.356
2014-11-19T17:30,481.811
2014-11-19T17:45,1236.597
2014-11-19T18:00,1253.666
2014-11-19T18:15,1298.232
2014-11-19T18:30,373.084
2014-11-19T18:45,402.095
2014-11-19T19:00,391.909
2014-11-19T19:15,441.482
2014-11-19T19:30,418.52
2014-11-19T19:45,403.015
2014-11-19T20:00,386.995
2014-11-19T20:15,387.989
2014-11-19T20:30,466.479
2014-11-19T20:45,282.869
2014-11-19T21:00,273.335
2014-11-19T21:15,253.08
2014-11-19T21:30,367.04
2014-11-19T21:45,316.207
2014-11-19T22:00,332.863
2014-11-19T22:15,253.335
2014-11-19T22:30,275.538
2014-11-19T22:45,297.3
2014-11-19T23:00,230.277
2014-11-19T23:15,134.227
2014-11-19T23:30,134.242
2014-11-19T23:45,287.431
2014-11-20T00:00,339.141
2014-11-20T00:15,286.771
2014-11-20T00:30,189.434
2014-11-20T00:45,187.257
2014-11-20T01:00,246.917
2014-11-20T01:15,225.747
2014-11-20T01:30,133.768
2014-11-20T01:45,133.771
2014-11-20T02:00,234.509
2014-11-20T02:15,289.409
2014-11-20T02:30,140.084
2014-11-20T02:45,133.933
2014-11-20T03:00,134.279
2014-11-20T03:15,309.085
2014-11-20T03:30,227.472
2014-11-20T03:45,134.121
2014-11-20T04:00,134.149
2014-11-20T04:15,186.62
2014-11-20T04:30,346.779
2014-11-20T04:45,134.284
2014-11-20T05:00,134.492
2014-11-20T05:15,157.228
2014-11-20T05:30,351.66
2014-11-20T05:45,151.674
2014-11-20T06:00,134.757
2014-11-20T06:15,134.914
2014-11-20T06:30,279.345
2014-11-20T06:45,248.628
2014-11-20T07:00,167.931
2014-11-20T07:15,254.62
2014-11-20T07:30,287.724
2014-11-20T07:45,490.644
2014-11-20T08:00,264.634
2014-11-20T08:15,254.229
2014-11-20T08:30,239.055
2014-11-20T08:45,461.818
2014-11-20T09:00,176.135
2014-11-20T09:15,132.779
2014-11-20T09:30,132.768
2014-11-20T09:45,322.995
2014-11-20T10:00,198.452
2014-11-20T10:15,131.615
2014-11-20T10:30,184.543
2014-11-20T10:45,1316.661
2014-11-20T11:00,474.166
2014-11-20T11:15,131.647
2014-11-20T11:30,149.18
2014-11-20T11:45,344.998
2014-11-20T12:00,478.522
2014-11-20T12:15,524.452
2014-11-20T12:30,1889.243
2014-11-20T12:45,1493.357
2014-11-20T13:00,786.67
2014-11-20T13:15,426.148
2014-11-20T13:30,308.667
2014-11-20T13:45,262.507
2014-11-20T14:00,132.678
2014-11-20T14:15,232.196
2014-11-20T14:30,283.622
2014-11-20T14:45,135.303
2014-11-20T15:00,131.006
2014-11-20T15:15,215.625
2014-11-20T15:30,304.575
2014-11-20T15:45,130.917
2014-11-20T16:00,230.787
2014-11-20T16:15,145.59
2014-11-20T16:30,332.523
2014-11-20T16:45,468.927
2014-11-20T17:00,584.348
2014-11-20T17:15,483.631
2014-11-20T17:30,559.545
2014-11-20T17:45,540.608
2014-11-20T18:00,576.244
2014-11-20T18:15,464.426
2014-11-20T18:30,496.441
2014-11-20T18:45,624.63
2014-11-20T19:00,550.75
2014-11-20T19:15,1444.653
2014-11-20T19:30,1584.641
2014-11-20T19:45,1349.699
2014-11-20T20:00,772.32
2014-11-20T20:15,552.686
2014-11-20T20:30,482.918
2014-11-20T20:45,425.179
2014-11-20T21:00,628.512
2014-11-20T21:15,398.863
2014-11-20T21:30,645.355
2014-11-20T21:45,614.691
2014-11-20T22:00,839.119
2014-11-20T22:15,666.77
2014-11-20T22:30,609.523
2014-11-20T22:45,617.735
2014-11-20T23:00,585.558
2014-11-20T23:15,663.144
2014-11-20T23:30,471.531
2014-11-20T23:45,464.51
2014-11-21T00:00,347.408
2014-11-21T00:15,442.62
2014-11-21T00:30,237.891
2014-11-21T00:45,131.826
2014-11-21T01:00,131.487
2014-11-21T01:15,173.746
2014-11-21T01:30,336.967
2014-11-21T01:45,146.548
2014-11-21T02:00,131.991
2014-11-21T02:15,132.047
2014-11-21T02:30,283.791
2014-11-21T02:45,247.26
2014-11-21T03:00,131.573
2014-11-21T03:15,131.601
2014-11-21T03:30,229.376
2014-11-21T03:45,289.762
2014-11-21T04:00,131.739
2014-11-21T04:15,131.722
2014-11-21T04:30,166.93
2014-11-21T04:45,297.407
2014-11-21T05:00,189.385
2014-11-21T05:15,131.891
2014-11-21T05:30,131.953
2014-11-21T05:45,263.198
2014-11-21T06:00,261.278
2014-11-21T06:15,133.012
2014-11-21T06:30,133.054
2014-11-21T06:45,238.374
2014-11-21T07:00,342.902
2014-11-21T07:15,258.041
2014-11-21T07:30,253.537
2014-11-21T07:45,308.461
2014-11-21T08:00,432.258
2014-11-21T08:15,273.386
2014-11-21T08:30,156.353
2014-11-21T08:45,188.454
2014-11-21T09:00,323.675
2014-11-21T09:15,176.807
2014-11-21T09:30,185.2
2014-11-21T09:45,175.077
2014-11-21T10:00,395.78
2014-11-21T10:15,144.589
2014-11-21T10:30,131.932
2014-11-21T10:45,131.947
2014-11-21T11:00,280.357
2014-11-21T11:15,484.379
2014-11-21T11:30,359.191
2014-11-21T11:45,385.65
2014-11-21T12:00,306.773
2014-11-21T12:15,230.519
2014-11-21T12:30,173.041
2014-11-21T12:45,2074.093
2014-11-21T13:00,884.971
2014-11-21T13:15,192.285
2014-11-21T13:30,165.571
2014-11-21T13:45,279.9
2014-11-21T14:00,131.259
2014-11-21T14:15,160.369
2014-11-21T14:30,204.612
2014-11-21T14:45,267.472
2014-11-21T15:00,208.043
2014-11-21T15:15,193.012
2014-11-21T15:30,138.312
2014-11-21T15:45,238.776
2014-11-21T16:00,296.04
2014-11-21T16:15,232.045
2014-11-21T16:30,199.841
2014-11-21T16:45,247.184
2014-11-21T17:00,461.495
2014-11-21T17:15,245.419
2014-11-21T17:30,252.857
2014-11-21T17:45,419.547
2014-11-21T18:00,1697.225
2014-11-21T18:15,1795.591
2014-11-21T18:30,1125.173
2014-11-21T18:45,484.222
2014-11-21T19:00,468.198
2014-11-21T19:15,398.82
2014-11-21T19:30,253.55
2014-11-21T19:45,253.448
2014-11-21T20:00,324.442
2014-11-21T20:15,518.259
2014-11-21T20:30,422.162
2014-11-21T20:45,530.771
2014-11-21T21:00,569.065
2014-11-21T21:15,1177.572
2014-11-21T21:30,709.134
2014-11-21T21:45,536.211
2014-11-21T22:00,538.699
2014-11-21T22:15,542.976
2014-11-21T22:30,645.813
2014-11-21T22:45,610.348
2014-11-21T23:00,535.183
2014-11-21T23:15,609.861
2014-11-21T23:30,581.495
2014-11-21T23:45,523.993
2014-11-22T00:00,292.25
2014-11-22T00:15,281.448
2014-11-22T00:30,375.936
2014-11-22T00:45,227.004
2014-11-22T01:00,251.942
2014-11-22T01:15,134.866
2014-11-22T01:30,209.347
2014-11-22T01:45,180.164
2014-11-22T02:00,273.091
2014-11-22T02:15,134.714
2014-11-22T02:30,163.729
2014-11-22T02:45,204.616
2014-11-22T03:00,233.439
2014-11-22T03:15,193.545
2014-11-22T03:30,134.376
2014-11-22T03:45,234.305
2014-11-22T04:00,164.315
2014-11-22T04:15,265.203
2014-11-22T04:30,135.05
2014-11-22T04:45,229.331
2014-11-22T05:00,141.189
2014-11-22T05:15,285.984
2014-11-22T05:30,141.561
2014-11-22T05:45,194.198
2014-11-22T06:00,180.745
2014-11-22T06:15,267.233
2014-11-22T06:30,155.987
2014-11-22T06:45,139.387
2014-11-22T07:00,287.394
2014-11-22T07:15,237.658
2014-11-22T07:30,135.218
2014-11-22T07:45,134.678
2014-11-22T08:00,240.687
2014-11-22T08:15,284.219
2014-11-22T08:30,242.438
2014-11-22T08:45,239.102
2014-11-22T09:00,634.387
2014-11-22T09:15,380.009
2014-11-22T09:30,252.791
2014-11-22T09:45,392.077
2014-11-22T10:00,636.473
2014-11-22T10:15,529.366
2014-11-22T10:30,1830.677
2014-11-22T10:45,1014.358
2014-11-22T11:00,518.255
2014-11-22T11:15,444.49
2014-11-22T11:30,331.21
2014-11-22T11:45,136.059
2014-11-22T12:00,283.404
2014-11-22T12:15,160.699
2014-11-22T12:30,196.16
2014-11-22T12:45,132.219
2014-11-22T13:00,269.749
2014-11-22T13:15,167.43
2014-11-22T13:30,239.65
2014-11-22T13:45,133.073
2014-11-22T14:00,227.144
2014-11-22T14:15,326.73
2014-11-22T14:30,139.229
2014-11-22T14:45,150.397
2014-11-22T15:00,311.862
2014-11-22T15:15,501.134
2014-11-22T15:30,263.13
2014-11-22T15:45,1134.673
2014-11-22T16:00,1519.223
2014-11-22T16:15,463.941
2014-11-22T16:30,403.968
2014-11-22T16:45,361.025
2014-11-22T17:00,453.703
2014-11-22T17:15,438.765
2014-11-22T17:30,908.232
2014-11-22T17:45,387.701
2014-11-22T18:00,460.301
2014-11-22T18:15,438.698
2014-11-22T18:30,459.087
2014-11-22T18:45,424.361
2014-11-22T19:00,313.186
2014-11-22T19:15,328.103
2014-11-22T19:30,300.937
2014-11-22T19:45,382.661
2014-11-22T20:00,264.161
2014-11-22T20:15,360.204
2014-11-22T20:30,264.201
2014-11-22T20:45,359.596
2014-11-22T21:00,334.145
2014-11-22T21:15,330.396
2014-11-22T21:30,290.412
2014-11-22T21:45,263.351
2014-11-22T22:00,411.515
2014-11-22T22:15,287.558
2014-11-22T22:30,348.374
2014-11-22T22:45,173.455
2014-11-22T23:00,190.189
2014-11-22T23:15,262.076
2014-11-22T23:30,237.645
2014-11-22T23:45,144.289
2014-11-23T00:00,159.717
2014-11-23T00:15,283.395
2014-11-23T00:30,159.128
2014-11-23T00:45,206.904
2014-11-23T01:00,131.607
2014-11-23T01:15,228.933
2014-11-23T01:30,192.346
2014-11-23T01:45,230.628
2014-11-23T02:00,131.696
2014-11-23T02:15,159.123
2014-11-23T02:30,263.946
2014-11-23T02:45,219.27
2014-11-23T03:00,143.365
2014-11-23T03:15,131.131
2014-11-23T03:30,280.043
2014-11-23T03:45,185.754
2014-11-23T04:00,184.011
2014-11-23T04:15,131.042
2014-11-23T04:30,261.983
2014-11-23T04:45,162.17
2014-11-23T05:00,228.301
2014-11-23T05:15,179.179
2014-11-23T05:30,225.853
2014-11-23T05:45,131.552
2014-11-23T06:00,230.084
2014-11-23T06:15,132.003
2014-11-23T06:30,283.091
2014-11-23T06:45,131.109
2014-11-23T07:00,192.137
2014-11-23T07:15,176.906
2014-11-23T07:30,240.713
2014-11-23T07:45,276.663
2014-11-23T08:00,252.341
2014-11-23T08:15,370.484
2014-11-23T08:30,374.337
2014-11-23T08:45,207.213
2014-11-23T09:00,176.063
2014-11-23T09:15,369.124
2014-11-23T09:30,142.796
2014-11-23T09:45,130.905
2014-11-23T10:00,130.5
2014-11-23T10:15,309.582
2014-11-23T10:30,200.197
2014-11-23T10:45,128.795
2014-11-23T11:00,129.727
2014-11-23T11:15,263.229
2014-11-23T11:30,244.403
2014-11-23T11:45,129.687
2014-11-23T12:00,129.285
2014-11-23T12:15,210.73
2014-11-23T12:30,286.295
2014-11-23T12:45,151.344
2014-11-23T13:00,129.587
2014-11-23T13:15,262.322
2014-11-23T13:30,277.373
2014-11-23T13:45,144.599
2014-11-23T14:00,154.679
2014-11-23T14:15,514.23
2014-11-23T14:30,581.46
2014-11-23T14:45,508.024
2014-11-23T15:00,336.89
2014-11-23T15:15,373.769
2014-11-23T15:30,401.714
2014-11-23T15:45,507.628
2014-11-23T16:00,378.512
2014-11-23T16:15,425.648
2014-11-23T16:30,352.969
2014-11-23T16:45,565.92
2014-11-23T17:00,520.04
2014-11-23T17:15,578.909
2014-11-23T17:30,494.257
2014-11-23T17:45,535.672
2014-11-23T18:00,564.264
2014-11-23T18:15,444.534
2014-11-23T18:30,340.341
2014-11-23T18:45,459.915
2014-11-23T19:00,590.151
2014-11-23T19:15,734.69
2014-11-23T19:30,671.783
2014-11-23T19:45,682.979
2014-11-23T20:00,607.021
2014-11-23T20:15,784.872
2014-11-23T20:30,709.837
2014-11-23T20:45,634.07
2014-11-23T21:00,762.044
2014-11-23T21:15,801.348
2014-11-23T21:30,958.552
2014-11-23T21:45,761.148
2014-11-23T22:00,761.336
2014-11-23T22:15,762.938
2014-11-23T22:30,902.669
2014-11-23T22:45,669.302
2014-11-23T23:00,492.716
2014-11-23T23:15,482.792
2014-11-23T23:30,595.769
2014-11-23T23:45,532.705
2014-11-24T00:00,348.022
2014-11-24T00:15,350.792
2014-11-24T00:30,366.989
2014-11-24T00:45,564.02
2014-11-24T01:00,367.867
2014-11-24T01:15,342.245
2014-11-24T01:30,348.097
2014-11-24T01:45,538.392
2014-11-24T02:00,411.903
2014-11-24T02:15,348.343
2014-11-24T02:30,350.974
2014-11-24T02:45,471.875
2014-11-24T03:00,472.12
2014-11-24T03:15,350.885
2014-11-24T03:30,388.791
2014-11-24T03:45,442.997
2014-11-24T04:00,456.051
2014-11-24T04:15,343.568
2014-11-24T04:30,212.97
2014-11-24T04:45,284.622
2014-11-24T05:00,190.906
2014-11-24T05:15,170.083
2014-11-24T05:30,130.914
2014-11-24T05:45,237.247
2014-11-24T06:00,188.465
2014-11-24T06:15,281.692
2014-11-24T06:30,399.52
2014-11-24T06:45,498.732
2014-11-24T07:00,361.511
2014-11-24T07:15,515.445
2014-11-24T07:30,500.003
2014-11-24T07:45,264.211
2014-11-24T08:00,261.263
2014-11-24T08:15,303.779
2014-11-24T08:30,473.066
2014-11-24T08:45,261.008
2014-11-24T09:00,261.205
2014-11-24T09:15,250.941
2014-11-24T09:30,475.759
2014-11-24T09:45,267.383
2014-11-24T10:00,231.552
2014-11-24T10:15,226.026
2014-11-24T10:30,594.979
2014-11-24T10:45,538.652
2014-11-24T11:00,432.229
2014-11-24T11:15,821.895
2014-11-24T11:30,633.234
2014-11-24T11:45,602.097
2014-11-24T12:00,199.518
2014-11-24T12:15,221.464
2014-11-24T12:30,212.742
2014-11-24T12:45,254.393
2014-11-24T13:00,195.421
2014-11-24T13:15,193.107
2014-11-24T13:30,172.145
2014-11-24T13:45,160.754
2014-11-24T14:00,425.236
2014-11-24T14:15,373.245
2014-11-24T14:30,277.418
2014-11-24T14:45,278.518
2014-11-24T15:00,402.048
2014-11-24T15:15,399.85
2014-11-24T15:30,266.529
2014-11-24T15:45,278.562
2014-11-24T16:00,341.159
2014-11-24T16:15,738.459
2014-11-24T16:30,505.833
2014-11-24T16:45,571.423
2014-11-24T17:00,469.942
2014-11-24T17:15,639.008
2014-11-24T17:30,565.278
2014-11-24T17:45,1215.514
2014-11-24T18:00,1487.288
2014-11-24T18:15,958.036
2014-11-24T18:30,461.519
2014-11-24T18:45,271.814
2014-11-24T19:00,250.4
2014-11-24T19:15,250.477
2014-11-24T19:30,388.041
2014-11-24T19:45,372.947
2014-11-24T20:00,251.169
2014-11-24T20:15,1366.902
2014-11-24T20:30,1437.548
2014-11-24T20:45,1288.28
2014-11-24T21:00,623.599
2014-11-24T21:15,632.178
2014-11-24T21:30,617.558
2014-11-24T21:45,801.26
2014-11-24T22:00,551.457
2014-11-24T22:15,612.425
2014-11-24T22:30,484.827
2014-11-24T22:45,454.316
2014-11-24T23:00,499.943
2014-11-24T23:15,348.433
2014-11-24T23:30,351.156
2014-11-24T23:45,376.471
2014-11-25T00:00,560.253
2014-11-25T00:15,363.073
2014-11-25T00:30,343.564
2014-11-25T00:45,349.351
2014-11-25T01:00,371.979
2014-11-25T01:15,158.366
2014-11-25T01:30,132.404
2014-11-25T01:45,176.485
2014-11-25T02:00,328.588
2014-11-25T02:15,132.93
2014-11-25T02:30,131.986
2014-11-25T02:45,131.854
2014-11-25T03:00,348.283
2014-11-25T03:15,172.718
2014-11-25T03:30,131.433
2014-11-25T03:45,131.503
2014-11-25T04:00,246.85
2014-11-25T04:15,269.968
2014-11-25T04:30,131.643
2014-11-25T04:45,147.109
2014-11-25T05:00,272.525
2014-11-25T05:15,234.776
2014-11-25T05:30,131.281
2014-11-25T05:45,268.124
2014-11-25T06:00,136.091
2014-11-25T06:15,263.732
2014-11-25T06:30,298.749
2014-11-25T06:45,404.708
2014-11-25T07:00,252.484
2014-11-25T07:15,251.471
2014-11-25T07:30,351.504
2014-11-25T07:45,379.546
2014-11-25T08:00,281.515
2014-11-25T08:15,251.451
2014-11-25T08:30,332.197
2014-11-25T08:45,348.224
2014-11-25T09:00,329.318
2014-11-25T09:15,250.905
2014-11-25T09:30,264.22
2014-11-25T09:45,331.662
2014-11-25T10:00,565.192
2014-11-25T10:15,372.215
2014-11-25T10:30,362.779
2014-11-25T10:45,333.706
2014-11-25T11:00,1488.401
2014-11-25T11:15,1215.72
2014-11-25T11:30,236.163
2014-11-25T11:45,133.804
2014-11-25T12:00,139.944
2014-11-25T12:15,294.819
2014-11-25T12:30,220.949
2014-11-25T12:45,130.231
2014-11-25T13:00,130.663
2014-11-25T13:15,318.329
2014-11-25T13:30,202.658
2014-11-25T13:45,130.334
2014-11-25T14:00,130.591
2014-11-25T14:15,262.16
2014-11-25T14:30,427.385
2014-11-25T14:45,278.232
2014-11-25T15:00,155.791
2014-11-25T15:15,227.781
2014-11-25T15:30,276.558
2014-11-25T15:45,206.539
2014-11-25T16:00,130.968
2014-11-25T16:15,825.551
2014-11-25T16:30,1431.617
2014-11-25T16:45,2082.461
2014-11-25T17:00,1385.239
2014-11-25T17:15,1107.712
2014-11-25T17:30,228.201
2014-11-25T17:45,173.635
2014-11-25T18:00,257.241
2014-11-25T18:15,133.311
2014-11-25T18:30,1530.277
2014-11-25T18:45,1239.387
2014-11-25T19:00,767.042
2014-11-25T19:15,480.504
2014-11-25T19:30,497.112
2014-11-25T19:45,553.598
2014-11-25T20:00,567.891
2014-11-25T20:15,538.966
2014-11-25T20:30,464.841
2014-11-25T20:45,671.419
2014-11-25T21:00,628.044
2014-11-25T21:15,512.813
2014-11-25T21:30,280.59
2014-11-25T21:45,313.628
2014-11-25T22:00,349.314
2014-11-25T22:15,323.664
2014-11-25T22:30,146.586
2014-11-25T22:45,133.868
2014-11-25T23:00,395.418
2014-11-25T23:15,497.148
2014-11-25T23:30,393.392
2014-11-25T23:45,358.451
2014-11-26T00:00,489.301
2014-11-26T00:15,344.255
2014-11-26T00:30,135.045
2014-11-26T00:45,135.069
2014-11-26T01:00,187.019
2014-11-26T01:15,336.067
2014-11-26T01:30,223.068
2014-11-26T01:45,135.035
2014-11-26T02:00,149.617
2014-11-26T02:15,328.927
2014-11-26T02:30,186.829
2014-11-26T02:45,135.384
2014-11-26T03:00,148.488
2014-11-26T03:15,377.511
2014-11-26T03:30,135.027
2014-11-26T03:45,134.879
2014-11-26T04:00,270.698
2014-11-26T04:15,206.288
2014-11-26T04:30,174.654
2014-11-26T04:45,135.439
2014-11-26T05:00,287.261
2014-11-26T05:15,138.067
2014-11-26T05:30,234.116
2014-11-26T05:45,135.422
2014-11-26T06:00,261.77
2014-11-26T06:15,167.109
2014-11-26T06:30,230.255
2014-11-26T06:45,140.835
2014-11-26T07:00,211.856
2014-11-26T07:15,222.796
2014-11-26T07:30,179.318
2014-11-26T07:45,212.782
2014-11-26T08:00,167.962
2014-11-26T08:15,969.875
2014-11-26T08:30,511.827
2014-11-26T08:45,379.462
2014-11-26T09:00,142.866
2014-11-26T09:15,246.959
2014-11-26T09:30,202.492
2014-11-26T09:45,231.37
2014-11-26T10:00,161.502
2014-11-26T10:15,152.475
2014-11-26T10:30,409.427
2014-11-26T10:45,150.088
2014-11-26T11:00,254.387
2014-11-26T11:15,387.966
2014-11-26T11:30,600.439
2014-11-26T11:45,404.503
2014-11-26T12:00,363.382
2014-11-26T12:15,380.239
2014-11-26T12:30,479.327
2014-11-26T12:45,469.302
2014-11-26T13:00,352.905
2014-11-26T13:15,522.613
2014-11-26T13:30,1911.828
2014-11-26T13:45,891.344
2014-11-26T14:00,432.442
2014-11-26T14:15,306.062
2014-11-26T14:30,602.128
2014-11-26T14:45,499.717
2014-11-26T15:00,650.902
2014-11-26T15:15,524.979
2014-11-26T15:30,594.56
2014-11-26T15:45,353.887
2014-11-26T16:00,386.445
2014-11-26T16:15,478.526
2014-11-26T16:30,437.644
2014-11-26T16:45,360.38
2014-11-26T17:00,356.992
2014-11-26T17:15,504.543
2014-11-26T17:30,1090.904
2014-11-26T17:45,1485.043
2014-11-26T18:00,858.025
2014-11-26T18:15,937.781
2014-11-26T18:30,342.311
2014-11-26T18:45,501.951
2014-11-26T19:00,406.932
2014-11-26T19:15,423.143
2014-11-26T19:30,461.738
2014-11-26T19:45,306.774
2014-11-26T20:00,298.316
2014-11-26T20:15,254.791
2014-11-26T20:30,517.986
2014-11-26T20:45,422.827
2014-11-26T21:00,503.238
2014-11-26T21:15,406.339
2014-11-26T21:30,530.787
2014-11-26T21:45,434.618
2014-11-26T22:00,490.395
2014-11-26T22:15,470.684
2014-11-26T22:30,506.971
2014-11-26T22:45,394.912
2014-11-26T23:00,449.923
2014-11-26T23:15,328.183
2014-11-26T23:30,285.553
2014-11-26T23:45,134.86
2014-11-27T00:00,134.136
2014-11-27T00:15,234.127
2014-11-27T00:30,235.477
2014-11-27T00:45,187.287
2014-11-27T01:00,133.21
2014-11-27T01:15,249.741
2014-11-27T01:30,278.529
2014-11-27T01:45,133.36
2014-11-27T02:00,133.665
2014-11-27T02:15,332.059
2014-11-27T02:30,176.063
2014-11-27T02:45,133.379
2014-11-27T03:00,132.953
2014-11-27T03:15,298.603
2014-11-27T03:30,225.235
2014-11-27T03:45,132.774
2014-11-27T04:00,132.661
2014-11-27T04:15,257.435
2014-11-27T04:30,264.719
2014-11-27T04:45,132.766
2014-11-27T05:00,132.873
2014-11-27T05:15,207.464
2014-11-27T05:30,262.125
2014-11-27T05:45,185.268
2014-11-27T06:00,132.68
2014-11-27T06:15,153.016
2014-11-27T06:30,273.531
2014-11-27T06:45,273.753
2014-11-27T07:00,252.429
2014-11-27T07:15,252.492
2014-11-27T07:30,353.169
2014-11-27T07:45,382.964
2014-11-27T08:00,270.89
2014-11-27T08:15,251.87
2014-11-27T08:30,257.594
2014-11-27T08:45,448.059
2014-11-27T09:00,494.944
2014-11-27T09:15,455.226
2014-11-27T09:30,309.617
2014-11-27T09:45,411.188
2014-11-27T10:00,204.707
2014-11-27T10:15,131.254
2014-11-27T10:30,195.836
2014-11-27T10:45,206.457
2014-11-27T11:00,259.514
2014-11-27T11:15,131.353
2014-11-27T11:30,233.579
2014-11-27T11:45,131.332
2014-11-27T12:00,218.413
2014-11-27T12:15,210.728
2014-11-27T12:30,226.806
2014-11-27T12:45,131.595
2014-11-27T13:00,229.861
2014-11-27T13:15,414.759
2014-11-27T13:30,395.229
2014-11-27T13:45,277.776
2014-11-27T14:00,391.734
2014-11-27T14:15,557.738
2014-11-27T14:30,703.529
2014-11-27T14:45,387.465
2014-11-27T15:00,244.783
2014-11-27T15:15,137.748
2014-11-27T15:30,332.068
2014-11-27T15:45,237.356
2014-11-27T16:00,206.469
2014-11-27T16:15,236.506
2014-11-27T16:30,340.382
2014-11-27T16:45,970.137
2014-11-27T17:00,251.567
2014-11-27T17:15,385.412
2014-11-27T17:30,411.568
2014-11-27T17:45,603.676
2014-11-27T18:00,414.917
2014-11-27T18:15,388.439
2014-11-27T18:30,541.194
2014-11-27T18:45,574.819
2014-11-27T19:00,481.744
2014-11-27T19:15,261.375
2014-11-27T19:30,463.69
2014-11-27T19:45,659.38
2014-11-27T20:00,640.659
2014-11-27T20:15,464.756
2014-11-27T20:30,579.595
2014-11-27T20:45,641.227
2014-11-27T21:00,572.647
2014-11-27T21:15,569.336
2014-11-27T21:30,397.309
2014-11-27T21:45,541.498
2014-11-27T22:00,398.078
2014-11-27T22:15,497.89
2014-11-27T22:30,407.818
2014-11-27T22:45,632.201
2014-11-27T23:00,598.237
2014-11-27T23:15,543.051
2014-11-27T23:30,276.3
2014-11-27T23:45,428.754
2014-11-28T00:00,140.723
2014-11-28T00:15,201.464
2014-11-28T00:30,301.081
2014-11-28T00:45,142.62
2014-11-28T01:00,132.592
2014-11-28T01:15,148.809
2014-11-28T01:30,363.749
2014-11-28T01:45,138.303
2014-11-28T02:00,132.572
2014-11-28T02:15,132.584
2014-11-28T02:30,359.304
2014-11-28T02:45,167.436
2014-11-28T03:00,132.387
2014-11-28T03:15,132.419
2014-11-28T03:30,261.39
2014-11-28T03:45,258.141
2014-11-28T04:00,132.198
2014-11-28T04:15,132.182
2014-11-28T04:30,150.471
2014-11-28T04:45,375.082
2014-11-28T05:00,132.22
2014-11-28T05:15,132.149
2014-11-28T05:30,132.217
2014-11-28T05:45,316.892
2014-11-28T06:00,280.463
2014-11-28T06:15,252.304
2014-11-28T06:30,252.394
2014-11-28T06:45,287.141
2014-11-28T07:00,468.867
2014-11-28T07:15,254.702
2014-11-28T07:30,252.331
2014-11-28T07:45,252.447
2014-11-28T08:00,476.103
2014-11-28T08:15,290.991
2014-11-28T08:30,267.288
2014-11-28T08:45,327.094
2014-11-28T09:00,201.602
2014-11-28T09:15,381.929
2014-11-28T09:30,253.695
2014-11-28T09:45,274.512
2014-11-28T10:00,287.75
2014-11-28T10:15,297.618
2014-11-28T10:30,279.013
2014-11-28T10:45,166.691
2014-11-28T11:00,500.385
2014-11-28T11:15,2085.197
2014-11-28T11:30,2319.046
2014-11-28T11:45,701.052
2014-11-28T12:00,677.123
2014-11-28T12:15,661.84
2014-11-28T12:30,780.47
2014-11-28T12:45,778.336
2014-11-28T13:00,377.957
2014-11-28T13:15,404.391
2014-11-28T13:30,463.351
2014-11-28T13:45,416.34
2014-11-28T14:00,281.312
2014-11-28T14:15,236.454
2014-11-28T14:30,130.956
2014-11-28T14:45,314.234
2014-11-28T15:00,500.46
2014-11-28T15:15,1207.066
2014-11-28T15:30,618.874
2014-11-28T15:45,470.423
2014-11-28T16:00,550.852
2014-11-28T16:15,407.987
2014-11-28T16:30,414.752
2014-11-28T16:45,442.881
2014-11-28T17:00,615.425
2014-11-28T17:15,405.187
2014-11-28T17:30,374.501
2014-11-28T17:45,415.08
2014-11-28T18:00,1647.268
2014-11-28T18:15,285.431
2014-11-28T18:30,252.99
2014-11-28T18:45,289.807
2014-11-28T19:00,394.406
2014-11-28T19:15,317.714
2014-11-28T19:30,253.164
2014-11-28T19:45,363.32
2014-11-28T20:00,645.437
2014-11-28T20:15,460.575
2014-11-28T20:30,253.156
2014-11-28T20:45,253.143
2014-11-28T21:00,351.093
2014-11-28T21:15,406.917
2014-11-28T21:30,255.903
2014-11-28T21:45,260.594
2014-11-28T22:00,402.392
2014-11-28T22:15,310.038
2014-11-28T22:30,296.181
2014-11-28T22:45,294.234
2014-11-28T23:00,144.54
2014-11-28T23:15,153.244
2014-11-28T23:30,217.896
2014-11-28T23:45,279.926
2014-11-29T00:00,140.732
2014-11-29T00:15,132.974
2014-11-29T00:30,232.158
2014-11-29T00:45,254.471
2014-11-29T01:00,169.585
2014-11-29T01:15,133.022
2014-11-29T01:30,202.244
2014-11-29T01:45,238.586
2014-11-29T02:00,218.176
2014-11-29T02:15,133.2
2014-11-29T02:30,139.765
2014-11-29T02:45,241.34
2014-11-29T03:00,277.728
2014-11-29T03:15,133.034
2014-11-29T03:30,132.917
2014-11-29T03:45,232.322
2014-11-29T04:00,230.986
2014-11-29T04:15,195.666
2014-11-29T04:30,133.073
2014-11-29T04:45,171.235
2014-11-29T05:00,196.299
2014-11-29T05:15,290.912
2014-11-29T05:30,202.457
2014-11-29T05:45,260.239
2014-11-29T06:00,336.091
2014-11-29T06:15,339.513
2014-11-29T06:30,316.319
2014-11-29T06:45,372.619
2014-11-29T07:00,816.156
2014-11-29T07:15,453.565
2014-11-29T07:30,604.569
2014-11-29T07:45,596.827
2014-11-29T08:00,481.027
2014-11-29T08:15,465.542
2014-11-29T08:30,569.505
2014-11-29T08:45,665.04
2014-11-29T09:00,468.261
2014-11-29T09:15,475.583
2014-11-29T09:30,342.499
2014-11-29T09:45,473.037
2014-11-29T10:00,379.388
2014-11-29T10:15,1443.748
2014-11-29T10:30,1420.656
2014-11-29T10:45,1671.234
2014-11-29T11:00,1164.783
2014-11-29T11:15,2164.614
2014-11-29T11:30,1398.292
2014-11-29T11:45,1602.246
2014-11-29T12:00,1315.367
2014-11-29T12:15,417.833
2014-11-29T12:30,405.87
2014-11-29T12:45,277.793
2014-11-29T13:00,243.325
2014-11-29T13:15,228.388
2014-11-29T13:30,417.204
2014-11-29T13:45,1106.75
2014-11-29T14:00,845.732
2014-11-29T14:15,881.721
2014-11-29T14:30,1308.386
2014-11-29T14:45,1922.837
2014-11-29T15:00,235.168
2014-11-29T15:15,322.882
2014-11-29T15:30,219.354
2014-11-29T15:45,215.064
2014-11-29T16:00,322.194
2014-11-29T16:15,364.666
2014-11-29T16:30,286.761
2014-11-29T16:45,252.687
2014-11-29T17:00,344.809
2014-11-29T17:15,397.962
2014-11-29T17:30,252.702
2014-11-29T17:45,289.475
2014-11-29T18:00,253.001
2014-11-29T18:15,500.915
2014-11-29T18:30,259.09
2014-11-29T18:45,252.924
2014-11-29T19:00,253.296
2014-11-29T19:15,470.45
2014-11-29T19:30,462.344
2014-11-29T19:45,394.45
2014-11-29T20:00,403.402
2014-11-29T20:15,609.318
2014-11-29T20:30,458.777
2014-11-29T20:45,403.209
2014-11-29T21:00,660.999
2014-11-29T21:15,568.195
2014-11-29T21:30,639.73
2014-11-29T21:45,540.948
2014-11-29T22:00,700.321
2014-11-29T22:15,558.879
2014-11-29T22:30,634.306
2014-11-29T22:45,483.2
2014-11-29T23:00,518.11
2014-11-29T23:15,434.675
2014-11-29T23:30,461.86
2014-11-29T23:45,428.729
2014-11-30T00:00,348.228
2014-11-30T00:15,355.681
2014-11-30T00:30,304.233
2014-11-30T00:45,361.57
2014-11-30T01:00,282.478
2014-11-30T01:15,428.207
2014-11-30T01:30,278.254
2014-11-30T01:45,240.375
2014-11-30T02:00,133.597
2014-11-30T02:15,229.368
2014-11-30T02:30,198.033
2014-11-30T02:45,186.092
2014-11-30T03:00,181.631
2014-11-30T03:15,134.121
2014-11-30T03:30,291.943
2014-11-30T03:45,139.551
2014-11-30T04:00,234.094
2014-11-30T04:15,134.563
2014-11-30T04:30,252.634
2014-11-30T04:45,174.882
2014-11-30T05:00,210.889
2014-11-30T05:15,149.078
2014-11-30T05:30,167.036
2014-11-30T05:45,268.472
2014-11-30T06:00,179.371
2014-11-30T06:15,203.559
2014-11-30T06:30,164.124
2014-11-30T06:45,415.008
2014-11-30T07:00,396.037
2014-11-30T07:15,231.419
2014-11-30T07:30,144.853
2014-11-30T07:45,223.473
2014-11-30T08:00,432.158
2014-11-30T08:15,296.337
2014-11-30T08:30,264.208
2014-11-30T08:45,366.599
2014-11-30T09:00,290.835
2014-11-30T09:15,392.438
2014-11-30T09:30,258.991
2014-11-30T09:45,703.91
2014-11-30T10:00,239.029
2014-11-30T10:15,759.098
2014-11-30T10:30,639.928
2014-11-30T10:45,689.204
2014-11-30T11:00,570.876
2014-11-30T11:15,261.153
2014-11-30T11:30,241.265
2014-11-30T11:45,241.849
2014-11-30T12:00,158.255
2014-11-30T12:15,150.825
2014-11-30T12:30,290.961
2014-11-30T12:45,182.49
2014-11-30T13:00,198.574
2014-11-30T13:15,136.67
2014-11-30T13:30,268.049
2014-11-30T13:45,152.604
2014-11-30T14:00,225.774
2014-11-30T14:15,160.826
2014-11-30T14:30,294.545
2014-11-30T14:45,231.931
2014-11-30T15:00,412.583
2014-11-30T15:15,328.091
2014-11-30T15:30,239.849
2014-11-30T15:45,131.286
2014-11-30T16:00,218.697
2014-11-30T16:15,1682.612
2014-11-30T16:30,696.382
2014-11-30T16:45,332.805
2014-11-30T17:00,251.74
2014-11-30T17:15,340.84
2014-11-30T17:30,356.895
2014-11-30T17:45,191.403
2014-11-30T18:00,151.942
2014-11-30T18:15,335.11
2014-11-30T18:30,491.968
2014-11-30T18:45,287.136
2014-11-30T19:00,290.26
2014-11-30T19:15,407.318
2014-11-30T19:30,652.666
2014-11-30T19:45,496.027
2014-11-30T20:00,511.934
2014-11-30T20:15,642.574
2014-11-30T20:30,618.751
2014-11-30T20:45,563.356
2014-11-30T21:00,486.209
2014-11-30T21:15,612.69
2014-11-30T21:30,749.598
2014-11-30T21:45,663.632
2014-11-30T22:00,638.104
2014-11-30T22:15,527.037
2014-11-30T22:30,537.101
2014-11-30T22:45,502.136
2014-11-30T23:00,403.901
2014-11-30T23:15,444.612
2014-11-30T23:30,521.275
2014-11-30T23:45,371.139
