Datetime,H8
2014-09-01T00:00,298.368
2014-09-01T00:15,406.35
2014-09-01T00:30,506.504
2014-09-01T00:45,504.671
2014-09-01T01:00,284.835
2014-09-01T01:15,276.549
2014-09-01T01:30,292.476
2014-09-01T01:45,551.159
2014-09-01T02:00,306.434
2014-09-01T02:15,271.409
2014-09-01T02:30,284.283
2014-09-01T02:45,531.4
2014-09-01T03:00,143.221
2014-09-01T03:15,61.723
2014-09-01T03:30,134.889
2014-09-01T03:45,211.712
2014-09-01T04:00,133.789
2014-09-01T04:15,61.757
2014-09-01T04:30,92.892
2014-09-01T04:45,325.349
2014-09-01T05:00,61.749
2014-09-01T05:15,135.099
2014-09-01T05:30,181.741
2014-09-01T05:45,423.588
2014-09-01T06:00,247.498
2014-09-01T06:15,181.773
2014-09-01T06:30,221.96
2014-09-01T06:45,325.21
2014-09-01T07:00,235.633
2014-09-01T07:15,74.356
2014-09-01T07:30,191.041
2014-09-01T07:45,185.122
2014-09-01T08:00,95.059
2014-09-01T08:15,92.936
2014-09-01T08:30,276.355
2014-09-01T08:45,112.266
2014-09-01T09:00,61.729
2014-09-01T09:15,61.751
2014-09-01T09:30,325.594
2014-09-01T09:45,110.082
2014-09-01T10:00,61.508
2014-09-01T10:15,61.371
2014-09-01T10:30,249.547
2014-09-01T10:45,187.688
2014-09-01T11:00,61.45
2014-09-01T11:15,61.557
2014-09-01T11:30,145.382
2014-09-01T11:45,294.951
2014-09-01T12:00,61.542
2014-09-01T12:15,61.607
2014-09-01T12:30,61.55
2014-09-01T12:45,325.017
2014-09-01T13:00,119.12
2014-09-01T13:15,61.729
2014-09-01T13:30,61.702
2014-09-01T13:45,161.585
2014-09-01T14:00,1513.475
2014-09-01T14:15,173.55
2014-09-01T14:30,61.718
2014-09-01T14:45,61.711
2014-09-01T15:00,335.863
2014-09-01T15:15,109.109
2014-09-01T15:30,90.719
2014-09-01T15:45,205.212
2014-09-01T16:00,354.215
2014-09-01T16:15,378.542
2014-09-01T16:30,211.246
2014-09-01T16:45,69.808
2014-09-01T17:00,63.925
2014-09-01T17:15,338.048
2014-09-01T17:30,127.735
2014-09-01T17:45,61.655
2014-09-01T18:00,240.822
2014-09-01T18:15,656.909
2014-09-01T18:30,2305.508
2014-09-01T18:45,93.306
2014-09-01T19:00,205.581
2014-09-01T19:15,203.281
2014-09-01T19:30,374.642
2014-09-01T19:45,342.44
2014-09-01T20:00,61.705
2014-09-01T20:15,306.158
2014-09-01T20:30,482.02
2014-09-01T20:45,637.758
2014-09-01T21:00,307.259
2014-09-01T21:15,293.637
2014-09-01T21:30,133.022
2014-09-01T21:45,302.207
2014-09-01T22:00,136.271
2014-09-01T22:15,318.392
2014-09-01T22:30,1117.566
2014-09-01T22:45,678.652
2014-09-01T23:00,1359.829
2014-09-01T23:15,410.095
2014-09-01T23:30,346.04
2014-09-01T23:45,267.821
2014-09-02T00:00,328.529
2014-09-02T00:15,92.392
2014-09-02T00:30,61.478
2014-09-02T00:45,61.698
2014-09-02T01:00,313.686
2014-09-02T01:15,120.245
2014-09-02T01:30,61.66
2014-09-02T01:45,133.237
2014-09-02T02:00,211.748
2014-09-02T02:15,135.456
2014-09-02T02:30,61.716
2014-09-02T02:45,90.916
2014-09-02T03:00,327.252
2014-09-02T03:15,61.723
2014-09-02T03:30,61.699
2014-09-02T03:45,61.713
2014-09-02T04:00,300.283
2014-09-02T04:15,130.805
2014-09-02T04:30,61.763
2014-09-02T04:45,107.845
2014-09-02T05:00,227.842
2014-09-02T05:15,160.935
2014-09-02T05:30,72.441
2014-09-02T05:45,202.4
2014-09-02T06:00,303.564
2014-09-02T06:15,216.754
2014-09-02T06:30,203.442
2014-09-02T06:45,374.05
2014-09-02T07:00,196.311
2014-09-02T07:15,129.124
2014-09-02T07:30,104.312
2014-09-02T07:45,322.374
2014-09-02T08:00,113.604
2014-09-02T08:15,61.71
2014-09-02T08:30,61.783
2014-09-02T08:45,257.426
2014-09-02T09:00,202.005
2014-09-02T09:15,72.473
2014-09-02T09:30,68.714
2014-09-02T09:45,141.506
2014-09-02T10:00,298.601
2014-09-02T10:15,61.371
2014-09-02T10:30,61.352
2014-09-02T10:45,61.463
2014-09-02T11:00,321.66
2014-09-02T11:15,122.317
2014-09-02T11:30,61.592
2014-09-02T11:45,61.601
2014-09-02T12:00,157.857
2014-09-02T12:15,288.887
2014-09-02T12:30,61.595
2014-09-02T12:45,61.523
2014-09-02T13:00,61.643
2014-09-02T13:15,332.608
2014-09-02T13:30,112.424
2014-09-02T13:45,61.64
2014-09-02T14:00,61.704
2014-09-02T14:15,209.732
2014-09-02T14:30,237.289
2014-09-02T14:45,61.716
2014-09-02T15:00,61.707
2014-09-02T15:15,61.664
2014-09-02T15:30,324.09
2014-09-02T15:45,131.12
2014-09-02T16:00,61.59
2014-09-02T16:15,61.567
2014-09-02T16:30,113.63
2014-09-02T16:45,342.788
2014-09-02T17:00,61.636
2014-09-02T17:15,61.648
2014-09-02T17:30,125.888
2014-09-02T17:45,309.821
2014-09-02T18:00,337.542
2014-09-02T18:15,183.612
2014-09-02T18:30,72.25
2014-09-02T18:45,106.144
2014-09-02T19:00,371.542
2014-09-02T19:15,202.264
2014-09-02T19:30,560.339
2014-09-02T19:45,322.066
2014-09-02T20:00,418.97
2014-09-02T20:15,259.68
2014-09-02T20:30,181.657
2014-09-02T20:45,181.679
2014-09-02T21:00,380.436
2014-09-02T21:15,727.485
2014-09-02T21:30,530.436
2014-09-02T21:45,181.657
2014-09-02T22:00,198.422
2014-09-02T22:15,431.718
2014-09-02T22:30,94.037
2014-09-02T22:45,61.514
2014-09-02T23:00,61.562
2014-09-02T23:15,541.816
2014-09-02T23:30,352.277
2014-09-02T23:45,292.631
2014-09-03T00:00,277.353
2014-09-03T00:15,211.562
2014-09-03T00:30,136.817
2014-09-03T00:45,61.698
2014-09-03T01:00,88.997
2014-09-03T01:15,329.092
2014-09-03T01:30,61.66
2014-09-03T01:45,61.721
2014-09-03T02:00,61.751
2014-09-03T02:15,296.963
2014-09-03T02:30,134.075
2014-09-03T02:45,61.694
2014-09-03T03:00,106.031
2014-09-03T03:15,227.839
2014-09-03T03:30,162.656
2014-09-03T03:45,70.457
2014-09-03T04:00,195.032
2014-09-03T04:15,181.919
2014-09-03T04:30,98.383
2014-09-03T04:45,122.561
2014-09-03T05:00,396.919
2014-09-03T05:15,235.602
2014-09-03T05:30,100.408
2014-09-03T05:45,103.122
2014-09-03T06:00,439.205
2014-09-03T06:15,236.911
2014-09-03T06:30,166.521
2014-09-03T06:45,114.167
2014-09-03T07:00,248.389
2014-09-03T07:15,205.303
2014-09-03T07:30,70.984
2014-09-03T07:45,61.676
2014-09-03T08:00,137.995
2014-09-03T08:15,302.578
2014-09-03T08:30,61.698
2014-09-03T08:45,61.707
2014-09-03T09:00,61.729
2014-09-03T09:15,318.671
2014-09-03T09:30,125.688
2014-09-03T09:45,61.46
2014-09-03T10:00,61.508
2014-09-03T10:15,154.05
2014-09-03T10:30,292.268
2014-09-03T10:45,61.509
2014-09-03T11:00,61.45
2014-09-03T11:15,61.557
2014-09-03T11:30,329.184
2014-09-03T11:45,115.61
2014-09-03T12:00,61.542
2014-09-03T12:15,153.132
2014-09-03T12:30,354.192
2014-09-03T12:45,386.68
2014-09-03T13:00,252.864
2014-09-03T13:15,469.562
2014-09-03T13:30,438.172
2014-09-03T13:45,692.029
2014-09-03T14:00,505.928
2014-09-03T14:15,206.484
2014-09-03T14:30,61.718
2014-09-03T14:45,109.826
2014-09-03T15:00,346.805
2014-09-03T15:15,188.547
2014-09-03T15:30,453.813
2014-09-03T15:45,478.462
2014-09-03T16:00,635.542
2014-09-03T16:15,232.451
2014-09-03T16:30,61.548
2014-09-03T16:45,61.661
2014-09-03T17:00,101.653
2014-09-03T17:15,322.57
2014-09-03T17:30,100.649
2014-09-03T17:45,117.666
2014-09-03T18:00,146.64
2014-09-03T18:15,400.796
2014-09-03T18:30,262.774
2014-09-03T18:45,181.518
2014-09-03T19:00,181.483
2014-09-03T19:15,271.641
2014-09-03T19:30,409.407
2014-09-03T19:45,181.69
2014-09-03T20:00,181.701
2014-09-03T20:15,196.519
2014-09-03T20:30,449.437
2014-09-03T20:45,215.777
2014-09-03T21:00,181.721
2014-09-03T21:15,181.731
2014-09-03T21:30,427.321
2014-09-03T21:45,246.574
2014-09-03T22:00,181.587
2014-09-03T22:15,249.831
2014-09-03T22:30,331.562
2014-09-03T22:45,257.206
2014-09-03T23:00,191.927
2014-09-03T23:15,234.727
2014-09-03T23:30,358.301
2014-09-03T23:45,292.93
2014-09-04T00:00,290.619
2014-09-04T00:15,292.598
2014-09-04T00:30,514.648
2014-09-04T00:45,251.859
2014-09-04T01:00,61.7
2014-09-04T01:15,104.128
2014-09-04T01:30,227.803
2014-09-04T01:45,164.468
2014-09-04T02:00,68.551
2014-09-04T02:15,196.966
2014-09-04T02:30,180.244
2014-09-04T02:45,99.948
2014-09-04T03:00,87.302
2014-09-04T03:15,277.17
2014-09-04T03:30,117.181
2014-09-04T03:45,61.713
2014-09-04T04:00,135.131
2014-09-04T04:15,435.931
2014-09-04T04:30,240.169
2014-09-04T04:45,140.458
2014-09-04T05:00,95.082
2014-09-04T05:15,359.953
2014-09-04T05:30,317.973
2014-09-04T05:45,182.629
2014-09-04T06:00,191.029
2014-09-04T06:15,254.234
2014-09-04T06:30,389.061
2014-09-04T06:45,61.722
2014-09-04T07:00,61.699
2014-09-04T07:15,61.708
2014-09-04T07:30,345.04
2014-09-04T07:45,177.166
2014-09-04T08:00,94.913
2014-09-04T08:15,76.339
2014-09-04T08:30,161.447
2014-09-04T08:45,307.097
2014-09-04T09:00,68.857
2014-09-04T09:15,72.6
2014-09-04T09:30,72.314
2014-09-04T09:45,333.57
2014-09-04T10:00,118.801
2014-09-04T10:15,61.371
2014-09-04T10:30,61.352
2014-09-04T10:45,202.695
2014-09-04T11:00,243.876
2014-09-04T11:15,61.561
2014-09-04T11:30,151.999
2014-09-04T11:45,1416.499
2014-09-04T12:00,619.491
2014-09-04T12:15,397.674
2014-09-04T12:30,1018.571
2014-09-04T12:45,3903.366
2014-09-04T13:00,4096.493
2014-09-04T13:15,3539.731
2014-09-04T13:30,261.179
2014-09-04T13:45,92.058
2014-09-04T14:00,84.978
2014-09-04T14:15,220.323
2014-09-04T14:30,303.293
2014-09-04T14:45,205.629
2014-09-04T15:00,202.573
2014-09-04T15:15,165.95
2014-09-04T15:30,322.804
2014-09-04T15:45,176.046
2014-09-04T16:00,1416.483
2014-09-04T16:15,368.791
2014-09-04T16:30,1314.967
2014-09-04T16:45,4095.027
2014-09-04T17:00,4207.454
2014-09-04T17:15,3303.298
2014-09-04T17:30,414.909
2014-09-04T17:45,406.018
2014-09-04T18:00,182.484
2014-09-04T18:15,180.825
2014-09-04T18:30,205.041
2014-09-04T18:45,460.506
2014-09-04T19:00,222.01
2014-09-04T19:15,187.539
2014-09-04T19:30,192.449
2014-09-04T19:45,575.319
2014-09-04T20:00,2159.582
2014-09-04T20:15,535.808
2014-09-04T20:30,590.136
2014-09-04T20:45,533.963
2014-09-04T21:00,308.385
2014-09-04T21:15,354.548
2014-09-04T21:30,489.804
2014-09-04T21:45,737.836
2014-09-04T22:00,477.206
2014-09-04T22:15,476.806
2014-09-04T22:30,471.813
2014-09-04T22:45,634.919
2014-09-04T23:00,410.074
2014-09-04T23:15,339.752
2014-09-04T23:30,470.766
2014-09-04T23:45,727.898
2014-09-05T00:00,526.097
2014-09-05T00:15,423.44
2014-09-05T00:30,464.536
2014-09-05T00:45,384.513
2014-09-05T01:00,101.586
2014-09-05T01:15,85.278
2014-09-05T01:30,277.4
2014-09-05T01:45,118.848
2014-09-05T02:00,61.751
2014-09-05T02:15,61.789
2014-09-05T02:30,312.624
2014-09-05T02:45,123.365
2014-09-05T03:00,61.787
2014-09-05T03:15,61.723
2014-09-05T03:30,236.545
2014-09-05T03:45,201.287
2014-09-05T04:00,61.798
2014-09-05T04:15,61.757
2014-09-05T04:30,187.746
2014-09-05T04:45,430.282
2014-09-05T05:00,181.749
2014-09-05T05:15,68.432
2014-09-05T05:30,61.741
2014-09-05T05:45,312.146
2014-09-05T06:00,132.376
2014-09-05T06:15,61.773
2014-09-05T06:30,61.688
2014-09-05T06:45,147.049
2014-09-05T07:00,299.967
2014-09-05T07:15,61.753
2014-09-05T07:30,61.712
2014-09-05T07:45,61.676
2014-09-05T08:00,322.75
2014-09-05T08:15,123.956
2014-09-05T08:30,61.698
2014-09-05T08:45,61.707
2014-09-05T09:00,199.515
2014-09-05T09:15,247.623
2014-09-05T09:30,61.641
2014-09-05T09:45,61.46
2014-09-05T10:00,61.508
2014-09-05T10:15,313.834
2014-09-05T10:30,140.684
2014-09-05T10:45,61.468
2014-09-05T11:00,61.45
2014-09-05T11:15,101.704
2014-09-05T11:30,352.915
2014-09-05T11:45,63.343
2014-09-05T12:00,61.542
2014-09-05T12:15,61.607
2014-09-05T12:30,216.787
2014-09-05T12:45,239.265
2014-09-05T13:00,61.647
2014-09-05T13:15,61.729
2014-09-05T13:30,98.009
2014-09-05T13:45,322.971
2014-09-05T14:00,87.262
2014-09-05T14:15,61.646
2014-09-05T14:30,61.718
2014-09-05T14:45,289.119
2014-09-05T15:00,149.534
2014-09-05T15:15,61.664
2014-09-05T15:30,61.681
2014-09-05T15:45,144.383
2014-09-05T16:00,296.626
2014-09-05T16:15,61.567
2014-09-05T16:30,61.544
2014-09-05T16:45,268.615
2014-09-05T17:00,562.748
2014-09-05T17:15,331.303
2014-09-05T17:30,283.803
2014-09-05T17:45,281.531
2014-09-05T18:00,523.815
2014-09-05T18:15,399.251
2014-09-05T18:30,204.374
2014-09-05T18:45,268.019
2014-09-05T19:00,357.628
2014-09-05T19:15,292.136
2014-09-05T19:30,206.367
2014-09-05T19:45,217.608
2014-09-05T20:00,481.4
2014-09-05T20:15,210.046
2014-09-05T20:30,201.137
2014-09-05T20:45,321.017
2014-09-05T21:00,1238.67
2014-09-05T21:15,519.664
2014-09-05T21:30,424.123
2014-09-05T21:45,469.731
2014-09-05T22:00,414.259
2014-09-05T22:15,394.151
2014-09-05T22:30,361.867
2014-09-05T22:45,492.07
2014-09-05T23:00,375.112
2014-09-05T23:15,246.017
2014-09-05T23:30,227.29
2014-09-05T23:45,277.649
2014-09-06T00:00,120.302
2014-09-06T00:15,61.564
2014-09-06T00:30,61.478
2014-09-06T00:45,309.334
2014-09-06T01:00,126.644
2014-09-06T01:15,61.701
2014-09-06T01:30,61.66
2014-09-06T01:45,233.214
2014-09-06T02:00,204.678
2014-09-06T02:15,61.789
2014-09-06T02:30,61.716
2014-09-06T02:45,126.505
2014-09-06T03:00,314.116
2014-09-06T03:15,61.723
2014-09-06T03:30,61.699
2014-09-06T03:45,61.713
2014-09-06T04:00,308.875
2014-09-06T04:15,135.65
2014-09-06T04:30,61.763
2014-09-06T04:45,61.791
2014-09-06T05:00,143.364
2014-09-06T05:15,303.746
2014-09-06T05:30,61.786
2014-09-06T05:45,61.789
2014-09-06T06:00,87.096
2014-09-06T06:15,439.509
2014-09-06T06:30,237.935
2014-09-06T06:45,159.174
2014-09-06T07:00,144.116
2014-09-06T07:15,263.456
2014-09-06T07:30,303.455
2014-09-06T07:45,99.097
2014-09-06T08:00,946.755
2014-09-06T08:15,806.137
2014-09-06T08:30,648.451
2014-09-06T08:45,1529.596
2014-09-06T09:00,3507.384
2014-09-06T09:15,3500.714
2014-09-06T09:30,1590.089
2014-09-06T09:45,431.317
2014-09-06T10:00,454.939
2014-09-06T10:15,68.373
2014-09-06T10:30,61.352
2014-09-06T10:45,213.244
2014-09-06T11:00,242.648
2014-09-06T11:15,61.56
2014-09-06T11:30,61.592
2014-09-06T11:45,96.035
2014-09-06T12:00,323.097
2014-09-06T12:15,1045.829
2014-09-06T12:30,1014.711
2014-09-06T12:45,632.686
2014-09-06T13:00,296.426
2014-09-06T13:15,161.491
2014-09-06T13:30,74.99
2014-09-06T13:45,332.958
2014-09-06T14:00,378.498
2014-09-06T14:15,542.42
2014-09-06T14:30,113.621
2014-09-06T14:45,61.711
2014-09-06T15:00,70.422
2014-09-06T15:15,330.638
2014-09-06T15:30,191.083
2014-09-06T15:45,1416.631
2014-09-06T16:00,363.758
2014-09-06T16:15,557.335
2014-09-06T16:30,3025.878
2014-09-06T16:45,3492.071
2014-09-06T17:00,3313.802
2014-09-06T17:15,410.977
2014-09-06T17:30,174.171
2014-09-06T17:45,84.924
2014-09-06T18:00,81.007
2014-09-06T18:15,332.43
2014-09-06T18:30,81.211
2014-09-06T18:45,106.684
2014-09-06T19:00,136.65
2014-09-06T19:15,388.753
2014-09-06T19:30,267.305
2014-09-06T19:45,422.904
2014-09-06T20:00,525.25
2014-09-06T20:15,636.498
2014-09-06T20:30,169.898
2014-09-06T20:45,62.875
2014-09-06T21:00,202.503
2014-09-06T21:15,896.171
2014-09-06T21:30,1394.666
2014-09-06T21:45,627.227
2014-09-06T22:00,1266.406
2014-09-06T22:15,3680.219
2014-09-06T22:30,3608.939
2014-09-06T22:45,2316.134
2014-09-06T23:00,548.555
2014-09-06T23:15,278.842
2014-09-06T23:30,74.431
2014-09-06T23:45,61.597
2014-09-07T00:00,229.664
2014-09-07T00:15,207.849
2014-09-07T00:30,61.478
2014-09-07T00:45,61.698
2014-09-07T01:00,122.652
2014-09-07T01:15,317.888
2014-09-07T01:30,61.66
2014-09-07T01:45,61.721
2014-09-07T02:00,61.751
2014-09-07T02:15,305.577
2014-09-07T02:30,138.898
2014-09-07T02:45,61.694
2014-09-07T03:00,61.787
2014-09-07T03:15,139.602
2014-09-07T03:30,307.415
2014-09-07T03:45,61.759
2014-09-07T04:00,61.798
2014-09-07T04:15,61.757
2014-09-07T04:30,316.212
2014-09-07T04:45,128.908
2014-09-07T05:00,61.784
2014-09-07T05:15,61.766
2014-09-07T05:30,192.605
2014-09-07T05:45,254.583
2014-09-07T06:00,61.767
2014-09-07T06:15,61.773
2014-09-07T06:30,61.688
2014-09-07T06:45,307.533
2014-09-07T07:00,147.683
2014-09-07T07:15,61.712
2014-09-07T07:30,61.712
2014-09-07T07:45,93.856
2014-09-07T08:00,357.701
2014-09-07T08:15,66.764
2014-09-07T08:30,61.698
2014-09-07T08:45,179.499
2014-09-07T09:00,1548.882
2014-09-07T09:15,563.714
2014-09-07T09:30,295.236
2014-09-07T09:45,3180.405
2014-09-07T10:00,3522.065
2014-09-07T10:15,3301.906
2014-09-07T10:30,274.893
2014-09-07T10:45,95.443
2014-09-07T11:00,82.724
2014-09-07T11:15,282.369
2014-09-07T11:30,232.7
2014-09-07T11:45,205.574
2014-09-07T12:00,202.251
2014-09-07T12:15,281.889
2014-09-07T12:30,1642.839
2014-09-07T12:45,381.377
2014-09-07T13:00,555.75
2014-09-07T13:15,295.534
2014-09-07T13:30,3681.314
2014-09-07T13:45,3750.99
2014-09-07T14:00,3262.442
2014-09-07T14:15,465.956
2014-09-07T14:30,690.664
2014-09-07T14:45,925.361
2014-09-07T15:00,424.265
2014-09-07T15:15,477.191
2014-09-07T15:30,582.84
2014-09-07T15:45,535.195
2014-09-07T16:00,381.157
2014-09-07T16:15,295.042
2014-09-07T16:30,557.601
2014-09-07T16:45,113.095
2014-09-07T17:00,320.53
2014-09-07T17:15,288.323
2014-09-07T17:30,511.93
2014-09-07T17:45,370.623
2014-09-07T18:00,283.667
2014-09-07T18:15,316.63
2014-09-07T18:30,438.393
2014-09-07T18:45,388.811
2014-09-07T19:00,281.756
2014-09-07T19:15,414.165
2014-09-07T19:30,390.771
2014-09-07T19:45,679.552
2014-09-07T20:00,707.213
2014-09-07T20:15,552.296
2014-09-07T20:30,150.398
2014-09-07T20:45,61.679
2014-09-07T21:00,61.721
2014-09-07T21:15,506.943
2014-09-07T21:30,540.144
2014-09-07T21:45,464.842
2014-09-07T22:00,472.319
2014-09-07T22:15,523.715
2014-09-07T22:30,501.632
2014-09-07T22:45,338.173
2014-09-07T23:00,330.591
2014-09-07T23:15,127.249
2014-09-07T23:30,321.625
2014-09-07T23:45,61.597
2014-09-08T00:00,61.529
2014-09-08T00:15,61.564
2014-09-08T00:30,301.983
2014-09-08T00:45,142.163
2014-09-08T01:00,61.7
2014-09-08T01:15,61.701
2014-09-08T01:30,135.771
2014-09-08T01:45,311.205
2014-09-08T02:00,61.796
2014-09-08T02:15,61.789
2014-09-08T02:30,61.716
2014-09-08T02:45,313.194
2014-09-08T03:00,275.963
2014-09-08T03:15,203.408
2014-09-08T03:30,205.535
2014-09-08T03:45,336.977
2014-09-08T04:00,364.507
2014-09-08T04:15,61.761
2014-09-08T04:30,61.763
2014-09-08T04:45,61.791
2014-09-08T05:00,304.236
2014-09-08T05:15,151.073
2014-09-08T05:30,61.746
2014-09-08T05:45,61.789
2014-09-08T06:00,89.961
2014-09-08T06:15,1674.331
2014-09-08T06:30,94.123
2014-09-08T06:45,61.722
2014-09-08T07:00,61.699
2014-09-08T07:15,206.559
2014-09-08T07:30,249.839
2014-09-08T07:45,61.679
2014-09-08T08:00,61.723
2014-09-08T08:15,95.692
2014-09-08T08:30,323.744
2014-09-08T08:45,92.215
2014-09-08T09:00,61.732
2014-09-08T09:15,61.751
2014-09-08T09:30,279.152
2014-09-08T09:45,159.18
2014-09-08T10:00,61.508
2014-09-08T10:15,61.371
2014-09-08T10:30,140.171
2014-09-08T10:45,318.346
2014-09-08T11:00,72.307
2014-09-08T11:15,72.276
2014-09-08T11:30,77.01
2014-09-08T11:45,342.111
2014-09-08T12:00,114.5
2014-09-08T12:15,72.463
2014-09-08T12:30,67.831
2014-09-08T12:45,290.627
2014-09-08T13:00,1442.061
2014-09-08T13:15,1227.157
2014-09-08T13:30,881.399
2014-09-08T13:45,211.631
2014-09-08T14:00,147.185
2014-09-08T14:15,61.646
2014-09-08T14:30,77.025
2014-09-08T14:45,333.323
2014-09-08T15:00,69.474
2014-09-08T15:15,61.664
2014-09-08T15:30,61.681
2014-09-08T15:45,1817.801
2014-09-08T16:00,1893.62
2014-09-08T16:15,208.994
2014-09-08T16:30,94.642
2014-09-08T16:45,227.987
2014-09-08T17:00,230.195
2014-09-08T17:15,312.981
2014-09-08T17:30,431.831
2014-09-08T17:45,402.55
2014-09-08T18:00,327.035
2014-09-08T18:15,148.801
2014-09-08T18:30,278.596
2014-09-08T18:45,149.695
2014-09-08T19:00,159.067
2014-09-08T19:15,174.239
2014-09-08T19:30,427.458
2014-09-08T19:45,383.643
2014-09-08T20:00,431.202
2014-09-08T20:15,412.486
2014-09-08T20:30,568.911
2014-09-08T20:45,521.905
2014-09-08T21:00,181.721
2014-09-08T21:15,332.481
2014-09-08T21:30,749.961
2014-09-08T21:45,962.15
2014-09-08T22:00,615.176
2014-09-08T22:15,548.073
2014-09-08T22:30,463.394
2014-09-08T22:45,431.199
2014-09-08T23:00,264.647
2014-09-08T23:15,233.329
2014-09-08T23:30,61.567
2014-09-08T23:45,131.914
2014-09-09T00:00,314.806
2014-09-09T00:15,309.184
2014-09-09T00:30,289.391
2014-09-09T00:45,292.697
2014-09-09T01:00,530.633
2014-09-09T01:15,357.061
2014-09-09T01:30,281.395
2014-09-09T01:45,273.977
2014-09-09T02:00,401.236
2014-09-09T02:15,481.276
2014-09-09T02:30,274.471
2014-09-09T02:45,276.711
2014-09-09T03:00,282.026
2014-09-09T03:15,513.671
2014-09-09T03:30,368.917
2014-09-09T03:45,282.341
2014-09-09T04:00,274.628
2014-09-09T04:15,301.16
2014-09-09T04:30,477.857
2014-09-09T04:45,70.164
2014-09-09T05:00,61.749
2014-09-09T05:15,61.766
2014-09-09T05:30,236.443
2014-09-09T05:45,316.066
2014-09-09T06:00,61.766
2014-09-09T06:15,103.107
2014-09-09T06:30,127.457
2014-09-09T06:45,324.036
2014-09-09T07:00,93.864
2014-09-09T07:15,61.711
2014-09-09T07:30,70.503
2014-09-09T07:45,286.586
2014-09-09T08:00,164.792
2014-09-09T08:15,61.71
2014-09-09T08:30,61.698
2014-09-09T08:45,129.436
2014-09-09T09:00,311.69
2014-09-09T09:15,61.751
2014-09-09T09:30,63.197
2014-09-09T09:45,69.849
2014-09-09T10:00,331.55
2014-09-09T10:15,105.277
2014-09-09T10:30,61.352
2014-09-09T10:45,61.463
2014-09-09T11:00,287.248
2014-09-09T11:15,146.289
2014-09-09T11:30,61.592
2014-09-09T11:45,119.61
2014-09-09T12:00,211.534
2014-09-09T12:15,148.787
2014-09-09T12:30,61.55
2014-09-09T12:45,74.786
2014-09-09T13:00,333.674
2014-09-09T13:15,71.123
2014-09-09T13:30,61.702
2014-09-09T13:45,61.64
2014-09-09T14:00,383.889
2014-09-09T14:15,401.01
2014-09-09T14:30,97.637
2014-09-09T14:45,103.574
2014-09-09T15:00,238.969
2014-09-09T15:15,186.078
2014-09-09T15:30,72.556
2014-09-09T15:45,212.082
2014-09-09T16:00,170.294
2014-09-09T16:15,109.641
2014-09-09T16:30,75.178
2014-09-09T16:45,279.086
2014-09-09T17:00,127.02
2014-09-09T17:15,61.648
2014-09-09T17:30,63.955
2014-09-09T17:45,306.959
2014-09-09T18:00,150.418
2014-09-09T18:15,72.388
2014-09-09T18:30,87.477
2014-09-09T18:45,275.442
2014-09-09T19:00,1459.981
2014-09-09T19:15,1476.073
2014-09-09T19:30,284.809
2014-09-09T19:45,240.225
2014-09-09T20:00,576.709
2014-09-09T20:15,423.257
2014-09-09T20:30,412.514
2014-09-09T20:45,402.402
2014-09-09T21:00,713.869
2014-09-09T21:15,470.751
2014-09-09T21:30,561.962
2014-09-09T21:45,564.727
2014-09-09T22:00,686.795
2014-09-09T22:15,919.842
2014-09-09T22:30,565.763
2014-09-09T22:45,579.584
2014-09-09T23:00,575.933
2014-09-09T23:15,653.494
2014-09-09T23:30,370.221
2014-09-09T23:45,285.106
2014-09-10T00:00,286.184
2014-09-10T00:15,414.077
2014-09-10T00:30,488.424
2014-09-10T00:45,285.684
2014-09-10T01:00,285.663
2014-09-10T01:15,274.562
2014-09-10T01:30,510.283
2014-09-10T01:45,380.024
2014-09-10T02:00,274.724
2014-09-10T02:15,274.009
2014-09-10T02:30,307.683
2014-09-10T02:45,503.185
2014-09-10T03:00,71.821
2014-09-10T03:15,61.723
2014-09-10T03:30,61.699
2014-09-10T03:45,199.593
2014-09-10T04:00,256.897
2014-09-10T04:15,79.093
2014-09-10T04:30,186.206
2014-09-10T04:45,219.261
2014-09-10T05:00,455.199
2014-09-10T05:15,226.275
2014-09-10T05:30,192.615
2014-09-10T05:45,111.124
2014-09-10T06:00,283.375
2014-09-10T06:15,176.946
2014-09-10T06:30,72.374
2014-09-10T06:45,72.592
2014-09-10T07:00,136.304
2014-09-10T07:15,326.161
2014-09-10T07:30,72.564
2014-09-10T07:45,72.362
2014-09-10T08:00,73.16
2014-09-10T08:15,342.948
2014-09-10T08:30,117.945
2014-09-10T08:45,72.559
2014-09-10T09:00,72.416
2014-09-10T09:15,295.11
2014-09-10T09:30,160.347
2014-09-10T09:45,72.159
2014-09-10T10:00,128.66
2014-09-10T10:15,222.055
2014-09-10T10:30,161.106
2014-09-10T10:45,72.132
2014-09-10T11:00,83.377
2014-09-10T11:15,344.841
2014-09-10T11:30,83.305
2014-09-10T11:45,72.471
2014-09-10T12:00,72.211
2014-09-10T12:15,280.947
2014-09-10T12:30,171.295
2014-09-10T12:45,72.21
2014-09-10T13:00,101.784
2014-09-10T13:15,238.862
2014-09-10T13:30,187.983
2014-09-10T13:45,72.66
2014-09-10T14:00,214.201
2014-09-10T14:15,179.588
2014-09-10T14:30,122.096
2014-09-10T14:45,84.042
2014-09-10T15:00,290.325
2014-09-10T15:15,139.396
2014-09-10T15:30,72.551
2014-09-10T15:45,72.402
2014-09-10T16:00,303.531
2014-09-10T16:15,153.753
2014-09-10T16:30,72.231
2014-09-10T16:45,72.531
2014-09-10T17:00,226.954
2014-09-10T17:15,232.117
2014-09-10T17:30,72.518
2014-09-10T17:45,72.337
2014-09-10T18:00,204.666
2014-09-10T18:15,487.153
2014-09-10T18:30,228.607
2014-09-10T18:45,263.618
2014-09-10T19:00,297.509
2014-09-10T19:15,553.302
2014-09-10T19:30,417.276
2014-09-10T19:45,341.337
2014-09-10T20:00,337.672
2014-09-10T20:15,362.765
2014-09-10T20:30,474.375
2014-09-10T20:45,219.112
2014-09-10T21:00,217.925
2014-09-10T21:15,208.267
2014-09-10T21:30,463.858
2014-09-10T21:45,297.772
2014-09-10T22:00,215.741
2014-09-10T22:15,221.311
2014-09-10T22:30,334.386
2014-09-10T22:45,420.069
2014-09-10T23:00,337.588
2014-09-10T23:15,361.902
2014-09-10T23:30,360.461
2014-09-10T23:45,587.612
2014-09-11T00:00,297.732
2014-09-11T00:15,72.439
2014-09-11T00:30,72.147
2014-09-11T00:45,93.548
2014-09-11T01:00,372.921
2014-09-11T01:15,84.08
2014-09-11T01:30,72.53
2014-09-11T01:45,72.39
2014-09-11T02:00,206.832
2014-09-11T02:15,271.238
2014-09-11T02:30,72.406
2014-09-11T02:45,72.564
2014-09-11T03:00,97.255
2014-09-11T03:15,335.334
2014-09-11T03:30,108.032
2014-09-11T03:45,72.403
2014-09-11T04:00,72.668
2014-09-11T04:15,280.04
2014-09-11T04:30,172.877
2014-09-11T04:45,61.791
2014-09-11T05:00,61.749
2014-09-11T05:15,121.882
2014-09-11T05:30,319.316
2014-09-11T05:45,61.789
2014-09-11T06:00,61.762
2014-09-11T06:15,159.354
2014-09-11T06:30,434.427
2014-09-11T06:45,1043.589
2014-09-11T07:00,1100.802
2014-09-11T07:15,695.575
2014-09-11T07:30,280.892
2014-09-11T07:45,153.026
2014-09-11T08:00,61.723
2014-09-11T08:15,192.975
2014-09-11T08:30,355.675
2014-09-11T08:45,293.011
2014-09-11T09:00,79.417
2014-09-11T09:15,70.943
2014-09-11T09:30,334.47
2014-09-11T09:45,74.122
2014-09-11T10:00,61.508
2014-09-11T10:15,61.371
2014-09-11T10:30,266.667
2014-09-11T10:45,163.682
2014-09-11T11:00,61.45
2014-09-11T11:15,88.916
2014-09-11T11:30,228.104
2014-09-11T11:45,179.047
2014-09-11T12:00,61.71
2014-09-11T12:15,203.417
2014-09-11T12:30,166.987
2014-09-11T12:45,112.869
2014-09-11T13:00,71.273
2014-09-11T13:15,279.837
2014-09-11T13:30,130.408
2014-09-11T13:45,61.64
2014-09-11T14:00,61.704
2014-09-11T14:15,289.597
2014-09-11T14:30,146.346
2014-09-11T14:45,61.711
2014-09-11T15:00,61.707
2014-09-11T15:15,215.465
2014-09-11T15:30,485.362
2014-09-11T15:45,392.571
2014-09-11T16:00,292.887
2014-09-11T16:15,324.133
2014-09-11T16:30,669.996
2014-09-11T16:45,203.311
2014-09-11T17:00,205.472
2014-09-11T17:15,209.534
2014-09-11T17:30,434.647
2014-09-11T17:45,301.223
2014-09-11T18:00,197.268
2014-09-11T18:15,307.844
2014-09-11T18:30,301.133
2014-09-11T18:45,523.911
2014-09-11T19:00,293.704
2014-09-11T19:15,671.943
2014-09-11T19:30,1262.262
2014-09-11T19:45,832.889
2014-09-11T20:00,1107.606
2014-09-11T20:15,327.834
2014-09-11T20:30,331.332
2014-09-11T20:45,343.827
2014-09-11T21:00,392.082
2014-09-11T21:15,181.736
2014-09-11T21:30,187.592
2014-09-11T21:45,192.404
2014-09-11T22:00,421.556
2014-09-11T22:15,542.573
2014-09-11T22:30,544.53
2014-09-11T22:45,563.699
2014-09-11T23:00,593.702
2014-09-11T23:15,874.768
2014-09-11T23:30,585.478
2014-09-11T23:45,567.26
2014-09-12T00:00,415.93
2014-09-12T00:15,426.916
2014-09-12T00:30,487.524
2014-09-12T00:45,283.421
2014-09-12T01:00,296.127
2014-09-12T01:15,302.313
2014-09-12T01:30,535.497
2014-09-12T01:45,322.252
2014-09-12T02:00,276.033
2014-09-12T02:15,272.038
2014-09-12T02:30,489.159
2014-09-12T02:45,387.469
2014-09-12T03:00,271.742
2014-09-12T03:15,284.532
2014-09-12T03:30,333.431
2014-09-12T03:45,445.918
2014-09-12T04:00,61.798
2014-09-12T04:15,61.757
2014-09-12T04:30,62.01
2014-09-12T04:45,326.413
2014-09-12T05:00,113.565
2014-09-12T05:15,61.766
2014-09-12T05:30,61.741
2014-09-12T05:45,302.995
2014-09-12T06:00,276.419
2014-09-12T06:15,180.44
2014-09-12T06:30,114.543
2014-09-12T06:45,211.729
2014-09-12T07:00,159.179
2014-09-12T07:15,63.029
2014-09-12T07:30,68.772
2014-09-12T07:45,335.01
2014-09-12T08:00,436.016
2014-09-12T08:15,61.71
2014-09-12T08:30,61.698
2014-09-12T08:45,263.69
2014-09-12T09:00,167.28
2014-09-12T09:15,61.751
2014-09-12T09:30,87.061
2014-09-12T09:45,228.039
2014-09-12T10:00,180.821
2014-09-12T10:15,61.538
2014-09-12T10:30,203.163
2014-09-12T10:45,165.26
2014-09-12T11:00,114.436
2014-09-12T11:15,69.179
2014-09-12T11:30,280.045
2014-09-12T11:45,131.968
2014-09-12T12:00,61.542
2014-09-12T12:15,61.607
2014-09-12T12:30,286.223
2014-09-12T12:45,149.43
2014-09-12T13:00,61.643
2014-09-12T13:15,61.729
2014-09-12T13:30,209.546
2014-09-12T13:45,821.171
2014-09-12T14:00,983.318
2014-09-12T14:15,1397.813
2014-09-12T14:30,170.219
2014-09-12T14:45,409.754
2014-09-12T15:00,135.192
2014-09-12T15:15,2003.953
2014-09-12T15:30,619.37
2014-09-12T15:45,285.766
2014-09-12T16:00,158.523
2014-09-12T16:15,61.567
2014-09-12T16:30,61.544
2014-09-12T16:45,1456.5
2014-09-12T17:00,330.371
2014-09-12T17:15,61.693
2014-09-12T17:30,69.249
2014-09-12T17:45,84.233
2014-09-12T18:00,340.515
2014-09-12T18:15,268.49
2014-09-12T18:30,391.048
2014-09-12T18:45,383.246
2014-09-12T19:00,510.095
2014-09-12T19:15,617.908
2014-09-12T19:30,405.87
2014-09-12T19:45,252.584
2014-09-12T20:00,181.701
2014-09-12T20:15,407.578
2014-09-12T20:30,316.625
2014-09-12T20:45,325.162
2014-09-12T21:00,289.532
2014-09-12T21:15,223.562
2014-09-12T21:30,515.127
2014-09-12T21:45,482.054
2014-09-12T22:00,431.648
2014-09-12T22:15,80.74
2014-09-12T22:30,256.202
2014-09-12T22:45,411.054
2014-09-12T23:00,307.766
2014-09-12T23:15,237.764
2014-09-12T23:30,202.368
2014-09-12T23:45,332.264
2014-09-13T00:00,250.756
2014-09-13T00:15,208.16
2014-09-13T00:30,210.175
2014-09-13T00:45,392.525
2014-09-13T01:00,175.936
2014-09-13T01:15,61.701
2014-09-13T01:30,61.66
2014-09-13T01:45,114.063
2014-09-13T02:00,327.1
2014-09-13T02:15,61.789
2014-09-13T02:30,61.716
2014-09-13T02:45,61.922
2014-09-13T03:00,323.151
2014-09-13T03:15,116.816
2014-09-13T03:30,61.699
2014-09-13T03:45,61.713
2014-09-13T04:00,274.365
2014-09-13T04:15,159.72
2014-09-13T04:30,61.763
2014-09-13T04:45,112.915
2014-09-13T05:00,211.755
2014-09-13T05:15,155.815
2014-09-13T05:30,61.741
2014-09-13T05:45,66.73
2014-09-13T06:00,335.575
2014-09-13T06:15,77.706
2014-09-13T06:30,61.688
2014-09-13T06:45,125.8
2014-09-13T07:00,305.177
2014-09-13T07:15,185.431
2014-09-13T07:30,61.712
2014-09-13T07:45,85.137
2014-09-13T08:00,228.377
2014-09-13T08:15,182.911
2014-09-13T08:30,61.837
2014-09-13T08:45,203.545
2014-09-13T09:00,163.879
2014-09-13T09:15,116.383
2014-09-13T09:30,67.257
2014-09-13T09:45,280.251
2014-09-13T10:00,133.54
2014-09-13T10:15,61.371
2014-09-13T10:30,61.69
2014-09-13T10:45,426.623
2014-09-13T11:00,292.655
2014-09-13T11:15,61.557
2014-09-13T11:30,69.661
2014-09-13T11:45,216.717
2014-09-13T12:00,244.953
2014-09-13T12:15,263.033
2014-09-13T12:30,72.249
2014-09-13T12:45,98.076
2014-09-13T13:00,344.978
2014-09-13T13:15,61.729
2014-09-13T13:30,61.702
2014-09-13T13:45,61.64
2014-09-13T14:00,344.984
2014-09-13T14:15,423.729
2014-09-13T14:30,300.926
2014-09-13T14:45,298.522
2014-09-13T15:00,331.606
2014-09-13T15:15,557.16
2014-09-13T15:30,280.11
2014-09-13T15:45,272.054
2014-09-13T16:00,280.339
2014-09-13T16:15,511.956
2014-09-13T16:30,362.022
2014-09-13T16:45,280.079
2014-09-13T17:00,118.278
2014-09-13T17:15,422.712
2014-09-13T17:30,811.315
2014-09-13T17:45,598.729
2014-09-13T18:00,619.704
2014-09-13T18:15,1182.914
2014-09-13T18:30,705.465
2014-09-13T18:45,616.533
2014-09-13T19:00,446.452
2014-09-13T19:15,322.684
2014-09-13T19:30,196.646
2014-09-13T19:45,483.284
2014-09-13T20:00,299.606
2014-09-13T20:15,431.388
2014-09-13T20:30,1224.905
2014-09-13T20:45,1996.786
2014-09-13T21:00,756.498
2014-09-13T21:15,515.018
2014-09-13T21:30,544.117
2014-09-13T21:45,2292.021
2014-09-13T22:00,1367.239
2014-09-13T22:15,370.003
2014-09-13T22:30,327.217
2014-09-13T22:45,414.218
2014-09-13T23:00,657.997
2014-09-13T23:15,590.426
2014-09-13T23:30,472.314
2014-09-13T23:45,360.97
2014-09-14T00:00,404.188
2014-09-14T00:15,610.87
2014-09-14T00:30,229.209
2014-09-14T00:45,206.816
2014-09-14T01:00,100.123
2014-09-14T01:15,319.921
2014-09-14T01:30,120.018
2014-09-14T01:45,62.467
2014-09-14T02:00,355.953
2014-09-14T02:15,559.279
2014-09-14T02:30,338.084
2014-09-14T02:45,191.523
2014-09-14T03:00,111.167
2014-09-14T03:15,211.74
2014-09-14T03:30,157.482
2014-09-14T03:45,61.713
2014-09-14T04:00,64.747
2014-09-14T04:15,335.929
2014-09-14T04:30,79.329
2014-09-14T04:45,61.791
2014-09-14T05:00,61.749
2014-09-14T05:15,257.063
2014-09-14T05:30,173.978
2014-09-14T05:45,175.122
2014-09-14T06:00,203.241
2014-09-14T06:15,348.51
2014-09-14T06:30,297.207
2014-09-14T06:45,159.227
2014-09-14T07:00,285.859
2014-09-14T07:15,229.77
2014-09-14T07:30,170.412
2014-09-14T07:45,102.741
2014-09-14T08:00,303.229
2014-09-14T08:15,142.832
2014-09-14T08:30,61.698
2014-09-14T08:45,61.707
2014-09-14T09:00,279.824
2014-09-14T09:15,156.236
2014-09-14T09:30,61.637
2014-09-14T09:45,61.46
2014-09-14T10:00,202.5
2014-09-14T10:15,234.799
2014-09-14T10:30,61.352
2014-09-14T10:45,61.463
2014-09-14T11:00,91.529
2014-09-14T11:15,348.617
2014-09-14T11:30,61.592
2014-09-14T11:45,61.601
2014-09-14T12:00,61.542
2014-09-14T12:15,279.027
2014-09-14T12:30,1442.322
2014-09-14T12:45,2396.414
2014-09-14T13:00,61.643
2014-09-14T13:15,253.153
2014-09-14T13:30,577.565
2014-09-14T13:45,292.97
2014-09-14T14:00,210.887
2014-09-14T14:15,61.646
2014-09-14T14:30,289.839
2014-09-14T14:45,155.155
2014-09-14T15:00,61.742
2014-09-14T15:15,61.664
2014-09-14T15:30,164.243
2014-09-14T15:45,282.829
2014-09-14T16:00,61.59
2014-09-14T16:15,61.567
2014-09-14T16:30,61.544
2014-09-14T16:45,372.375
2014-09-14T17:00,320.647
2014-09-14T17:15,61.652
2014-09-14T17:30,69.249
2014-09-14T17:45,97.095
2014-09-14T18:00,439.776
2014-09-14T18:15,276.55
2014-09-14T18:30,199.135
2014-09-14T18:45,1065.715
2014-09-14T19:00,1615.516
2014-09-14T19:15,457.782
2014-09-14T19:30,250.261
2014-09-14T19:45,255.176
2014-09-14T20:00,2140.745
2014-09-14T20:15,1003.729
2014-09-14T20:30,223.766
2014-09-14T20:45,181.682
2014-09-14T21:00,343.755
2014-09-14T21:15,612.933
2014-09-14T21:30,534.032
2014-09-14T21:45,405.831
2014-09-14T22:00,401.392
2014-09-14T22:15,593.009
2014-09-14T22:30,811.326
2014-09-14T22:45,421.973
2014-09-14T23:00,432.257
2014-09-14T23:15,422.799
2014-09-14T23:30,584.228
2014-09-14T23:45,345.786
2014-09-15T00:00,277.587
2014-09-15T00:15,270.834
2014-09-15T00:30,489.742
2014-09-15T00:45,382.874
2014-09-15T01:00,270.587
2014-09-15T01:15,331.564
2014-09-15T01:30,428.379
2014-09-15T01:45,368.063
2014-09-15T02:00,284.098
2014-09-15T02:15,219.882
2014-09-15T02:30,336.225
2014-09-15T02:45,80.885
2014-09-15T03:00,61.787
2014-09-15T03:15,61.723
2014-09-15T03:30,253.655
2014-09-15T03:45,177.291
2014-09-15T04:00,61.798
2014-09-15T04:15,81.249
2014-09-15T04:30,245.904
2014-09-15T04:45,306.809
2014-09-15T05:00,181.837
2014-09-15T05:15,321.891
2014-09-15T05:30,282.351
2014-09-15T05:45,239.726
2014-09-15T06:00,183.483
2014-09-15T06:15,401.117
2014-09-15T06:30,249.484
2014-09-15T06:45,159.139
2014-09-15T07:00,66.671
2014-09-15T07:15,276.509
2014-09-15T07:30,159.49
2014-09-15T07:45,61.676
2014-09-15T08:00,61.723
2014-09-15T08:15,199.252
2014-09-15T08:30,238.576
2014-09-15T08:45,61.707
2014-09-15T09:00,61.729
2014-09-15T09:15,89.901
2014-09-15T09:30,350.08
2014-09-15T09:45,62.006
2014-09-15T10:00,61.508
2014-09-15T10:15,61.371
2014-09-15T10:30,275.46
2014-09-15T10:45,245.011
2014-09-15T11:00,205.423
2014-09-15T11:15,202.266
2014-09-15T11:30,151.456
2014-09-15T11:45,342.213
2014-09-15T12:00,61.588
2014-09-15T12:15,61.607
2014-09-15T12:30,61.55
2014-09-15T12:45,286.351
2014-09-15T13:00,158.381
2014-09-15T13:15,61.764
2014-09-15T13:30,61.702
2014-09-15T13:45,160.593
2014-09-15T14:00,286.409
2014-09-15T14:15,61.65
2014-09-15T14:30,61.718
2014-09-15T14:45,61.711
2014-09-15T15:00,277.56
2014-09-15T15:15,177.607
2014-09-15T15:30,61.686
2014-09-15T15:45,61.733
2014-09-15T16:00,72.365
2014-09-15T16:15,364.007
2014-09-15T16:30,81.538
2014-09-15T16:45,61.661
2014-09-15T17:00,61.636
2014-09-15T17:15,267.85
2014-09-15T17:30,334.589
2014-09-15T17:45,312.749
2014-09-15T18:00,290.052
2014-09-15T18:15,306.917
2014-09-15T18:30,469.775
2014-09-15T18:45,105.287
2014-09-15T19:00,61.487
2014-09-15T19:15,61.656
2014-09-15T19:30,329.861
2014-09-15T19:45,1846.749
2014-09-15T20:00,1433.598
2014-09-15T20:15,319.849
2014-09-15T20:30,258.828
2014-09-15T20:45,604.531
2014-09-15T21:00,360.835
2014-09-15T21:15,244.086
2014-09-15T21:30,222.146
2014-09-15T21:45,805.593
2014-09-15T22:00,639.652
2014-09-15T22:15,572.932
2014-09-15T22:30,575.813
2014-09-15T22:45,779.856
2014-09-15T23:00,524.726
2014-09-15T23:15,422.568
2014-09-15T23:30,470.268
2014-09-15T23:45,492.043
2014-09-16T00:00,266.134
2014-09-16T00:15,61.564
2014-09-16T00:30,61.478
2014-09-16T00:45,566.894
2014-09-16T01:00,311.615
2014-09-16T01:15,292.735
2014-09-16T01:30,282.966
2014-09-16T01:45,471.345
2014-09-16T02:00,401.301
2014-09-16T02:15,274.619
2014-09-16T02:30,293.339
2014-09-16T02:45,449.6
2014-09-16T03:00,401.508
2014-09-16T03:15,275.617
2014-09-16T03:30,421.649
2014-09-16T03:45,375.106
2014-09-16T04:00,246.418
2014-09-16T04:15,61.757
2014-09-16T04:30,281.152
2014-09-16T04:45,138.845
2014-09-16T05:00,61.749
2014-09-16T05:15,61.766
2014-09-16T05:30,273.255
2014-09-16T05:45,204.188
2014-09-16T06:00,181.762
2014-09-16T06:15,181.773
2014-09-16T06:30,300.604
2014-09-16T06:45,316.893
2014-09-16T07:00,1244.954
2014-09-16T07:15,789.094
2014-09-16T07:30,98.748
2014-09-16T07:45,361.121
2014-09-16T08:00,161.371
2014-09-16T08:15,185.567
2014-09-16T08:30,91.486
2014-09-16T08:45,283.351
2014-09-16T09:00,179.584
2014-09-16T09:15,61.751
2014-09-16T09:30,61.637
2014-09-16T09:45,100.426
2014-09-16T10:00,346.137
2014-09-16T10:15,61.416
2014-09-16T10:30,61.352
2014-09-16T10:45,61.463
2014-09-16T11:00,282.977
2014-09-16T11:15,161.595
2014-09-16T11:30,61.627
2014-09-16T11:45,61.601
2014-09-16T12:00,156.867
2014-09-16T12:15,289.939
2014-09-16T12:30,61.555
2014-09-16T12:45,61.523
2014-09-16T13:00,61.643
2014-09-16T13:15,274.238
2014-09-16T13:30,180.988
2014-09-16T13:45,61.645
2014-09-16T14:00,61.704
2014-09-16T14:15,70.344
2014-09-16T14:30,364.57
2014-09-16T14:45,83.373
2014-09-16T15:00,61.707
2014-09-16T15:15,61.664
2014-09-16T15:30,174.826
2014-09-16T15:45,281.452
2014-09-16T16:00,61.703
2014-09-16T16:15,61.567
2014-09-16T16:30,74.224
2014-09-16T16:45,326.75
2014-09-16T17:00,107.059
2014-09-16T17:15,61.651
2014-09-16T17:30,69.249
2014-09-16T17:45,260.84
2014-09-16T18:00,189.154
2014-09-16T18:15,61.64
2014-09-16T18:30,61.528
2014-09-16T18:45,97.905
2014-09-16T19:00,404.204
2014-09-16T19:15,174.239
2014-09-16T19:30,184.205
2014-09-16T19:45,201.436
2014-09-16T20:00,476.983
2014-09-16T20:15,271.506
2014-09-16T20:30,205.689
2014-09-16T20:45,364.759
2014-09-16T21:00,655.8
2014-09-16T21:15,1251.44
2014-09-16T21:30,1065.721
2014-09-16T21:45,472.599
2014-09-16T22:00,580.069
2014-09-16T22:15,514.369
2014-09-16T22:30,458.331
2014-09-16T22:45,574.532
2014-09-16T23:00,727.061
2014-09-16T23:15,301.191
2014-09-16T23:30,283.914
2014-09-16T23:45,146.203
2014-09-17T00:00,551.731
2014-09-17T00:15,2138.263
2014-09-17T00:30,74.244
2014-09-17T00:45,77.148
2014-09-17T01:00,228.65
2014-09-17T01:15,190.618
2014-09-17T01:30,61.709
2014-09-17T01:45,198.64
2014-09-17T02:00,162.311
2014-09-17T02:15,123.021
2014-09-17T02:30,61.716
2014-09-17T02:45,278.332
2014-09-17T03:00,141.592
2014-09-17T03:15,61.723
2014-09-17T03:30,61.699
2014-09-17T03:45,269.936
2014-09-17T04:00,166.155
2014-09-17T04:15,61.757
2014-09-17T04:30,61.763
2014-09-17T04:45,192.41
2014-09-17T05:00,245.55
2014-09-17T05:15,61.766
2014-09-17T05:30,61.741
2014-09-17T05:45,85.995
2014-09-17T06:00,350.868
2014-09-17T06:15,452.63
2014-09-17T06:30,1216.389
2014-09-17T06:45,714.694
2014-09-17T07:00,351.592
2014-09-17T07:15,242.618
2014-09-17T07:30,514.424
2014-09-17T07:45,388.208
2014-09-17T08:00,1015.327
2014-09-17T08:15,1096.086
2014-09-17T08:30,672.836
2014-09-17T08:45,486.639
2014-09-17T09:00,217.129
2014-09-17T09:15,279.973
2014-09-17T09:30,164.98
2014-09-17T09:45,534.739
2014-09-17T10:00,1123.392
2014-09-17T10:15,417.196
2014-09-17T10:30,293.336
2014-09-17T10:45,61.464
2014-09-17T11:00,61.453
2014-09-17T11:15,61.557
2014-09-17T11:30,270.757
2014-09-17T11:45,184.232
2014-09-17T12:00,61.547
2014-09-17T12:15,61.607
2014-09-17T12:30,68.168
2014-09-17T12:45,363.959
2014-09-17T13:00,809.792
2014-09-17T13:15,947.454
2014-09-17T13:30,668.709
2014-09-17T13:45,412.632
2014-09-17T14:00,284.883
2014-09-17T14:15,61.902
2014-09-17T14:30,61.718
2014-09-17T14:45,72.349
2014-09-17T15:00,327.179
2014-09-17T15:15,108.746
2014-09-17T15:30,61.685
2014-09-17T15:45,61.733
2014-09-17T16:00,245.96
2014-09-17T16:15,192.428
2014-09-17T16:30,76.711
2014-09-17T16:45,106.828
2014-09-17T17:00,169.138
2014-09-17T17:15,452.169
2014-09-17T17:30,181.666
2014-09-17T17:45,181.65
2014-09-17T18:00,181.627
2014-09-17T18:15,426.879
2014-09-17T18:30,252.973
2014-09-17T18:45,282.222
2014-09-17T19:00,1831.136
2014-09-17T19:15,1054.939
2014-09-17T19:30,713.249
2014-09-17T19:45,2393.012
2014-09-17T20:00,3653.949
2014-09-17T20:15,3935.908
2014-09-17T20:30,2777.064
2014-09-17T20:45,892.428
2014-09-17T21:00,793.104
2014-09-17T21:15,680.051
2014-09-17T21:30,1427.822
2014-09-17T21:45,1772.459
2014-09-17T22:00,356.865
2014-09-17T22:15,540.001
2014-09-17T22:30,481.679
2014-09-17T22:45,354.26
2014-09-17T23:00,279.296
2014-09-17T23:15,396.502
2014-09-17T23:30,484.202
2014-09-17T23:45,447.017
2014-09-18T00:00,792.76
2014-09-18T00:15,1554.893
2014-09-18T00:30,660.992
2014-09-18T00:45,459.033
2014-09-18T01:00,853.973
2014-09-18T01:15,3642.366
2014-09-18T01:30,3488.173
2014-09-18T01:45,2407.197
2014-09-18T02:00,406.045
2014-09-18T02:15,549.544
2014-09-18T02:30,1561.966
2014-09-18T02:45,550.757
2014-09-18T03:00,258.916
2014-09-18T03:15,323.195
2014-09-18T03:30,1438.602
2014-09-18T03:45,1201.597
2014-09-18T04:00,84.003
2014-09-18T04:15,351.223
2014-09-18T04:30,67.231
2014-09-18T04:45,61.791
2014-09-18T05:00,61.749
2014-09-18T05:15,270.249
2014-09-18T05:30,178.559
2014-09-18T05:45,61.789
2014-09-18T06:00,61.762
2014-09-18T06:15,109.983
2014-09-18T06:30,474.407
2014-09-18T06:45,181.768
2014-09-18T07:00,108.366
2014-09-18T07:15,61.708
2014-09-18T07:30,276.628
2014-09-18T07:45,168.326
2014-09-18T08:00,61.758
2014-09-18T08:15,61.71
2014-09-18T08:30,149.713
2014-09-18T08:45,297.349
2014-09-18T09:00,61.729
2014-09-18T09:15,61.756
2014-09-18T09:30,61.637
2014-09-18T09:45,294.189
2014-09-18T10:00,1406.663
2014-09-18T10:15,472.65
2014-09-18T10:30,203.268
2014-09-18T10:45,66.028
2014-09-18T11:00,362.621
2014-09-18T11:15,89.033
2014-09-18T11:30,61.592
2014-09-18T11:45,61.601
2014-09-18T12:00,167.477
2014-09-18T12:15,288.356
2014-09-18T12:30,61.848
2014-09-18T12:45,61.523
2014-09-18T13:00,70.246
2014-09-18T13:15,327.575
2014-09-18T13:30,110.445
2014-09-18T13:45,61.643
2014-09-18T14:00,61.704
2014-09-18T14:15,242.689
2014-09-18T14:30,195.909
2014-09-18T14:45,61.711
2014-09-18T15:00,61.707
2014-09-18T15:15,89.936
2014-09-18T15:30,356.156
2014-09-18T15:45,76.789
2014-09-18T16:00,86.641
2014-09-18T16:15,96.622
2014-09-18T16:30,348.559
2014-09-18T16:45,191.443
2014-09-18T17:00,126.691
2014-09-18T17:15,84.74
2014-09-18T17:30,254.276
2014-09-18T17:45,179.57
2014-09-18T18:00,84.638
2014-09-18T18:15,217.181
2014-09-18T18:30,331.634
2014-09-18T18:45,292.708
2014-09-18T19:00,234.064
2014-09-18T19:15,341.188
2014-09-18T19:30,612.382
2014-09-18T19:45,1472.483
2014-09-18T20:00,854.438
2014-09-18T20:15,548.309
2014-09-18T20:30,2147.734
2014-09-18T20:45,3742.665
2014-09-18T21:00,3623.274
2014-09-18T21:15,1260.308
2014-09-18T21:30,391.307
2014-09-18T21:45,346.094
2014-09-18T22:00,184.054
2014-09-18T22:15,472.417
2014-09-18T22:30,436.414
2014-09-18T22:45,1768.131
2014-09-18T23:00,1416.974
2014-09-18T23:15,886.216
2014-09-18T23:30,147.98
2014-09-18T23:45,61.597
2014-09-19T00:00,61.529
2014-09-19T00:15,263.182
2014-09-19T00:30,172.44
2014-09-19T00:45,61.698
2014-09-19T01:00,61.7
2014-09-19T01:15,185.358
2014-09-19T01:30,252.423
2014-09-19T01:45,61.721
2014-09-19T02:00,61.751
2014-09-19T02:15,81.981
2014-09-19T02:30,351.56
2014-09-19T02:45,68.797
2014-09-19T03:00,61.787
2014-09-19T03:15,61.723
2014-09-19T03:30,262.529
2014-09-19T03:45,181.854
2014-09-19T04:00,61.798
2014-09-19T04:15,61.757
2014-09-19T04:30,88.574
2014-09-19T04:45,357.97
2014-09-19T05:00,62.399
2014-09-19T05:15,61.766
2014-09-19T05:30,61.741
2014-09-19T05:45,273.393
2014-09-19T06:00,171.724
2014-09-19T06:15,61.808
2014-09-19T06:30,61.688
2014-09-19T06:45,146.06
2014-09-19T07:00,301.019
2014-09-19T07:15,61.708
2014-09-19T07:30,61.717
2014-09-19T07:45,61.676
2014-09-19T08:00,413.666
2014-09-19T08:15,415.91
2014-09-19T08:30,61.702
2014-09-19T08:45,61.707
2014-09-19T09:00,64.276
2014-09-19T09:15,361.627
2014-09-19T09:30,92.426
2014-09-19T09:45,61.46
2014-09-19T10:00,61.508
2014-09-19T10:15,163.673
2014-09-19T10:30,291.734
2014-09-19T10:45,61.761
2014-09-19T11:00,61.45
2014-09-19T11:15,68.125
2014-09-19T11:30,327.811
2014-09-19T11:45,112.005
2014-09-19T12:00,61.546
2014-09-19T12:15,61.607
2014-09-19T12:30,239.254
2014-09-19T12:45,199.054
2014-09-19T13:00,61.643
2014-09-19T13:15,61.729
2014-09-19T13:30,85.889
2014-09-19T13:45,355.144
2014-09-19T14:00,61.704
2014-09-19T14:15,61.646
2014-09-19T14:30,61.718
2014-09-19T14:45,300.392
2014-09-19T15:00,139.71
2014-09-19T15:15,61.664
2014-09-19T15:30,61.681
2014-09-19T15:45,251.002
2014-09-19T16:00,182.847
2014-09-19T16:15,61.567
2014-09-19T16:30,100.226
2014-09-19T16:45,211.776
2014-09-19T17:00,168.02
2014-09-19T17:15,61.648
2014-09-19T17:30,69.249
2014-09-19T17:45,348.731
2014-09-19T18:00,360.733
2014-09-19T18:15,343.314
2014-09-19T18:30,360.145
2014-09-19T18:45,540.614
2014-09-19T19:00,512.409
2014-09-19T19:15,394.862
2014-09-19T19:30,409.743
2014-09-19T19:45,562.801
2014-09-19T20:00,537.623
2014-09-19T20:15,394.483
2014-09-19T20:30,339.372
2014-09-19T20:45,168.793
2014-09-19T21:00,127.933
2014-09-19T21:15,61.731
2014-09-19T21:30,268.429
2014-09-19T21:45,151.379
2014-09-19T22:00,61.587
2014-09-19T22:15,61.664
2014-09-19T22:30,259.886
2014-09-19T22:45,175.783
2014-09-19T23:00,61.562
2014-09-19T23:15,61.571
2014-09-19T23:30,279.065
2014-09-19T23:45,375.852
2014-09-20T00:00,108.196
2014-09-20T00:15,61.564
2014-09-20T00:30,79.639
2014-09-20T00:45,351.93
2014-09-20T01:00,70.446
2014-09-20T01:15,63.034
2014-09-20T01:30,156.327
2014-09-20T01:45,259.222
2014-09-20T02:00,185.221
2014-09-20T02:15,61.789
2014-09-20T02:30,61.716
2014-09-20T02:45,84.453
2014-09-20T03:00,360.372
2014-09-20T03:15,64.019
2014-09-20T03:30,61.699
2014-09-20T03:45,61.713
2014-09-20T04:00,270.084
2014-09-20T04:15,175.037
2014-09-20T04:30,61.798
2014-09-20T04:45,61.791
2014-09-20T05:00,142.403
2014-09-20T05:15,304.769
2014-09-20T05:30,61.741
2014-09-20T05:45,95.127
2014-09-20T06:00,181.762
2014-09-20T06:15,380.867
2014-09-20T06:30,299.223
2014-09-20T06:45,136.56
2014-09-20T07:00,106.532
2014-09-20T07:15,77.093
2014-09-20T07:30,360.262
2014-09-20T07:45,95.786
2014-09-20T08:00,61.723
2014-09-20T08:15,61.71
2014-09-20T08:30,160.347
2014-09-20T08:45,295.741
2014-09-20T09:00,589.285
2014-09-20T09:15,112.425
2014-09-20T09:30,66.2
2014-09-20T09:45,328.023
2014-09-20T10:00,113.573
2014-09-20T10:15,201.375
2014-09-20T10:30,281.352
2014-09-20T10:45,235.82
2014-09-20T11:00,389.906
2014-09-20T11:15,478.286
2014-09-20T11:30,676.688
2014-09-20T11:45,2079.597
2014-09-20T12:00,1166.279
2014-09-20T12:15,131.799
2014-09-20T12:30,1030.2
2014-09-20T12:45,2059.842
2014-09-20T13:00,2383.663
2014-09-20T13:15,143.011
2014-09-20T13:30,61.702
2014-09-20T13:45,61.64
2014-09-20T14:00,247.633
2014-09-20T14:15,186.247
2014-09-20T14:30,1071.526
2014-09-20T14:45,1262.65
2014-09-20T15:00,1262.36
2014-09-20T15:15,177.174
2014-09-20T15:30,72.369
2014-09-20T15:45,72.59
2014-09-20T16:00,333.527
2014-09-20T16:15,105.753
2014-09-20T16:30,72.336
2014-09-20T16:45,63.019
2014-09-20T17:00,348.292
2014-09-20T17:15,339.741
2014-09-20T17:30,212.058
2014-09-20T17:45,278.855
2014-09-20T18:00,666.104
2014-09-20T18:15,613.238
2014-09-20T18:30,361.017
2014-09-20T18:45,494.032
2014-09-20T19:00,345.665
2014-09-20T19:15,242.124
2014-09-20T19:30,181.701
2014-09-20T19:45,385.1
2014-09-20T20:00,274.734
2014-09-20T20:15,181.713
2014-09-20T20:30,181.657
2014-09-20T20:45,376.686
2014-09-20T21:00,299.293
2014-09-20T21:15,181.731
2014-09-20T21:30,285.576
2014-09-20T21:45,474.232
2014-09-20T22:00,520.505
2014-09-20T22:15,256.623
2014-09-20T22:30,181.574
2014-09-20T22:45,180.292
2014-09-20T23:00,352.205
2014-09-20T23:15,72.365
2014-09-20T23:30,211.996
2014-09-20T23:45,208.189
2014-09-21T00:00,404.401
2014-09-21T00:15,341.121
2014-09-21T00:30,211.976
2014-09-21T00:45,212.468
2014-09-21T01:00,220.929
2014-09-21T01:15,517.578
2014-09-21T01:30,215.145
2014-09-21T01:45,201.126
2014-09-21T02:00,215.816
2014-09-21T02:15,417.109
2014-09-21T02:30,322.615
2014-09-21T02:45,209.504
2014-09-21T03:00,212.284
2014-09-21T03:15,289.439
2014-09-21T03:30,448.916
2014-09-21T03:45,154.019
2014-09-21T04:00,61.802
2014-09-21T04:15,61.757
2014-09-21T04:30,257.487
2014-09-21T04:45,197.863
2014-09-21T05:00,61.754
2014-09-21T05:15,79.099
2014-09-21T05:30,181.741
2014-09-21T05:45,477.575
2014-09-21T06:00,219.189
2014-09-21T06:15,181.773
2014-09-21T06:30,174.104
2014-09-21T06:45,254.113
2014-09-21T07:00,381.826
2014-09-21T07:15,129.422
2014-09-21T07:30,114.129
2014-09-21T07:45,101.684
2014-09-21T08:00,351.013
2014-09-21T08:15,122.854
2014-09-21T08:30,61.701
2014-09-21T08:45,61.707
2014-09-21T09:00,232.732
2014-09-21T09:15,205.983
2014-09-21T09:30,61.637
2014-09-21T09:45,61.46
2014-09-21T10:00,77.57
2014-09-21T10:15,363.0
2014-09-21T10:30,61.352
2014-09-21T10:45,61.463
2014-09-21T11:00,61.45
2014-09-21T11:15,793.205
2014-09-21T11:30,1376.136
2014-09-21T11:45,1291.293
2014-09-21T12:00,1297.332
2014-09-21T12:15,2034.832
2014-09-21T12:30,505.777
2014-09-21T12:45,162.113
2014-09-21T13:00,107.49
2014-09-21T13:15,222.538
2014-09-21T13:30,177.384
2014-09-21T13:45,61.64
2014-09-21T14:00,61.704
2014-09-21T14:15,470.79
2014-09-21T14:30,1440.876
2014-09-21T14:45,800.307
2014-09-21T15:00,634.494
2014-09-21T15:15,492.304
2014-09-21T15:30,2168.178
2014-09-21T15:45,3710.321
2014-09-21T16:00,3717.505
2014-09-21T16:15,1456.77
2014-09-21T16:30,243.199
2014-09-21T16:45,93.188
2014-09-21T17:00,440.119
2014-09-21T17:15,389.925
2014-09-21T17:30,377.378
2014-09-21T17:45,327.879
2014-09-21T18:00,655.349
2014-09-21T18:15,2307.686
2014-09-21T18:30,924.956
2014-09-21T18:45,895.396
2014-09-21T19:00,1055.361
2014-09-21T19:15,796.963
2014-09-21T19:30,539.72
2014-09-21T19:45,583.457
2014-09-21T20:00,649.246
2014-09-21T20:15,741.445
2014-09-21T20:30,550.167
2014-09-21T20:45,540.148
2014-09-21T21:00,381.402
2014-09-21T21:15,608.431
2014-09-21T21:30,343.822
2014-09-21T21:45,326.323
2014-09-21T22:00,208.016
2014-09-21T22:15,372.506
2014-09-21T22:30,311.703
2014-09-21T22:45,181.514
2014-09-21T23:00,181.562
2014-09-21T23:15,196.483
2014-09-21T23:30,467.374
2014-09-21T23:45,67.184
2014-09-22T00:00,61.529
2014-09-22T00:15,61.564
2014-09-22T00:30,344.455
2014-09-22T00:45,301.62
2014-09-22T01:00,181.735
2014-09-22T01:15,181.701
2014-09-22T01:30,254.875
2014-09-22T01:45,382.831
2014-09-22T02:00,61.751
2014-09-22T02:15,61.794
2014-09-22T02:30,61.716
2014-09-22T02:45,254.044
2014-09-22T03:00,201.232
2014-09-22T03:15,61.728
2014-09-22T03:30,61.699
2014-09-22T03:45,61.713
2014-09-22T04:00,354.269
2014-09-22T04:15,102.498
2014-09-22T04:30,61.763
2014-09-22T04:45,61.791
2014-09-22T05:00,154.372
2014-09-22T05:15,423.16
2014-09-22T05:30,182.039
2014-09-22T05:45,181.789
2014-09-22T06:00,182.426
2014-09-22T06:15,448.913
2014-09-22T06:30,147.743
2014-09-22T06:45,79.059
2014-09-22T07:00,181.699
2014-09-22T07:15,349.356
2014-09-22T07:30,1041.595
2014-09-22T07:45,1322.384
2014-09-22T08:00,1485.376
2014-09-22T08:15,141.167
2014-09-22T08:30,385.876
2014-09-22T08:45,61.707
2014-09-22T09:00,61.729
2014-09-22T09:15,62.068
2014-09-22T09:30,290.464
2014-09-22T09:45,149.317
2014-09-22T10:00,61.508
2014-09-22T10:15,61.371
2014-09-22T10:30,240.576
2014-09-22T10:45,192.77
2014-09-22T11:00,61.45
2014-09-22T11:15,94.791
2014-09-22T11:30,211.722
2014-09-22T11:45,173.417
2014-09-22T12:00,61.542
2014-09-22T12:15,69.662
2014-09-22T12:30,350.02
2014-09-22T12:45,142.823
2014-09-22T13:00,110.435
2014-09-22T13:15,64.659
2014-09-22T13:30,226.809
2014-09-22T13:45,214.828
2014-09-22T14:00,140.496
2014-09-22T14:15,151.485
2014-09-22T14:30,289.062
2014-09-22T14:45,202.774
2014-09-22T15:00,61.707
2014-09-22T15:15,188.894
2014-09-22T15:30,162.001
2014-09-22T15:45,277.405
2014-09-22T16:00,167.772
2014-09-22T16:15,511.212
2014-09-22T16:30,387.792
2014-09-22T16:45,293.567
2014-09-22T17:00,370.427
2014-09-22T17:15,530.226
2014-09-22T17:30,305.879
2014-09-22T17:45,181.65
2014-09-22T18:00,181.627
2014-09-22T18:15,291.216
2014-09-22T18:30,386.371
2014-09-22T18:45,181.518
2014-09-22T19:00,181.483
2014-09-22T19:15,193.649
2014-09-22T19:30,473.173
2014-09-22T19:45,195.364
2014-09-22T20:00,181.701
2014-09-22T20:15,280.222
2014-09-22T20:30,768.986
2014-09-22T20:45,689.024
2014-09-22T21:00,562.226
2014-09-22T21:15,622.628
2014-09-22T21:30,711.266
2014-09-22T21:45,990.379
2014-09-22T22:00,659.891
2014-09-22T22:15,361.071
2014-09-22T22:30,331.919
2014-09-22T22:45,520.388
2014-09-22T23:00,459.775
2014-09-22T23:15,331.495
2014-09-22T23:30,320.956
2014-09-22T23:45,269.036
2014-09-23T00:00,394.402
2014-09-23T00:15,61.564
2014-09-23T00:30,61.482
2014-09-23T00:45,61.698
2014-09-23T01:00,250.673
2014-09-23T01:15,204.523
2014-09-23T01:30,61.665
2014-09-23T01:45,61.721
2014-09-23T02:00,61.751
2014-09-23T02:15,350.938
2014-09-23T02:30,105.779
2014-09-23T02:45,61.694
2014-09-23T03:00,61.787
2014-09-23T03:15,149.289
2014-09-23T03:30,306.817
2014-09-23T03:45,62.011
2014-09-23T04:00,61.798
2014-09-23T04:15,61.757
2014-09-23T04:30,326.892
2014-09-23T04:45,119.854
2014-09-23T05:00,61.752
2014-09-23T05:15,61.766
2014-09-23T05:30,226.023
2014-09-23T05:45,212.742
2014-09-23T06:00,61.762
2014-09-23T06:15,61.773
2014-09-23T06:30,88.244
2014-09-23T06:45,488.858
2014-09-23T07:00,779.157
2014-09-23T07:15,1125.568
2014-09-23T07:30,429.98
2014-09-23T07:45,929.543
2014-09-23T08:00,152.865
2014-09-23T08:15,66.153
2014-09-23T08:30,70.219
2014-09-23T08:45,237.558
2014-09-23T09:00,196.408
2014-09-23T09:15,61.751
2014-09-23T09:30,93.035
2014-09-23T09:45,211.595
2014-09-23T10:00,175.154
2014-09-23T10:15,61.371
2014-09-23T10:30,61.352
2014-09-23T10:45,312.866
2014-09-23T11:00,104.735
2014-09-23T11:15,61.557
2014-09-23T11:30,61.592
2014-09-23T11:45,223.327
2014-09-23T12:00,207.35
2014-09-23T12:15,61.607
2014-09-23T12:30,63.158
2014-09-23T12:45,228.119
2014-09-23T13:00,204.756
2014-09-23T13:15,61.729
2014-09-23T13:30,187.305
2014-09-23T13:45,161.918
2014-09-23T14:00,134.583
2014-09-23T14:15,61.646
2014-09-23T14:30,255.159
2014-09-23T14:45,164.713
2014-09-23T15:00,61.707
2014-09-23T15:15,61.664
2014-09-23T15:30,246.717
2014-09-23T15:45,189.277
2014-09-23T16:00,61.586
2014-09-23T16:15,61.567
2014-09-23T16:30,167.574
2014-09-23T16:45,270.051
2014-09-23T17:00,62.194
2014-09-23T17:15,557.627
2014-09-23T17:30,1554.454
2014-09-23T17:45,705.716
2014-09-23T18:00,155.441
2014-09-23T18:15,135.275
2014-09-23T18:30,1579.377
2014-09-23T18:45,1240.284
2014-09-23T19:00,541.246
2014-09-23T19:15,1324.812
2014-09-23T19:30,1093.318
2014-09-23T19:45,192.479
2014-09-23T20:00,485.681
2014-09-23T20:15,229.13
2014-09-23T20:30,304.758
2014-09-23T20:45,181.679
2014-09-23T21:00,524.753
2014-09-23T21:15,704.622
2014-09-23T21:30,614.026
2014-09-23T21:45,577.965
2014-09-23T22:00,772.029
2014-09-23T22:15,1081.456
2014-09-23T22:30,671.511
2014-09-23T22:45,534.251
2014-09-23T23:00,541.338
2014-09-23T23:15,509.856
2014-09-23T23:30,438.475
2014-09-23T23:45,501.335
2014-09-24T00:00,422.859
2014-09-24T00:15,292.866
2014-09-24T00:30,568.014
2014-09-24T00:45,331.074
2014-09-24T01:00,281.329
2014-09-24T01:15,272.926
2014-09-24T01:30,362.479
2014-09-24T01:45,530.216
2014-09-24T02:00,273.48
2014-09-24T02:15,278.404
2014-09-24T02:30,281.357
2014-09-24T02:45,535.341
2014-09-24T03:00,339.275
2014-09-24T03:15,281.427
2014-09-24T03:30,273.954
2014-09-24T03:45,438.231
2014-09-24T04:00,435.829
2014-09-24T04:15,363.841
2014-09-24T04:30,396.78
2014-09-24T04:45,293.315
2014-09-24T05:00,386.622
2014-09-24T05:15,184.745
2014-09-24T05:30,181.741
2014-09-24T05:45,181.789
2014-09-24T06:00,404.024
2014-09-24T06:15,276.196
2014-09-24T06:30,174.104
2014-09-24T06:45,159.139
2014-09-24T07:00,316.585
2014-09-24T07:15,627.186
2014-09-24T07:30,114.129
2014-09-24T07:45,135.241
2014-09-24T08:00,245.03
2014-09-24T08:15,195.414
2014-09-24T08:30,72.417
2014-09-24T08:45,62.302
2014-09-24T09:00,309.855
2014-09-24T09:15,113.473
2014-09-24T09:30,72.341
2014-09-24T09:45,69.283
2014-09-24T10:00,219.841
2014-09-24T10:15,210.573
2014-09-24T10:30,61.352
2014-09-24T10:45,62.033
2014-09-24T11:00,226.666
2014-09-24T11:15,207.088
2014-09-24T11:30,61.592
2014-09-24T11:45,185.584
2014-09-24T12:00,161.771
2014-09-24T12:15,136.155
2014-09-24T12:30,61.55
2014-09-24T12:45,251.627
2014-09-24T13:00,167.983
2014-09-24T13:15,61.729
2014-09-24T13:30,957.177
2014-09-24T13:45,1003.467
2014-09-24T14:00,995.149
2014-09-24T14:15,61.646
2014-09-24T14:30,61.718
2014-09-24T14:45,164.183
2014-09-24T15:00,273.654
2014-09-24T15:15,61.664
2014-09-24T15:30,61.681
2014-09-24T15:45,69.622
2014-09-24T16:00,353.871
2014-09-24T16:15,78.533
2014-09-24T16:30,61.544
2014-09-24T16:45,61.661
2014-09-24T17:00,242.476
2014-09-24T17:15,201.778
2014-09-24T17:30,61.666
2014-09-24T17:45,61.65
2014-09-24T18:00,266.575
2014-09-24T18:15,659.543
2014-09-24T18:30,424.331
2014-09-24T18:45,403.656
2014-09-24T19:00,266.938
2014-09-24T19:15,373.299
2014-09-24T19:30,311.623
2014-09-24T19:45,181.725
2014-09-24T20:00,181.701
2014-09-24T20:15,243.524
2014-09-24T20:30,443.503
2014-09-24T20:45,181.679
2014-09-24T21:00,181.726
2014-09-24T21:15,210.769
2014-09-24T21:30,507.391
2014-09-24T21:45,472.392
2014-09-24T22:00,326.394
2014-09-24T22:15,331.362
2014-09-24T22:30,239.026
2014-09-24T22:45,464.024
2014-09-24T23:00,232.265
2014-09-24T23:15,181.571
2014-09-24T23:30,429.141
2014-09-24T23:45,489.529
2014-09-25T00:00,665.194
2014-09-25T00:15,329.592
2014-09-25T00:30,283.142
2014-09-25T00:45,281.398
2014-09-25T01:00,530.178
2014-09-25T01:15,126.361
2014-09-25T01:30,61.663
2014-09-25T01:45,61.721
2014-09-25T02:00,219.288
2014-09-25T02:15,219.487
2014-09-25T02:30,61.716
2014-09-25T02:45,61.694
2014-09-25T03:00,66.935
2014-09-25T03:15,369.637
2014-09-25T03:30,66.327
2014-09-25T03:45,61.713
2014-09-25T04:00,61.798
2014-09-25T04:15,280.74
2014-09-25T04:30,159.464
2014-09-25T04:45,61.791
2014-09-25T05:00,61.749
2014-09-25T05:15,344.173
2014-09-25T05:30,683.198
2014-09-25T05:45,181.789
2014-09-25T06:00,209.445
2014-09-25T06:15,331.937
2014-09-25T06:30,291.438
2014-09-25T06:45,159.139
2014-09-25T07:00,146.405
2014-09-25T07:15,384.76
2014-09-25T07:30,174.7
2014-09-25T07:45,105.362
2014-09-25T08:00,68.069
2014-09-25T08:15,216.637
2014-09-25T08:30,214.305
2014-09-25T08:45,61.707
2014-09-25T09:00,62.299
2014-09-25T09:15,223.276
2014-09-25T09:30,210.859
2014-09-25T09:45,61.46
2014-09-25T10:00,183.868
2014-09-25T10:15,161.561
2014-09-25T10:30,137.562
2014-09-25T10:45,61.463
2014-09-25T11:00,248.207
2014-09-25T11:15,171.242
2014-09-25T11:30,61.592
2014-09-25T11:45,61.601
2014-09-25T12:00,239.909
2014-09-25T12:15,195.82
2014-09-25T12:30,61.55
2014-09-25T12:45,61.523
2014-09-25T13:00,160.533
2014-09-25T13:15,277.259
2014-09-25T13:30,275.044
2014-09-25T13:45,293.083
2014-09-25T14:00,298.921
2014-09-25T14:15,575.828
2014-09-25T14:30,301.122
2014-09-25T14:45,283.623
2014-09-25T15:00,274.568
2014-09-25T15:15,419.772
2014-09-25T15:30,205.159
2014-09-25T15:45,61.733
2014-09-25T16:00,61.586
2014-09-25T16:15,68.258
2014-09-25T16:30,366.344
2014-09-25T16:45,73.81
2014-09-25T17:00,61.636
2014-09-25T17:15,61.648
2014-09-25T17:30,257.419
2014-09-25T17:45,215.213
2014-09-25T18:00,61.662
2014-09-25T18:15,61.64
2014-09-25T18:30,119.469
2014-09-25T18:45,405.623
2014-09-25T19:00,159.067
2014-09-25T19:15,174.244
2014-09-25T19:30,181.701
2014-09-25T19:45,360.505
2014-09-25T20:00,334.681
2014-09-25T20:15,181.718
2014-09-25T20:30,181.657
2014-09-25T20:45,181.679
2014-09-25T21:00,460.915
2014-09-25T21:15,235.75
2014-09-25T21:30,181.708
2014-09-25T21:45,181.657
2014-09-25T22:00,257.799
2014-09-25T22:15,438.136
2014-09-25T22:30,181.872
2014-09-25T22:45,181.514
2014-09-25T23:00,181.562
2014-09-25T23:15,436.787
2014-09-25T23:30,249.542
2014-09-25T23:45,181.6
2014-09-26T00:00,181.529
2014-09-26T00:15,335.717
2014-09-26T00:30,342.56
2014-09-26T00:45,181.698
2014-09-26T01:00,164.367
2014-09-26T01:15,67.873
2014-09-26T01:30,378.478
2014-09-26T01:45,67.995
2014-09-26T02:00,61.751
2014-09-26T02:15,61.789
2014-09-26T02:30,277.415
2014-09-26T02:45,162.68
2014-09-26T03:00,61.787
2014-09-26T03:15,61.723
2014-09-26T03:30,227.371
2014-09-26T03:45,206.572
2014-09-26T04:00,61.798
2014-09-26T04:15,87.556
2014-09-26T04:30,211.957
2014-09-26T04:45,180.978
2014-09-26T05:00,61.749
2014-09-26T05:15,61.766
2014-09-26T05:30,303.314
2014-09-26T05:45,114.903
2014-09-26T06:00,71.096
2014-09-26T06:15,181.773
2014-09-26T06:30,333.205
2014-09-26T06:45,337.74
2014-09-26T07:00,181.699
2014-09-26T07:15,182.239
2014-09-26T07:30,339.599
2014-09-26T07:45,334.574
2014-09-26T08:00,541.723
2014-09-26T08:15,306.182
2014-09-26T08:30,284.973
2014-09-26T08:45,156.189
2014-09-26T09:00,242.282
2014-09-26T09:15,479.42
2014-09-26T09:30,406.959
2014-09-26T09:45,284.676
2014-09-26T10:00,280.906
2014-09-26T10:15,460.128
2014-09-26T10:30,412.065
2014-09-26T10:45,198.904
2014-09-26T11:00,61.45
2014-09-26T11:15,156.837
2014-09-26T11:30,280.732
2014-09-26T11:45,61.601
2014-09-26T12:00,68.865
2014-09-26T12:15,155.208
2014-09-26T12:30,1712.554
2014-09-26T12:45,392.093
2014-09-26T13:00,354.12
2014-09-26T13:15,2734.698
2014-09-26T13:30,3672.077
2014-09-26T13:45,3607.185
2014-09-26T14:00,277.262
2014-09-26T14:15,92.347
2014-09-26T14:30,91.342
2014-09-26T14:45,366.9
2014-09-26T15:00,75.491
2014-09-26T15:15,61.664
2014-09-26T15:30,61.681
2014-09-26T15:45,246.671
2014-09-26T16:00,198.213
2014-09-26T16:15,88.514
2014-09-26T16:30,1280.721
2014-09-26T16:45,526.969
2014-09-26T17:00,662.101
2014-09-26T17:15,80.968
2014-09-26T17:30,2037.112
2014-09-26T17:45,3492.352
2014-09-26T18:00,3700.58
2014-09-26T18:15,2101.392
2014-09-26T18:30,1450.44
2014-09-26T18:45,176.214
2014-09-26T19:00,161.167
2014-09-26T19:15,451.333
2014-09-26T19:30,239.028
2014-09-26T19:45,181.69
2014-09-26T20:00,181.701
2014-09-26T20:15,254.09
2014-09-26T20:30,441.964
2014-09-26T20:45,263.139
2014-09-26T21:00,330.518
2014-09-26T21:15,327.408
2014-09-26T21:30,584.493
2014-09-26T21:45,407.477
2014-09-26T22:00,1068.304
2014-09-26T22:15,1184.571
2014-09-26T22:30,936.64
2014-09-26T22:45,1707.864
2014-09-26T23:00,3829.47
2014-09-26T23:15,3992.897
2014-09-26T23:30,2271.166
2014-09-26T23:45,845.351
2014-09-27T00:00,475.265
2014-09-27T00:15,449.204
2014-09-27T00:30,440.852
2014-09-27T00:45,624.611
2014-09-27T01:00,315.02
2014-09-27T01:15,207.683
2014-09-27T01:30,199.641
2014-09-27T01:45,276.606
2014-09-27T02:00,210.023
2014-09-27T02:15,61.789
2014-09-27T02:30,85.611
2014-09-27T02:45,211.919
2014-09-27T03:00,182.846
2014-09-27T03:15,61.723
2014-09-27T03:30,61.699
2014-09-27T03:45,300.007
2014-09-27T04:00,118.192
2014-09-27T04:15,61.757
2014-09-27T04:30,61.763
2014-09-27T04:45,209.896
2014-09-27T05:00,221.178
2014-09-27T05:15,61.766
2014-09-27T05:30,62.273
2014-09-27T05:45,216.05
2014-09-27T06:00,291.619
2014-09-27T06:15,181.773
2014-09-27T06:30,300.802
2014-09-27T06:45,281.774
2014-09-27T07:00,261.293
2014-09-27T07:15,132.374
2014-09-27T07:30,241.716
2014-09-27T07:45,178.115
2014-09-27T08:00,151.057
2014-09-27T08:15,181.71
2014-09-27T08:30,353.37
2014-09-27T08:45,322.614
2014-09-27T09:00,181.729
2014-09-27T09:15,181.751
2014-09-27T09:30,268.228
2014-09-27T09:45,389.177
2014-09-27T10:00,156.452
2014-09-27T10:15,146.316
2014-09-27T10:30,138.152
2014-09-27T10:45,418.318
2014-09-27T11:00,139.769
2014-09-27T11:15,106.501
2014-09-27T11:30,96.537
2014-09-27T11:45,257.338
2014-09-27T12:00,226.665
2014-09-27T12:15,95.589
2014-09-27T12:30,205.029
2014-09-27T12:45,436.673
2014-09-27T13:00,740.855
2014-09-27T13:15,458.11
2014-09-27T13:30,427.882
2014-09-27T13:45,425.6
2014-09-27T14:00,602.651
2014-09-27T14:15,561.925
2014-09-27T14:30,421.224
2014-09-27T14:45,555.446
2014-09-27T15:00,1811.613
2014-09-27T15:15,1019.74
2014-09-27T15:30,626.461
2014-09-27T15:45,250.936
2014-09-27T16:00,3523.591
2014-09-27T16:15,3661.079
2014-09-27T16:30,2989.108
2014-09-27T16:45,230.579
2014-09-27T17:00,92.413
2014-09-27T17:15,80.126
2014-09-27T17:30,349.403
2014-09-27T17:45,167.458
2014-09-27T18:00,136.793
2014-09-27T18:15,166.807
2014-09-27T18:30,269.065
2014-09-27T18:45,600.004
2014-09-27T19:00,334.126
2014-09-27T19:15,326.284
2014-09-27T19:30,330.833
2014-09-27T19:45,575.118
2014-09-27T20:00,401.254
2014-09-27T20:15,411.382
2014-09-27T20:30,641.53
2014-09-27T20:45,706.928
2014-09-27T21:00,625.534
2014-09-27T21:15,476.381
2014-09-27T21:30,356.324
2014-09-27T21:45,346.257
2014-09-27T22:00,834.669
2014-09-27T22:15,596.809
2014-09-27T22:30,485.442
2014-09-27T22:45,421.888
2014-09-27T23:00,637.196
2014-09-27T23:15,538.955
2014-09-27T23:30,295.046
2014-09-27T23:45,316.011
2014-09-28T00:00,509.646
2014-09-28T00:15,490.569
2014-09-28T00:30,208.238
2014-09-28T00:45,232.008
2014-09-28T01:00,357.759
2014-09-28T01:15,273.035
2014-09-28T01:30,61.66
2014-09-28T01:45,61.721
2014-09-28T02:00,296.757
2014-09-28T02:15,121.47
2014-09-28T02:30,61.716
2014-09-28T02:45,61.694
2014-09-28T03:00,206.467
2014-09-28T03:15,224.578
2014-09-28T03:30,61.699
2014-09-28T03:45,62.245
2014-09-28T04:00,212.448
2014-09-28T04:15,221.891
2014-09-28T04:30,61.763
2014-09-28T04:45,179.281
2014-09-28T05:00,161.682
2014-09-28T05:15,143.102
2014-09-28T05:30,61.741
2014-09-28T05:45,247.731
2014-09-28T06:00,292.263
2014-09-28T06:15,61.773
2014-09-28T06:30,61.688
2014-09-28T06:45,230.029
2014-09-28T07:00,205.972
2014-09-28T07:15,61.708
2014-09-28T07:30,61.712
2014-09-28T07:45,149.668
2014-09-28T08:00,288.15
2014-09-28T08:15,61.71
2014-09-28T08:30,617.253
2014-09-28T08:45,66.399
2014-09-28T09:00,407.165
2014-09-28T09:15,133.344
2014-09-28T09:30,96.581
2014-09-28T09:45,86.404
2014-09-28T10:00,243.883
2014-09-28T10:15,224.298
2014-09-28T10:30,69.873
2014-09-28T10:45,61.463
2014-09-28T11:00,62.148
2014-09-28T11:15,365.574
2014-09-28T11:30,80.517
2014-09-28T11:45,61.601
2014-09-28T12:00,61.542
2014-09-28T12:15,239.811
2014-09-28T12:30,204.911
2014-09-28T12:45,61.558
2014-09-28T13:00,61.643
2014-09-28T13:15,107.849
2014-09-28T13:30,339.24
2014-09-28T13:45,61.64
2014-09-28T14:00,61.709
2014-09-28T14:15,61.646
2014-09-28T14:30,237.88
2014-09-28T14:45,247.511
2014-09-28T15:00,99.295
2014-09-28T15:15,181.522
2014-09-28T15:30,273.179
2014-09-28T15:45,554.434
2014-09-28T16:00,368.457
2014-09-28T16:15,323.474
2014-09-28T16:30,328.328
2014-09-28T16:45,382.352
2014-09-28T17:00,595.93
2014-09-28T17:15,326.791
2014-09-28T17:30,326.61
2014-09-28T17:45,318.807
2014-09-28T18:00,574.021
2014-09-28T18:15,405.642
2014-09-28T18:30,261.22
2014-09-28T18:45,325.29
2014-09-28T19:00,467.097
2014-09-28T19:15,496.763
2014-09-28T19:30,540.011
2014-09-28T19:45,327.329
2014-09-28T20:00,327.646
2014-09-28T20:15,619.141
2014-09-28T20:30,347.646
2014-09-28T20:45,326.345
2014-09-28T21:00,316.255
2014-09-28T21:15,536.83
2014-09-28T21:30,367.643
2014-09-28T21:45,140.323
2014-09-28T22:00,61.587
2014-09-28T22:15,258.404
2014-09-28T22:30,336.698
2014-09-28T22:45,181.514
2014-09-28T23:00,201.586
2014-09-28T23:15,298.559
2014-09-28T23:30,275.735
2014-09-28T23:45,308.769
2014-09-29T00:00,423.072
2014-09-29T00:15,644.056
2014-09-29T00:30,364.958
2014-09-29T00:45,281.213
2014-09-29T01:00,284.134
2014-09-29T01:15,501.044
2014-09-29T01:30,483.121
2014-09-29T01:45,284.271
2014-09-29T02:00,279.292
2014-09-29T02:15,417.781
2014-09-29T02:30,447.155
2014-09-29T02:45,279.09
2014-09-29T03:00,314.445
2014-09-29T03:15,161.61
2014-09-29T03:30,144.713
2014-09-29T03:45,61.713
2014-09-29T04:00,235.004
2014-09-29T04:15,226.327
2014-09-29T04:30,181.763
2014-09-29T04:45,181.791
2014-09-29T05:00,289.362
2014-09-29T05:15,209.399
2014-09-29T05:30,61.741
2014-09-29T05:45,61.789
2014-09-29T06:00,146.079
2014-09-29T06:15,291.876
2014-09-29T06:30,63.977
2014-09-29T06:45,72.509
2014-09-29T07:00,72.432
2014-09-29T07:15,359.658
2014-09-29T07:30,102.432
2014-09-29T07:45,63.014
2014-09-29T08:00,61.723
2014-09-29T08:15,225.778
2014-09-29T08:30,358.6
2014-09-29T08:45,281.707
2014-09-29T09:00,61.729
2014-09-29T09:15,61.751
2014-09-29T09:30,363.079
2014-09-29T09:45,83.658
2014-09-29T10:00,61.508
2014-09-29T10:15,61.371
2014-09-29T10:30,236.19
2014-09-29T10:45,208.191
2014-09-29T11:00,61.485
2014-09-29T11:15,61.557
2014-09-29T11:30,103.686
2014-09-29T11:45,556.507
2014-09-29T12:00,153.533
2014-09-29T12:15,61.611
2014-09-29T12:30,61.55
2014-09-29T12:45,226.673
2014-09-29T13:00,228.288
2014-09-29T13:15,61.734
2014-09-29T13:30,61.702
2014-09-29T13:45,61.64
2014-09-29T14:00,327.636
2014-09-29T14:15,167.418
2014-09-29T14:30,1434.36
2014-09-29T14:45,2022.493
2014-09-29T15:00,1316.085
2014-09-29T15:15,877.264
2014-09-29T15:30,1923.244
2014-09-29T15:45,1639.884
2014-09-29T16:00,716.855
2014-09-29T16:15,627.91
2014-09-29T16:30,376.889
2014-09-29T16:45,384.04
2014-09-29T17:00,313.492
2014-09-29T17:15,202.198
2014-09-29T17:30,261.322
2014-09-29T17:45,144.233
2014-09-29T18:00,159.21
2014-09-29T18:15,185.564
2014-09-29T18:30,751.249
2014-09-29T18:45,438.66
2014-09-29T19:00,375.623
2014-09-29T19:15,192.36
2014-09-29T19:30,395.057
2014-09-29T19:45,301.426
2014-09-29T20:00,181.701
2014-09-29T20:15,181.713
2014-09-29T20:30,333.613
2014-09-29T20:45,340.253
2014-09-29T21:00,181.721
2014-09-29T21:15,199.79
2014-09-29T21:30,332.081
2014-09-29T21:45,291.071
2014-09-29T22:00,61.587
2014-09-29T22:15,61.664
2014-09-29T22:30,290.011
2014-09-29T22:45,127.764
2014-09-29T23:00,61.562
2014-09-29T23:15,61.571
2014-09-29T23:30,199.338
2014-09-29T23:45,231.36
2014-09-30T00:00,61.529
2014-09-30T00:15,62.045
2014-09-30T00:30,207.486
2014-09-30T00:45,258.331
2014-09-30T01:00,210.122
2014-09-30T01:15,322.021
2014-09-30T01:30,311.166
2014-09-30T01:45,195.269
2014-09-30T02:00,61.751
2014-09-30T02:15,231.589
2014-09-30T02:30,188.359
2014-09-30T02:45,61.694
2014-09-30T03:00,61.787
2014-09-30T03:15,223.291
2014-09-30T03:30,212.711
2014-09-30T03:45,61.713
2014-09-30T04:00,61.798
2014-09-30T04:15,142.369
2014-09-30T04:30,408.904
2014-09-30T04:45,164.458
2014-09-30T05:00,61.749
2014-09-30T05:15,61.766
2014-09-30T05:30,345.659
2014-09-30T05:45,95.01
2014-09-30T06:00,61.762
2014-09-30T06:15,61.773
2014-09-30T06:30,222.386
2014-09-30T06:45,221.994
2014-09-30T07:00,61.699
2014-09-30T07:15,61.708
2014-09-30T07:30,61.712
2014-09-30T07:45,359.847
2014-09-30T08:00,87.192
2014-09-30T08:15,421.71
2014-09-30T08:30,61.698
2014-09-30T08:45,233.164
2014-09-30T09:00,571.838
2014-09-30T09:15,61.786
2014-09-30T09:30,61.637
2014-09-30T09:45,99.503
2014-09-30T10:00,347.123
2014-09-30T10:15,61.371
2014-09-30T10:30,61.357
2014-09-30T10:45,61.463
2014-09-30T11:00,223.15
2014-09-30T11:15,231.652
2014-09-30T11:30,61.597
2014-09-30T11:45,61.601
2014-09-30T12:00,61.542
2014-09-30T12:15,324.212
2014-09-30T12:30,132.157
2014-09-30T12:45,61.523
2014-09-30T13:00,61.643
2014-09-30T13:15,118.547
2014-09-30T13:30,337.568
2014-09-30T13:45,61.938
2014-09-30T14:00,61.704
2014-09-30T14:15,61.646
2014-09-30T14:30,300.338
2014-09-30T14:45,146.283
2014-09-30T15:00,61.71
2014-09-30T15:15,61.664
2014-09-30T15:30,198.817
2014-09-30T15:45,239.832
2014-09-30T16:00,61.586
2014-09-30T16:15,61.567
2014-09-30T16:30,61.544
2014-09-30T16:45,356.893
2014-09-30T17:00,84.095
2014-09-30T17:15,61.648
2014-09-30T17:30,61.666
2014-09-30T17:45,289.134
2014-09-30T18:00,254.306
2014-09-30T18:15,166.807
2014-09-30T18:30,274.036
2014-09-30T18:45,575.497
2014-09-30T19:00,572.76
2014-09-30T19:15,2030.679
2014-09-30T19:30,1872.088
2014-09-30T19:45,1130.968
2014-09-30T20:00,944.994
2014-09-30T20:15,802.791
2014-09-30T20:30,1654.782
2014-09-30T20:45,2053.598
2014-09-30T21:00,460.577
2014-09-30T21:15,221.718
2014-09-30T21:30,61.708
2014-09-30T21:45,195.959
2014-09-30T22:00,256.899
2014-09-30T22:15,422.894
2014-09-30T22:30,431.086
2014-09-30T22:45,418.096
2014-09-30T23:00,302.632
2014-09-30T23:15,309.909
2014-09-30T23:30,402.698
2014-09-30T23:45,391.177
