Datetime,H23
2014-12-01T00:00,37163.593
2014-12-01T00:15,40809.156
2014-12-01T00:30,28368.08
2014-12-01T00:45,26845.118
2014-12-01T01:00,29912.194
2014-12-01T01:15,26968.651
2014-12-01T01:30,28885.491
2014-12-01T01:45,27601.107
2014-12-01T02:00,24262.774
2014-12-01T02:15,17838.59
2014-12-01T02:30,16467.177
2014-12-01T02:45,15357.224
2014-12-01T03:00,19997.302
2014-12-01T03:15,30485.157
2014-12-01T03:30,21672.395
2014-12-01T03:45,20536.871
2014-12-01T04:00,20510.416
2014-12-01T04:15,21339.27
2014-12-01T04:30,20966.464
2014-12-01T04:45,22506.375
2014-12-01T05:00,19713.219
2014-12-01T05:15,19583.323
2014-12-01T05:30,22006.808
2014-12-01T05:45,22917.062
2014-12-01T06:00,18516.572
2014-12-01T06:15,19612.067
2014-12-01T06:30,21476.955
2014-12-01T06:45,23901.685
2014-12-01T07:00,45892.762
2014-12-01T07:15,76011.436
2014-12-01T07:30,78672.751
2014-12-01T07:45,72067.116
2014-12-01T08:00,76603.121
2014-12-01T08:15,79653.885
2014-12-01T08:30,80086.164
2014-12-01T08:45,73146.508
2014-12-01T09:00,71176.395
2014-12-01T09:15,70536.955
2014-12-01T09:30,67623.997
2014-12-01T09:45,56288.736
2014-12-01T10:00,28688.942
2014-12-01T10:15,59301.332
2014-12-01T10:30,66354.762
2014-12-01T10:45,74399.796
2014-12-01T11:00,80724.664
2014-12-01T11:15,78716.589
2014-12-01T11:30,72136.726
2014-12-01T11:45,57608.353
2014-12-01T12:00,53292.055
2014-12-01T12:15,62234.291
2014-12-01T12:30,59214.046
2014-12-01T12:45,60192.915
2014-12-01T13:00,62761.127
2014-12-01T13:15,45864.09
2014-12-01T13:30,54643.455
2014-12-01T13:45,36763.241
2014-12-01T14:00,29425.098
2014-12-01T14:15,33184.466
2014-12-01T14:30,19171.1
2014-12-01T14:45,2649.123
2014-12-01T15:00,26370.157
2014-12-01T15:15,58669.866
2014-12-01T15:30,39505.794
2014-12-01T15:45,17908.867
2014-12-01T16:00,2962.867
2014-12-01T16:15,9626.252
2014-12-01T16:30,47112.085
2014-12-01T16:45,67108.685
2014-12-01T17:00,70433.019
2014-12-01T17:15,48981.914
2014-12-01T17:30,51330.088
2014-12-01T17:45,46578.093
2014-12-01T18:00,42675.777
2014-12-01T18:15,41639.829
2014-12-01T18:30,42576.496
2014-12-01T18:45,40364.725
2014-12-01T19:00,41985.9
2014-12-01T19:15,38450.388
2014-12-01T19:30,39169.19
2014-12-01T19:45,35698.765
2014-12-01T20:00,39087.961
2014-12-01T20:15,29581.583
2014-12-01T20:30,28596.416
2014-12-01T20:45,26760.535
2014-12-01T21:00,26794.628
2014-12-01T21:15,30302.998
2014-12-01T21:30,33237.509
2014-12-01T21:45,27296.828
2014-12-01T22:00,25605.432
2014-12-01T22:15,35652.759
2014-12-01T22:30,29632.17
2014-12-01T22:45,22937.992
2014-12-01T23:00,21690.013
2014-12-01T23:15,19803.804
2014-12-01T23:30,23194.987
2014-12-01T23:45,19445.737
2014-12-02T00:00,20332.867
2014-12-02T00:15,25526.564
2014-12-02T00:30,13995.763
2014-12-02T00:45,14738.443
2014-12-02T01:00,17736.457
2014-12-02T01:15,14447.273
2014-12-02T01:30,17333.582
2014-12-02T01:45,13554.801
2014-12-02T02:00,13953.093
2014-12-02T02:15,14652.944
2014-12-02T02:30,15456.209
2014-12-02T02:45,15498.422
2014-12-02T03:00,18839.495
2014-12-02T03:15,20586.345
2014-12-02T03:30,20771.59
2014-12-02T03:45,21408.602
2014-12-02T04:00,26299.296
2014-12-02T04:15,22463.909
2014-12-02T04:30,21682.438
2014-12-02T04:45,22489.565
2014-12-02T05:00,21529.975
2014-12-02T05:15,26529.175
2014-12-02T05:30,25956.474
2014-12-02T05:45,19104.762
2014-12-02T06:00,17662.742
2014-12-02T06:15,22006.03
2014-12-02T06:30,27500.599
2014-12-02T06:45,32683.337
2014-12-02T07:00,37171.45
2014-12-02T07:15,69334.388
2014-12-02T07:30,82260.632
2014-12-02T07:45,78662.447
2014-12-02T08:00,76670.101
2014-12-02T08:15,68510.862
2014-12-02T08:30,71188.461
2014-12-02T08:45,69995.98
2014-12-02T09:00,69305.253
2014-12-02T09:15,67979.606
2014-12-02T09:30,70862.653
2014-12-02T09:45,56691.618
2014-12-02T10:00,36037.773
2014-12-02T10:15,30097.7
2014-12-02T10:30,33267.67
2014-12-02T10:45,29785.162
2014-12-02T11:00,30619.637
2014-12-02T11:15,25026.297
2014-12-02T11:30,18866.006
2014-12-02T11:45,27629.882
2014-12-02T12:00,23051.442
2014-12-02T12:15,3148.957
2014-12-02T12:30,291.064
2014-12-02T12:45,15794.941
2014-12-02T13:00,23463.939
2014-12-02T13:15,4661.943
2014-12-02T13:30,3693.185
2014-12-02T13:45,1362.895
2014-12-02T14:00,354.505
2014-12-02T14:15,4807.599
2014-12-02T14:30,16132.681
2014-12-02T14:45,24383.729
2014-12-02T15:00,28364.137
2014-12-02T15:15,34644.012
2014-12-02T15:30,55761.37
2014-12-02T15:45,47195.157
2014-12-02T16:00,46216.389
2014-12-02T16:15,55825.714
2014-12-02T16:30,60056.689
2014-12-02T16:45,70993.788
2014-12-02T17:00,62566.328
2014-12-02T17:15,71797.64
2014-12-02T17:30,54897.428
2014-12-02T17:45,38434.836
2014-12-02T18:00,39823.661
2014-12-02T18:15,40410.907
2014-12-02T18:30,43236.512
2014-12-02T18:45,35623.233
2014-12-02T19:00,38711.642
2014-12-02T19:15,35534.704
2014-12-02T19:30,35341.01
2014-12-02T19:45,29275.375
2014-12-02T20:00,31901.311
2014-12-02T20:15,29581.367
2014-12-02T20:30,32605.118
2014-12-02T20:45,32007.363
2014-12-02T21:00,31222.52
2014-12-02T21:15,34854.838
2014-12-02T21:30,31404.947
2014-12-02T21:45,25283.286
2014-12-02T22:00,32509.741
2014-12-02T22:15,37169.545
2014-12-02T22:30,28610.084
2014-12-02T22:45,26074.057
2014-12-02T23:00,27668.844
2014-12-02T23:15,26777.901
2014-12-02T23:30,27288.156
2014-12-02T23:45,25133.883
2014-12-03T00:00,26034.434
2014-12-03T00:15,31214.528
2014-12-03T00:30,22152.842
2014-12-03T00:45,21962.015
2014-12-03T01:00,23679.097
2014-12-03T01:15,21707.206
2014-12-03T01:30,22504.13
2014-12-03T01:45,15882.83
2014-12-03T02:00,15407.813
2014-12-03T02:15,15438.163
2014-12-03T02:30,14163.402
2014-12-03T02:45,15487.334
2014-12-03T03:00,18328.541
2014-12-03T03:15,18683.816
2014-12-03T03:30,19114.172
2014-12-03T03:45,19817.869
2014-12-03T04:00,19199.779
2014-12-03T04:15,21457.656
2014-12-03T04:30,21530.728
2014-12-03T04:45,28773.148
2014-12-03T05:00,22194.562
2014-12-03T05:15,22029.64
2014-12-03T05:30,19814.844
2014-12-03T05:45,19566.457
2014-12-03T06:00,22730.295
2014-12-03T06:15,22701.503
2014-12-03T06:30,20255.052
2014-12-03T06:45,24909.239
2014-12-03T07:00,25442.509
2014-12-03T07:15,37707.108
2014-12-03T07:30,33341.339
2014-12-03T07:45,27577.186
2014-12-03T08:00,26213.061
2014-12-03T08:15,22073.916
2014-12-03T08:30,21923.987
2014-12-03T08:45,28656.584
2014-12-03T09:00,24771.575
2014-12-03T09:15,24514.351
2014-12-03T09:30,23359.836
2014-12-03T09:45,19521.633
2014-12-03T10:00,18282.667
2014-12-03T10:15,11212.591
2014-12-03T10:30,5006.353
2014-12-03T10:45,8632.986
2014-12-03T11:00,9983.867
2014-12-03T11:15,12170.627
2014-12-03T11:30,14669.179
2014-12-03T11:45,5192.572
2014-12-03T12:00,838.056
2014-12-03T12:15,405.001
2014-12-03T12:30,460.548
2014-12-03T12:45,732.317
2014-12-03T13:00,2241.953
2014-12-03T13:15,495.419
2014-12-03T13:30,2426.576
2014-12-03T13:45,1305.729
2014-12-03T14:00,602.839
2014-12-03T14:15,779.016
2014-12-03T14:30,2794.824
2014-12-03T14:45,4108.452
2014-12-03T15:00,5989.614
2014-12-03T15:15,18588.63
2014-12-03T15:30,15283.723
2014-12-03T15:45,6107.022
2014-12-03T16:00,10430.375
2014-12-03T16:15,11369.219
2014-12-03T16:30,24690.192
2014-12-03T16:45,27471.276
2014-12-03T17:00,27939.667
2014-12-03T17:15,35742.198
2014-12-03T17:30,34179.773
2014-12-03T17:45,38518.094
2014-12-03T18:00,44053.014
2014-12-03T18:15,35660.159
2014-12-03T18:30,34639.514
2014-12-03T18:45,35966.648
2014-12-03T19:00,39320.032
2014-12-03T19:15,40203.248
2014-12-03T19:30,33090.018
2014-12-03T19:45,32570.215
2014-12-03T20:00,36946.878
2014-12-03T20:15,31881.868
2014-12-03T20:30,35452.263
2014-12-03T20:45,33009.566
2014-12-03T21:00,29133.199
2014-12-03T21:15,35570.265
2014-12-03T21:30,28159.658
2014-12-03T21:45,26851.391
2014-12-03T22:00,29477.575
2014-12-03T22:15,37221.309
2014-12-03T22:30,25058.337
2014-12-03T22:45,20682.46
2014-12-03T23:00,20245.512
2014-12-03T23:15,21359.598
2014-12-03T23:30,20646.753
2014-12-03T23:45,18946.353
2014-12-04T00:00,22748.965
2014-12-04T00:15,25762.784
2014-12-04T00:30,13392.365
2014-12-04T00:45,14696.057
2014-12-04T01:00,18273.028
2014-12-04T01:15,19971.124
2014-12-04T01:30,10161.944
2014-12-04T01:45,9013.038
2014-12-04T02:00,10512.554
2014-12-04T02:15,9024.145
2014-12-04T02:30,10404.844
2014-12-04T02:45,9310.985
2014-12-04T03:00,13451.496
2014-12-04T03:15,14666.209
2014-12-04T03:30,16738.689
2014-12-04T03:45,15979.348
2014-12-04T04:00,16293.656
2014-12-04T04:15,19162.262
2014-12-04T04:30,22864.602
2014-12-04T04:45,19986.356
2014-12-04T05:00,18275.093
2014-12-04T05:15,19049.732
2014-12-04T05:30,18381.126
2014-12-04T05:45,22177.869
2014-12-04T06:00,22227.962
2014-12-04T06:15,18152.786
2014-12-04T06:30,19230.36
2014-12-04T06:45,21725.511
2014-12-04T07:00,53457.338
2014-12-04T07:15,74688.564
2014-12-04T07:30,64378.343
2014-12-04T07:45,65918.381
2014-12-04T08:00,67528.23
2014-12-04T08:15,66491.492
2014-12-04T08:30,67631.359
2014-12-04T08:45,65287.786
2014-12-04T09:00,68538.116
2014-12-04T09:15,69259.865
2014-12-04T09:30,72434.496
2014-12-04T09:45,66140.256
2014-12-04T10:00,55075.129
2014-12-04T10:15,53938.663
2014-12-04T10:30,47833.647
2014-12-04T10:45,54499.371
2014-12-04T11:00,58079.162
2014-12-04T11:15,54299.044
2014-12-04T11:30,64726.676
2014-12-04T11:45,63154.966
2014-12-04T12:00,67875.858
2014-12-04T12:15,68770.538
2014-12-04T12:30,64807.709
2014-12-04T12:45,44654.962
2014-12-04T13:00,32252.945
2014-12-04T13:15,58348.989
2014-12-04T13:30,59265.379
2014-12-04T13:45,56213.307
2014-12-04T14:00,57280.093
2014-12-04T14:15,53614.822
2014-12-04T14:30,47647.048
2014-12-04T14:45,56890.001
2014-12-04T15:00,59112.132
2014-12-04T15:15,56042.154
2014-12-04T15:30,63659.492
2014-12-04T15:45,59790.266
2014-12-04T16:00,57942.365
2014-12-04T16:15,62120.563
2014-12-04T16:30,64782.287
2014-12-04T16:45,65580.206
2014-12-04T17:00,63409.276
2014-12-04T17:15,64627.076
2014-12-04T17:30,65604.392
2014-12-04T17:45,40009.231
2014-12-04T18:00,35816.575
2014-12-04T18:15,35023.95
2014-12-04T18:30,37525.137
2014-12-04T18:45,35965.31
2014-12-04T19:00,39704.932
2014-12-04T19:15,33463.242
2014-12-04T19:30,32795.334
2014-12-04T19:45,28330.968
2014-12-04T20:00,26914.484
2014-12-04T20:15,27908.414
2014-12-04T20:30,30839.042
2014-12-04T20:45,23455.665
2014-12-04T21:00,24368.228
2014-12-04T21:15,25962.727
2014-12-04T21:30,16533.872
2014-12-04T21:45,20502.457
2014-12-04T22:00,20901.181
2014-12-04T22:15,29644.197
2014-12-04T22:30,20689.98
2014-12-04T22:45,15304.714
2014-12-04T23:00,14728.922
2014-12-04T23:15,15051.689
2014-12-04T23:30,15014.048
2014-12-04T23:45,15198.863
2014-12-05T00:00,20370.232
2014-12-05T00:15,19468.431
2014-12-05T00:30,12470.114
2014-12-05T00:45,9787.221
2014-12-05T01:00,14927.236
2014-12-05T01:15,9367.02
2014-12-05T01:30,9712.854
2014-12-05T01:45,8827.235
2014-12-05T02:00,9497.778
2014-12-05T02:15,9719.939
2014-12-05T02:30,9108.959
2014-12-05T02:45,9180.311
2014-12-05T03:00,13337.421
2014-12-05T03:15,13387.463
2014-12-05T03:30,15887.978
2014-12-05T03:45,15773.367
2014-12-05T04:00,16077.261
2014-12-05T04:15,17177.281
2014-12-05T04:30,21456.598
2014-12-05T04:45,16721.899
2014-12-05T05:00,19097.367
2014-12-05T05:15,17880.592
2014-12-05T05:30,17397.502
2014-12-05T05:45,22849.497
2014-12-05T06:00,18094.957
2014-12-05T06:15,17327.687
2014-12-05T06:30,18543.875
2014-12-05T06:45,22603.71
2014-12-05T07:00,59657.705
2014-12-05T07:15,84497.527
2014-12-05T07:30,71107.527
2014-12-05T07:45,72067.568
2014-12-05T08:00,72164.672
2014-12-05T08:15,68063.78
2014-12-05T08:30,82049.184
2014-12-05T08:45,72248.586
2014-12-05T09:00,63181.689
2014-12-05T09:15,60407.974
2014-12-05T09:30,57265.382
2014-12-05T09:45,37492.111
2014-12-05T10:00,25438.399
2014-12-05T10:15,53030.642
2014-12-05T10:30,53758.003
2014-12-05T10:45,52614.055
2014-12-05T11:00,71275.501
2014-12-05T11:15,64935.716
2014-12-05T11:30,57454.851
2014-12-05T11:45,50310.716
2014-12-05T12:00,36067.355
2014-12-05T12:15,33957.406
2014-12-05T12:30,9584.125
2014-12-05T12:45,22731.913
2014-12-05T13:00,49025.985
2014-12-05T13:15,33840.1
2014-12-05T13:30,19648.599
2014-12-05T13:45,41124.322
2014-12-05T14:00,33167.399
2014-12-05T14:15,32061.15
2014-12-05T14:30,14048.717
2014-12-05T14:45,29294.906
2014-12-05T15:00,18325.844
2014-12-05T15:15,46911.071
2014-12-05T15:30,58315.227
2014-12-05T15:45,54457.582
2014-12-05T16:00,51821.482
2014-12-05T16:15,55545.9
2014-12-05T16:30,52381.598
2014-12-05T16:45,52421.237
2014-12-05T17:00,56535.979
2014-12-05T17:15,52176.774
2014-12-05T17:30,35817.797
2014-12-05T17:45,41247.264
2014-12-05T18:00,38829.711
2014-12-05T18:15,41588.626
2014-12-05T18:30,34530.195
2014-12-05T18:45,36913.744
2014-12-05T19:00,45458.97
2014-12-05T19:15,44935.409
2014-12-05T19:30,38589.278
2014-12-05T19:45,33250.66
2014-12-05T20:00,33962.438
2014-12-05T20:15,35866.455
2014-12-05T20:30,33971.808
2014-12-05T20:45,28153.864
2014-12-05T21:00,30508.187
2014-12-05T21:15,32573.914
2014-12-05T21:30,31739.776
2014-12-05T21:45,35254.241
2014-12-05T22:00,33199.163
2014-12-05T22:15,40704.526
2014-12-05T22:30,31287.435
2014-12-05T22:45,23454.793
2014-12-05T23:00,23058.431
2014-12-05T23:15,22918.371
2014-12-05T23:30,23247.27
2014-12-05T23:45,24358.868
2014-12-06T00:00,24908.408
2014-12-06T00:15,26058.545
2014-12-06T00:30,16600.483
2014-12-06T00:45,15151.309
2014-12-06T01:00,21018.849
2014-12-06T01:15,24568.988
2014-12-06T01:30,21413.384
2014-12-06T01:45,15958.204
2014-12-06T02:00,15645.793
2014-12-06T02:15,17998.85
2014-12-06T02:30,18958.823
2014-12-06T02:45,15781.073
2014-12-06T03:00,18706.703
2014-12-06T03:15,28988.779
2014-12-06T03:30,19818.664
2014-12-06T03:45,19923.736
2014-12-06T04:00,20068.538
2014-12-06T04:15,20897.115
2014-12-06T04:30,21739.054
2014-12-06T04:45,23160.602
2014-12-06T05:00,28610.079
2014-12-06T05:15,20971.663
2014-12-06T05:30,14408.524
2014-12-06T05:45,13889.225
2014-12-06T06:00,14599.369
2014-12-06T06:15,15117.199
2014-12-06T06:30,17610.33
2014-12-06T06:45,18569.643
2014-12-06T07:00,58597.417
2014-12-06T07:15,77152.705
2014-12-06T07:30,69094.598
2014-12-06T07:45,67468.01
2014-12-06T08:00,70458.355
2014-12-06T08:15,67916.686
2014-12-06T08:30,66023.981
2014-12-06T08:45,75611.603
2014-12-06T09:00,71406.886
2014-12-06T09:15,60647.251
2014-12-06T09:30,54835.337
2014-12-06T09:45,42710.249
2014-12-06T10:00,19615.783
2014-12-06T10:15,48279.403
2014-12-06T10:30,55104.989
2014-12-06T10:45,62162.409
2014-12-06T11:00,52055.994
2014-12-06T11:15,49268.803
2014-12-06T11:30,40215.554
2014-12-06T11:45,43105.847
2014-12-06T12:00,41385.177
2014-12-06T12:15,33056.369
2014-12-06T12:30,15898.874
2014-12-06T12:45,40945.852
2014-12-06T13:00,56238.934
2014-12-06T13:15,56130.704
2014-12-06T13:30,42868.823
2014-12-06T13:45,39685.922
2014-12-06T14:00,40412.676
2014-12-06T14:15,46891.805
2014-12-06T14:30,47720.558
2014-12-06T14:45,43302.389
2014-12-06T15:00,24791.57
2014-12-06T15:15,34225.587
2014-12-06T15:30,33637.382
2014-12-06T15:45,26146.83
2014-12-06T16:00,26849.194
2014-12-06T16:15,27926.842
2014-12-06T16:30,28842.986
2014-12-06T16:45,35856.991
2014-12-06T17:00,42977.426
2014-12-06T17:15,48714.253
2014-12-06T17:30,43573.973
2014-12-06T17:45,37769.885
2014-12-06T18:00,39920.429
2014-12-06T18:15,40592.926
2014-12-06T18:30,44515.199
2014-12-06T18:45,33338.664
2014-12-06T19:00,35466.527
2014-12-06T19:15,35452.19
2014-12-06T19:30,28368.044
2014-12-06T19:45,28137.942
2014-12-06T20:00,27140.906
2014-12-06T20:15,27563.642
2014-12-06T20:30,29218.749
2014-12-06T20:45,29934.146
2014-12-06T21:00,25071.288
2014-12-06T21:15,23425.883
2014-12-06T21:30,20069.995
2014-12-06T21:45,20260.075
2014-12-06T22:00,21057.694
2014-12-06T22:15,29565.037
2014-12-06T22:30,17798.589
2014-12-06T22:45,18304.953
2014-12-06T23:00,19202.464
2014-12-06T23:15,22163.724
2014-12-06T23:30,17912.587
2014-12-06T23:45,16780.352
2014-12-07T00:00,16706.372
2014-12-07T00:15,21122.729
2014-12-07T00:30,12863.625
2014-12-07T00:45,14722.953
2014-12-07T01:00,15158.323
2014-12-07T01:15,18858.006
2014-12-07T01:30,16266.021
2014-12-07T01:45,22668.658
2014-12-07T02:00,13436.593
2014-12-07T02:15,13884.343
2014-12-07T02:30,12693.86
2014-12-07T02:45,11856.865
2014-12-07T03:00,17699.637
2014-12-07T03:15,25154.017
2014-12-07T03:30,16078.886
2014-12-07T03:45,16893.981
2014-12-07T04:00,17122.428
2014-12-07T04:15,17521.828
2014-12-07T04:30,18167.58
2014-12-07T04:45,21581.876
2014-12-07T05:00,18175.009
2014-12-07T05:15,15260.774
2014-12-07T05:30,15363.177
2014-12-07T05:45,19997.558
2014-12-07T06:00,14018.856
2014-12-07T06:15,15065.291
2014-12-07T06:30,14453.245
2014-12-07T06:45,19295.931
2014-12-07T07:00,66665.019
2014-12-07T07:15,78856.808
2014-12-07T07:30,66485.282
2014-12-07T07:45,71097.023
2014-12-07T08:00,75499.615
2014-12-07T08:15,74264.063
2014-12-07T08:30,65482.469
2014-12-07T08:45,70445.918
2014-12-07T09:00,72787.785
2014-12-07T09:15,64473.358
2014-12-07T09:30,60589.085
2014-12-07T09:45,58419.874
2014-12-07T10:00,40355.884
2014-12-07T10:15,49846.742
2014-12-07T10:30,47703.301
2014-12-07T10:45,54970.605
2014-12-07T11:00,63634.314
2014-12-07T11:15,55666.734
2014-12-07T11:30,50609.931
2014-12-07T11:45,54564.907
2014-12-07T12:00,46812.176
2014-12-07T12:15,38779.342
2014-12-07T12:30,35423.981
2014-12-07T12:45,42939.002
2014-12-07T13:00,36765.18
2014-12-07T13:15,43318.179
2014-12-07T13:30,37636.646
2014-12-07T13:45,27261.947
2014-12-07T14:00,30059.125
2014-12-07T14:15,12363.416
2014-12-07T14:30,17911.176
2014-12-07T14:45,2351.022
2014-12-07T15:00,678.038
2014-12-07T15:15,511.315
2014-12-07T15:30,430.404
2014-12-07T15:45,464.957
2014-12-07T16:00,283.797
2014-12-07T16:15,1371.734
2014-12-07T16:30,989.655
2014-12-07T16:45,17127.874
2014-12-07T17:00,24103.167
2014-12-07T17:15,29560.109
2014-12-07T17:30,25903.793
2014-12-07T17:45,33574.712
2014-12-07T18:00,33101.509
2014-12-07T18:15,32716.683
2014-12-07T18:30,30847.895
2014-12-07T18:45,24665.643
2014-12-07T19:00,27394.77
2014-12-07T19:15,20675.578
2014-12-07T19:30,19621.428
2014-12-07T19:45,21068.71
2014-12-07T20:00,21749.914
2014-12-07T20:15,20116.027
2014-12-07T20:30,20156.144
2014-12-07T20:45,23339.402
2014-12-07T21:00,23899.313
2014-12-07T21:15,30477.526
2014-12-07T21:30,25804.364
2014-12-07T21:45,23633.76
2014-12-07T22:00,23308.978
2014-12-07T22:15,32193.105
2014-12-07T22:30,24961.739
2014-12-07T22:45,20464.619
2014-12-07T23:00,20357.559
2014-12-07T23:15,30408.184
2014-12-07T23:30,25366.341
2014-12-07T23:45,18917.01
2014-12-08T00:00,20911.754
2014-12-08T00:15,22105.196
2014-12-08T00:30,14307.249
2014-12-08T00:45,15857.539
2014-12-08T01:00,13160.022
2014-12-08T01:15,10775.326
2014-12-08T01:30,9963.128
2014-12-08T01:45,9872.469
2014-12-08T02:00,10284.024
2014-12-08T02:15,9775.317
2014-12-08T02:30,11405.294
2014-12-08T02:45,11418.959
2014-12-08T03:00,19318.143
2014-12-08T03:15,17916.342
2014-12-08T03:30,15845.543
2014-12-08T03:45,14835.57
2014-12-08T04:00,15986.771
2014-12-08T04:15,15259.452
2014-12-08T04:30,15177.415
2014-12-08T04:45,19685.911
2014-12-08T05:00,17375.854
2014-12-08T05:15,14705.902
2014-12-08T05:30,13055.251
2014-12-08T05:45,15568.581
2014-12-08T06:00,18316.535
2014-12-08T06:15,12638.654
2014-12-08T06:30,13750.607
2014-12-08T06:45,16725.76
2014-12-08T07:00,24221.876
2014-12-08T07:15,30625.667
2014-12-08T07:30,31972.696
2014-12-08T07:45,31351.537
2014-12-08T08:00,30557.394
2014-12-08T08:15,40452.226
2014-12-08T08:30,65322.881
2014-12-08T08:45,67074.661
2014-12-08T09:00,61998.065
2014-12-08T09:15,37396.27
2014-12-08T09:30,69061.383
2014-12-08T09:45,66945.673
2014-12-08T10:00,75239.629
2014-12-08T10:15,66864.469
2014-12-08T10:30,67283.212
2014-12-08T10:45,63163.199
2014-12-08T11:00,56426.668
2014-12-08T11:15,56197.888
2014-12-08T11:30,70448.984
2014-12-08T11:45,70653.501
2014-12-08T12:00,45191.413
2014-12-08T12:15,31487.263
2014-12-08T12:30,48047.869
2014-12-08T12:45,52152.752
2014-12-08T13:00,58906.449
2014-12-08T13:15,49740.653
2014-12-08T13:30,22596.602
2014-12-08T13:45,30258.42
2014-12-08T14:00,42322.313
2014-12-08T14:15,39572.751
2014-12-08T14:30,27523.259
2014-12-08T14:45,59547.834
2014-12-08T15:00,58869.285
2014-12-08T15:15,44510.676
2014-12-08T15:30,66751.255
2014-12-08T15:45,67049.362
2014-12-08T16:00,65994.375
2014-12-08T16:15,70075.276
2014-12-08T16:30,68924.816
2014-12-08T16:45,52331.809
2014-12-08T17:00,66320.43
2014-12-08T17:15,76124.146
2014-12-08T17:30,62745.028
2014-12-08T17:45,39723.465
2014-12-08T18:00,37464.418
2014-12-08T18:15,29406.645
2014-12-08T18:30,27794.463
2014-12-08T18:45,27480.87
2014-12-08T19:00,42080.12
2014-12-08T19:15,26915.839
2014-12-08T19:30,24175.449
2014-12-08T19:45,26023.535
2014-12-08T20:00,26970.088
2014-12-08T20:15,26683.338
2014-12-08T20:30,25572.394
2014-12-08T20:45,25758.683
2014-12-08T21:00,29788.918
2014-12-08T21:15,23710.217
2014-12-08T21:30,22931.736
2014-12-08T21:45,22356.071
2014-12-08T22:00,24680.396
2014-12-08T22:15,17215.154
2014-12-08T22:30,15965.337
2014-12-08T22:45,20366.259
2014-12-08T23:00,21526.966
2014-12-08T23:15,31134.728
2014-12-08T23:30,17594.612
2014-12-08T23:45,16440.174
2014-12-09T00:00,14889.701
2014-12-09T00:15,16133.674
2014-12-09T00:30,20295.716
2014-12-09T00:45,21299.343
2014-12-09T01:00,31887.086
2014-12-09T01:15,20057.79
2014-12-09T01:30,18990.804
2014-12-09T01:45,19263.089
2014-12-09T02:00,16344.748
2014-12-09T02:15,17663.474
2014-12-09T02:30,17947.077
2014-12-09T02:45,17746.402
2014-12-09T03:00,17211.084
2014-12-09T03:15,21157.134
2014-12-09T03:30,28029.708
2014-12-09T03:45,23904.361
2014-12-09T04:00,23234.321
2014-12-09T04:15,23592.77
2014-12-09T04:30,23318.595
2014-12-09T04:45,27364.313
2014-12-09T05:00,28374.593
2014-12-09T05:15,24151.125
2014-12-09T05:30,24806.91
2014-12-09T05:45,24919.465
2014-12-09T06:00,21853.756
2014-12-09T06:15,24389.85
2014-12-09T06:30,21378.785
2014-12-09T06:45,25486.301
2014-12-09T07:00,67422.719
2014-12-09T07:15,83149.773
2014-12-09T07:30,75902.668
2014-12-09T07:45,72031.692
2014-12-09T08:00,69559.886
2014-12-09T08:15,72168.885
2014-12-09T08:30,73221.162
2014-12-09T08:45,67925.436
2014-12-09T09:00,60849.343
2014-12-09T09:15,55295.078
2014-12-09T09:30,58981.754
2014-12-09T09:45,55550.595
2014-12-09T10:00,64222.349
2014-12-09T10:15,61280.117
2014-12-09T10:30,55248.178
2014-12-09T10:45,55642.697
2014-12-09T11:00,54284.306
2014-12-09T11:15,58560.707
2014-12-09T11:30,45839.161
2014-12-09T11:45,59395.426
2014-12-09T12:00,55713.371
2014-12-09T12:15,62031.158
2014-12-09T12:30,38366.816
2014-12-09T12:45,49533.703
2014-12-09T13:00,72093.404
2014-12-09T13:15,54309.361
2014-12-09T13:30,57468.068
2014-12-09T13:45,49913.777
2014-12-09T14:00,28566.525
2014-12-09T14:15,40711.37
2014-12-09T14:30,46463.863
2014-12-09T14:45,46691.855
2014-12-09T15:00,50368.543
2014-12-09T15:15,56581.541
2014-12-09T15:30,44925.238
2014-12-09T15:45,55386.789
2014-12-09T16:00,53137.332
2014-12-09T16:15,58356.327
2014-12-09T16:30,33986.763
2014-12-09T16:45,23407.291
2014-12-09T17:00,31826.364
2014-12-09T17:15,31156.981
2014-12-09T17:30,25841.158
2014-12-09T17:45,29192.926
2014-12-09T18:00,27112.411
2014-12-09T18:15,27703.734
2014-12-09T18:30,30317.52
2014-12-09T18:45,28020.767
2014-12-09T19:00,42535.792
2014-12-09T19:15,31641.075
2014-12-09T19:30,23308.236
2014-12-09T19:45,26058.094
2014-12-09T20:00,38921.61
2014-12-09T20:15,37170.773
2014-12-09T20:30,45418.719
2014-12-09T20:45,54420.873
2014-12-09T21:00,43798.974
2014-12-09T21:15,40878.057
2014-12-09T21:30,38076.708
2014-12-09T21:45,36214.401
2014-12-09T22:00,46567.444
2014-12-09T22:15,32950.956
2014-12-09T22:30,29954.795
2014-12-09T22:45,27694.723
2014-12-09T23:00,32102.699
2014-12-09T23:15,35211.682
2014-12-09T23:30,24810.612
2014-12-09T23:45,18434.691
2014-12-10T00:00,18534.466
2014-12-10T00:15,19134.118
2014-12-10T00:30,24263.501
2014-12-10T00:45,17071.1
2014-12-10T01:00,33075.06
2014-12-10T01:15,18185.52
2014-12-10T01:30,19771.911
2014-12-10T01:45,16372.314
2014-12-10T02:00,16615.15
2014-12-10T02:15,15353.445
2014-12-10T02:30,16073.651
2014-12-10T02:45,15113.082
2014-12-10T03:00,18195.249
2014-12-10T03:15,18703.821
2014-12-10T03:30,22363.997
2014-12-10T03:45,26312.351
2014-12-10T04:00,22744.792
2014-12-10T04:15,20214.87
2014-12-10T04:30,19818.331
2014-12-10T04:45,19748.32
2014-12-10T05:00,21528.016
2014-12-10T05:15,19726.156
2014-12-10T05:30,19044.713
2014-12-10T05:45,18416.292
2014-12-10T06:00,18457.101
2014-12-10T06:15,19754.805
2014-12-10T06:30,23180.371
2014-12-10T06:45,20797.204
2014-12-10T07:00,34039.18
2014-12-10T07:15,26026.4
2014-12-10T07:30,26726.814
2014-12-10T07:45,19688.581
2014-12-10T08:00,20469.077
2014-12-10T08:15,23170.994
2014-12-10T08:30,25221.459
2014-12-10T08:45,27908.109
2014-12-10T09:00,22905.44
2014-12-10T09:15,24670.192
2014-12-10T09:30,30420.967
2014-12-10T09:45,21963.677
2014-12-10T10:00,31306.664
2014-12-10T10:15,17303.593
2014-12-10T10:30,13438.093
2014-12-10T10:45,13852.058
2014-12-10T11:00,17864.029
2014-12-10T11:15,18886.659
2014-12-10T11:30,20014.601
2014-12-10T11:45,24152.12
2014-12-10T12:00,20536.823
2014-12-10T12:15,23191.129
2014-12-10T12:30,26383.254
2014-12-10T12:45,31072.138
2014-12-10T13:00,43353.054
2014-12-10T13:15,23229.017
2014-12-10T13:30,25905.522
2014-12-10T13:45,22270.637
2014-12-10T14:00,21162.15
2014-12-10T14:15,21351.399
2014-12-10T14:30,22464.744
2014-12-10T14:45,21505.91
2014-12-10T15:00,20680.505
2014-12-10T15:15,24428.306
2014-12-10T15:30,28687.191
2014-12-10T15:45,31932.201
2014-12-10T16:00,30358.681
2014-12-10T16:15,32389.868
2014-12-10T16:30,28260.731
2014-12-10T16:45,36586.528
2014-12-10T17:00,34928.378
2014-12-10T17:15,29154.959
2014-12-10T17:30,31165.346
2014-12-10T17:45,30781.529
2014-12-10T18:00,30653.555
2014-12-10T18:15,35304.235
2014-12-10T18:30,30108.011
2014-12-10T18:45,26749.66
2014-12-10T19:00,40366.935
2014-12-10T19:15,31514.148
2014-12-10T19:30,33534.099
2014-12-10T19:45,30593.895
2014-12-10T20:00,30918.479
2014-12-10T20:15,30209.143
2014-12-10T20:30,22068.998
2014-12-10T20:45,19281.539
2014-12-10T21:00,19066.991
2014-12-10T21:15,21272.805
2014-12-10T21:30,21840.719
2014-12-10T21:45,19265.369
2014-12-10T22:00,31167.066
2014-12-10T22:15,21145.323
2014-12-10T22:30,21150.002
2014-12-10T22:45,18630.221
2014-12-10T23:00,18454.048
2014-12-10T23:15,20116.968
2014-12-10T23:30,17078.024
2014-12-10T23:45,15382.118
2014-12-11T00:00,18357.626
2014-12-11T00:15,15535.304
2014-12-11T00:30,12971.636
2014-12-11T00:45,12098.938
2014-12-11T01:00,26116.694
2014-12-11T01:15,12121.84
2014-12-11T01:30,13640.7
2014-12-11T01:45,10566.386
2014-12-11T02:00,10041.655
2014-12-11T02:15,9598.214
2014-12-11T02:30,10633.785
2014-12-11T02:45,9126.305
2014-12-11T03:00,10195.722
2014-12-11T03:15,11790.658
2014-12-11T03:30,16322.318
2014-12-11T03:45,23805.227
2014-12-11T04:00,21643.93
2014-12-11T04:15,16014.715
2014-12-11T04:30,18169.539
2014-12-11T04:45,21456.447
2014-12-11T05:00,20140.583
2014-12-11T05:15,25575.458
2014-12-11T05:30,21701.383
2014-12-11T05:45,20216.818
2014-12-11T06:00,20426.225
2014-12-11T06:15,19728.979
2014-12-11T06:30,24387.911
2014-12-11T06:45,28577.242
2014-12-11T07:00,52168.233
2014-12-11T07:15,74590.607
2014-12-11T07:30,72386.412
2014-12-11T07:45,70542.536
2014-12-11T08:00,76193.218
2014-12-11T08:15,79643.725
2014-12-11T08:30,65140.89
2014-12-11T08:45,69893.164
2014-12-11T09:00,69415.155
2014-12-11T09:15,71048.941
2014-12-11T09:30,69658.208
2014-12-11T09:45,65014.732
2014-12-11T10:00,66729.891
2014-12-11T10:15,50149.941
2014-12-11T10:30,48401.816
2014-12-11T10:45,44202.877
2014-12-11T11:00,53041.507
2014-12-11T11:15,54546.425
2014-12-11T11:30,60254.664
2014-12-11T11:45,63828.404
2014-12-11T12:00,60572.449
2014-12-11T12:15,66053.621
2014-12-11T12:30,67893.514
2014-12-11T12:45,66533.578
2014-12-11T13:00,87233.306
2014-12-11T13:15,66584.705
2014-12-11T13:30,63645.622
2014-12-11T13:45,57531.81
2014-12-11T14:00,56331.543
2014-12-11T14:15,46777.685
2014-12-11T14:30,41303.113
2014-12-11T14:45,35559.666
2014-12-11T15:00,40957.072
2014-12-11T15:15,50916.824
2014-12-11T15:30,50586.302
2014-12-11T15:45,50249.439
2014-12-11T16:00,55785.545
2014-12-11T16:15,62700.844
2014-12-11T16:30,65593.358
2014-12-11T16:45,60036.27
2014-12-11T17:00,41137.416
2014-12-11T17:15,33293.463
2014-12-11T17:30,64698.83
2014-12-11T17:45,42475.208
2014-12-11T18:00,38360.36
2014-12-11T18:15,41272.882
2014-12-11T18:30,46278.847
2014-12-11T18:45,35936.025
2014-12-11T19:00,49538.457
2014-12-11T19:15,36932.428
2014-12-11T19:30,44551.508
2014-12-11T19:45,29499.486
2014-12-11T20:00,24968.901
2014-12-11T20:15,21133.094
2014-12-11T20:30,20669.76
2014-12-11T20:45,18297.99
2014-12-11T21:00,18861.718
2014-12-11T21:15,27380.708
2014-12-11T21:30,20692.212
2014-12-11T21:45,17520.413
2014-12-11T22:00,26429.28
2014-12-11T22:15,21528.051
2014-12-11T22:30,23174.946
2014-12-11T22:45,19673.712
2014-12-11T23:00,17493.252
2014-12-11T23:15,15382.458
2014-12-11T23:30,13692.72
2014-12-11T23:45,15603.375
2014-12-12T00:00,14715.587
2014-12-12T00:15,13621.672
2014-12-12T00:30,20646.131
2014-12-12T00:45,14514.853
2014-12-12T01:00,26629.015
2014-12-12T01:15,19671.055
2014-12-12T01:30,24417.549
2014-12-12T01:45,17790.961
2014-12-12T02:00,19613.053
2014-12-12T02:15,10570.701
2014-12-12T02:30,11296.361
2014-12-12T02:45,12373.046
2014-12-12T03:00,10008.235
2014-12-12T03:15,12507.468
2014-12-12T03:30,16002.41
2014-12-12T03:45,15575.882
2014-12-12T04:00,16118.281
2014-12-12T04:15,18458.503
2014-12-12T04:30,9033.968
2014-12-12T04:45,14145.683
2014-12-12T05:00,14813.725
2014-12-12T05:15,14222.864
2014-12-12T05:30,14753.187
2014-12-12T05:45,14283.594
2014-12-12T06:00,19571.022
2014-12-12T06:15,17904.98
2014-12-12T06:30,13157.343
2014-12-12T06:45,17559.236
2014-12-12T07:00,28338.465
2014-12-12T07:15,35299.27
2014-12-12T07:30,35826.305
2014-12-12T07:45,30538.228
2014-12-12T08:00,41112.343
2014-12-12T08:15,36056.526
2014-12-12T08:30,38823.652
2014-12-12T08:45,37395.274
2014-12-12T09:00,32730.85
2014-12-12T09:15,24752.193
2014-12-12T09:30,25922.029
2014-12-12T09:45,28034.819
2014-12-12T10:00,26767.496
2014-12-12T10:15,31191.353
2014-12-12T10:30,25377.213
2014-12-12T10:45,24244.386
2014-12-12T11:00,20884.056
2014-12-12T11:15,29578.629
2014-12-12T11:30,32410.596
2014-12-12T11:45,29282.37
2014-12-12T12:00,29730.988
2014-12-12T12:15,27980.834
2014-12-12T12:30,27824.503
2014-12-12T12:45,36175.582
2014-12-12T13:00,42192.479
2014-12-12T13:15,38057.477
2014-12-12T13:30,34443.246
2014-12-12T13:45,26397.169
2014-12-12T14:00,23210.229
2014-12-12T14:15,16075.297
2014-12-12T14:30,19101.534
2014-12-12T14:45,15966.997
2014-12-12T15:00,10407.006
2014-12-12T15:15,18204.857
2014-12-12T15:30,6580.307
2014-12-12T15:45,5277.725
2014-12-12T16:00,6025.708
2014-12-12T16:15,2504.664
2014-12-12T16:30,28426.967
2014-12-12T16:45,30829.973
2014-12-12T17:00,27041.71
2014-12-12T17:15,33257.13
2014-12-12T17:30,33825.253
2014-12-12T17:45,30918.029
2014-12-12T18:00,34520.095
2014-12-12T18:15,32333.997
2014-12-12T18:30,25612.292
2014-12-12T18:45,36633.589
2014-12-12T19:00,37128.346
2014-12-12T19:15,28876.887
2014-12-12T19:30,25161.4
2014-12-12T19:45,20881.56
2014-12-12T20:00,24124.8
2014-12-12T20:15,21436.277
2014-12-12T20:30,21212.217
2014-12-12T20:45,22210.734
2014-12-12T21:00,22763.043
2014-12-12T21:15,20259.074
2014-12-12T21:30,20683.448
2014-12-12T21:45,17610.243
2014-12-12T22:00,25113.442
2014-12-12T22:15,22030.397
2014-12-12T22:30,17117.421
2014-12-12T22:45,13156.355
2014-12-12T23:00,12012.967
2014-12-12T23:15,10274.774
2014-12-12T23:30,8745.081
2014-12-12T23:45,10438.099
2014-12-13T00:00,10414.559
2014-12-13T00:15,8114.777
2014-12-13T00:30,7813.543
2014-12-13T00:45,8226.577
2014-12-13T01:00,17734.796
2014-12-13T01:15,17934.932
2014-12-13T01:30,20495.333
2014-12-13T01:45,15906.141
2014-12-13T02:00,17956.785
2014-12-13T02:15,6774.795
2014-12-13T02:30,8380.245
2014-12-13T02:45,7558.002
2014-12-13T03:00,7014.597
2014-12-13T03:15,8646.543
2014-12-13T03:30,13529.838
2014-12-13T03:45,12941.283
2014-12-13T04:00,13104.792
2014-12-13T04:15,11734.356
2014-12-13T04:30,12100.821
2014-12-13T04:45,15744.941
2014-12-13T05:00,18294.494
2014-12-13T05:15,17362.027
2014-12-13T05:30,17537.388
2014-12-13T05:45,18817.3
2014-12-13T06:00,18624.253
2014-12-13T06:15,18139.657
2014-12-13T06:30,25464.098
2014-12-13T06:45,20269.646
2014-12-13T07:00,27574.846
2014-12-13T07:15,32493.477
2014-12-13T07:30,30048.044
2014-12-13T07:45,28595.505
2014-12-13T08:00,33085.691
2014-12-13T08:15,26238.076
2014-12-13T08:30,27404.816
2014-12-13T08:45,27713.17
2014-12-13T09:00,25447.866
2014-12-13T09:15,22603.719
2014-12-13T09:30,22202.437
2014-12-13T09:45,21122.885
2014-12-13T10:00,25786.552
2014-12-13T10:15,23971.135
2014-12-13T10:30,13741.981
2014-12-13T10:45,5114.934
2014-12-13T11:00,332.371
2014-12-13T11:15,195.675
2014-12-13T11:30,1052.366
2014-12-13T11:45,440.648
2014-12-13T12:00,259.02
2014-12-13T12:15,191.02
2014-12-13T12:30,200.412
2014-12-13T12:45,312.965
2014-12-13T13:00,407.742
2014-12-13T13:15,195.356
2014-12-13T13:30,191.15
2014-12-13T13:45,191.211
2014-12-13T14:00,518.024
2014-12-13T14:15,1910.393
2014-12-13T14:30,2410.368
2014-12-13T14:45,8219.121
2014-12-13T15:00,17145.754
2014-12-13T15:15,15528.901
2014-12-13T15:30,12139.547
2014-12-13T15:45,15240.145
2014-12-13T16:00,15363.458
2014-12-13T16:15,18838.865
2014-12-13T16:30,25734.577
2014-12-13T16:45,37048.87
2014-12-13T17:00,35827.836
2014-12-13T17:15,34222.9
2014-12-13T17:30,29253.51
2014-12-13T17:45,32105.96
2014-12-13T18:00,32185.617
2014-12-13T18:15,28430.819
2014-12-13T18:30,25834.834
2014-12-13T18:45,28522.529
2014-12-13T19:00,31372.122
2014-12-13T19:15,34809.703
2014-12-13T19:30,25036.821
2014-12-13T19:45,24125.446
2014-12-13T20:00,26404.642
2014-12-13T20:15,20170.737
2014-12-13T20:30,17305.272
2014-12-13T20:45,19656.487
2014-12-13T21:00,19314.828
2014-12-13T21:15,17108.181
2014-12-13T21:30,17123.747
2014-12-13T21:45,16409.309
2014-12-13T22:00,22088.673
2014-12-13T22:15,22166.642
2014-12-13T22:30,19404.339
2014-12-13T22:45,16671.351
2014-12-13T23:00,16857.258
2014-12-13T23:15,14745.186
2014-12-13T23:30,11453.097
2014-12-13T23:45,13117.648
2014-12-14T00:00,12849.414
2014-12-14T00:15,10822.353
2014-12-14T00:30,10822.367
2014-12-14T00:45,11205.759
2014-12-14T01:00,20160.292
2014-12-14T01:15,18432.26
2014-12-14T01:30,22884.638
2014-12-14T01:45,16391.603
2014-12-14T02:00,17741.27
2014-12-14T02:15,8972.273
2014-12-14T02:30,8005.145
2014-12-14T02:45,8913.465
2014-12-14T03:00,9025.202
2014-12-14T03:15,10707.583
2014-12-14T03:30,14093.845
2014-12-14T03:45,15815.02
2014-12-14T04:00,15642.354
2014-12-14T04:15,14044.808
2014-12-14T04:30,14316.311
2014-12-14T04:45,16002.57
2014-12-14T05:00,18965.074
2014-12-14T05:15,21127.237
2014-12-14T05:30,24443.577
2014-12-14T05:45,19115.816
2014-12-14T06:00,17852.663
2014-12-14T06:15,18482.618
2014-12-14T06:30,19914.688
2014-12-14T06:45,23852.88
2014-12-14T07:00,28864.426
2014-12-14T07:15,40984.276
2014-12-14T07:30,34641.252
2014-12-14T07:45,33512.62
2014-12-14T08:00,30992.46
2014-12-14T08:15,40943.991
2014-12-14T08:30,36366.157
2014-12-14T08:45,38356.441
2014-12-14T09:00,35122.614
2014-12-14T09:15,26768.491
2014-12-14T09:30,26664.752
2014-12-14T09:45,23615.722
2014-12-14T10:00,26650.537
2014-12-14T10:15,28206.352
2014-12-14T10:30,19576.078
2014-12-14T10:45,20479.056
2014-12-14T11:00,23460.422
2014-12-14T11:15,18030.369
2014-12-14T11:30,11135.775
2014-12-14T11:45,13382.125
2014-12-14T12:00,7461.617
2014-12-14T12:15,16377.179
2014-12-14T12:30,8854.358
2014-12-14T12:45,6796.624
2014-12-14T13:00,20061.513
2014-12-14T13:15,31187.57
2014-12-14T13:30,18141.77
2014-12-14T13:45,5585.513
2014-12-14T14:00,7061.767
2014-12-14T14:15,2543.012
2014-12-14T14:30,10083.193
2014-12-14T14:45,14083.339
2014-12-14T15:00,5592.543
2014-12-14T15:15,13999.387
2014-12-14T15:30,20314.255
2014-12-14T15:45,23355.078
2014-12-14T16:00,29718.839
2014-12-14T16:15,36664.732
2014-12-14T16:30,28515.389
2014-12-14T16:45,28447.934
2014-12-14T17:00,37211.505
2014-12-14T17:15,32469.927
2014-12-14T17:30,29034.914
2014-12-14T17:45,28926.137
2014-12-14T18:00,30511.275
2014-12-14T18:15,36647.856
2014-12-14T18:30,36985.342
2014-12-14T18:45,31195.734
2014-12-14T19:00,45197.795
2014-12-14T19:15,46524.113
2014-12-14T19:30,22922.712
2014-12-14T19:45,23465.962
2014-12-14T20:00,18347.074
2014-12-14T20:15,16262.011
2014-12-14T20:30,18558.643
2014-12-14T20:45,20084.372
2014-12-14T21:00,19631.566
2014-12-14T21:15,21140.894
2014-12-14T21:30,21083.478
2014-12-14T21:45,18288.193
2014-12-14T22:00,24500.355
2014-12-14T22:15,26784.101
2014-12-14T22:30,18795.353
2014-12-14T22:45,16224.438
2014-12-14T23:00,15682.537
2014-12-14T23:15,17501.925
2014-12-14T23:30,16231.052
2014-12-14T23:45,13502.43
2014-12-15T00:00,13434.134
2014-12-15T00:15,12615.254
2014-12-15T00:30,12123.511
2014-12-15T00:45,12940.338
2014-12-15T01:00,24611.171
2014-12-15T01:15,27076.153
2014-12-15T01:30,25515.246
2014-12-15T01:45,19732.886
2014-12-15T02:00,22346.438
2014-12-15T02:15,12242.144
2014-12-15T02:30,12134.944
2014-12-15T02:45,12302.992
2014-12-15T03:00,14231.193
2014-12-15T03:15,14591.551
2014-12-15T03:30,17645.551
2014-12-15T03:45,19231.375
2014-12-15T04:00,16429.499
2014-12-15T04:15,14831.371
2014-12-15T04:30,12895.624
2014-12-15T04:45,15805.346
2014-12-15T05:00,20811.029
2014-12-15T05:15,18621.64
2014-12-15T05:30,17945.542
2014-12-15T05:45,19283.958
2014-12-15T06:00,16939.289
2014-12-15T06:15,16061.1
2014-12-15T06:30,23726.007
2014-12-15T06:45,21471.771
2014-12-15T07:00,38180.711
2014-12-15T07:15,37309.642
2014-12-15T07:30,39091.304
2014-12-15T07:45,34854.799
2014-12-15T08:00,27361.549
2014-12-15T08:15,24557.013
2014-12-15T08:30,30616.458
2014-12-15T08:45,31524.194
2014-12-15T09:00,32124.636
2014-12-15T09:15,36153.131
2014-12-15T09:30,35898.281
2014-12-15T09:45,23717.835
2014-12-15T10:00,23125.267
2014-12-15T10:15,23880.572
2014-12-15T10:30,33247.167
2014-12-15T10:45,22865.577
2014-12-15T11:00,15517.506
2014-12-15T11:15,13633.69
2014-12-15T11:30,17785.517
2014-12-15T11:45,10127.144
2014-12-15T12:00,28629.719
2014-12-15T12:15,17938.288
2014-12-15T12:30,16991.961
2014-12-15T12:45,21356.507
2014-12-15T13:00,15127.87
2014-12-15T13:15,9109.163
2014-12-15T13:30,11339.508
2014-12-15T13:45,25913.566
2014-12-15T14:00,26404.995
2014-12-15T14:15,19192.939
2014-12-15T14:30,7225.416
2014-12-15T14:45,8616.102
2014-12-15T15:00,13778.249
2014-12-15T15:15,12490.144
2014-12-15T15:30,11838.069
2014-12-15T15:45,5160.077
2014-12-15T16:00,11334.673
2014-12-15T16:15,24850.427
2014-12-15T16:30,18507.995
2014-12-15T16:45,27764.447
2014-12-15T17:00,24754.165
2014-12-15T17:15,27276.361
2014-12-15T17:30,30497.009
2014-12-15T17:45,35880.744
2014-12-15T18:00,44135.046
2014-12-15T18:15,34919.694
2014-12-15T18:30,34628.586
2014-12-15T18:45,27621.717
2014-12-15T19:00,40947.419
2014-12-15T19:15,40808.512
2014-12-15T19:30,34493.042
2014-12-15T19:45,17861.311
2014-12-15T20:00,18310.341
2014-12-15T20:15,20739.777
2014-12-15T20:30,17625.278
2014-12-15T20:45,16676.144
2014-12-15T21:00,16918.631
2014-12-15T21:15,17151.171
2014-12-15T21:30,16769.915
2014-12-15T21:45,18076.683
2014-12-15T22:00,23805.498
2014-12-15T22:15,26741.039
2014-12-15T22:30,21066.323
2014-12-15T22:45,18336.489
2014-12-15T23:00,17191.858
2014-12-15T23:15,16757.745
2014-12-15T23:30,17449.883
2014-12-15T23:45,12885.011
2014-12-16T00:00,11829.395
2014-12-16T00:15,12284.798
2014-12-16T00:30,9976.377
2014-12-16T00:45,11111.458
2014-12-16T01:00,21038.062
2014-12-16T01:15,22680.728
2014-12-16T01:30,22965.109
2014-12-16T01:45,20785.473
2014-12-16T02:00,17166.187
2014-12-16T02:15,11145.466
2014-12-16T02:30,9496.533
2014-12-16T02:45,9393.685
2014-12-16T03:00,8841.057
2014-12-16T03:15,11638.527
2014-12-16T03:30,16923.402
2014-12-16T03:45,19294.284
2014-12-16T04:00,16886.927
2014-12-16T04:15,14533.657
2014-12-16T04:30,14479.973
2014-12-16T04:45,16261.35
2014-12-16T05:00,19162.839
2014-12-16T05:15,19454.535
2014-12-16T05:30,18762.483
2014-12-16T05:45,22328.652
2014-12-16T06:00,19149.963
2014-12-16T06:15,17215.994
2014-12-16T06:30,16182.181
2014-12-16T06:45,20839.55
2014-12-16T07:00,32169.007
2014-12-16T07:15,32691.404
2014-12-16T07:30,25872.825
2014-12-16T07:45,18528.255
2014-12-16T08:00,23285.686
2014-12-16T08:15,19506.686
2014-12-16T08:30,20806.689
2014-12-16T08:45,22441.491
2014-12-16T09:00,21490.622
2014-12-16T09:15,24166.408
2014-12-16T09:30,23006.463
2014-12-16T09:45,16223.58
2014-12-16T10:00,16009.959
2014-12-16T10:15,19483.592
2014-12-16T10:30,17125.723
2014-12-16T10:45,13406.275
2014-12-16T11:00,15572.58
2014-12-16T11:15,14658.399
2014-12-16T11:30,14012.994
2014-12-16T11:45,22123.989
2014-12-16T12:00,14076.095
2014-12-16T12:15,16599.328
2014-12-16T12:30,14297.448
2014-12-16T12:45,14923.808
2014-12-16T13:00,28364.194
2014-12-16T13:15,22791.13
2014-12-16T13:30,29357.214
2014-12-16T13:45,7484.226
2014-12-16T14:00,11894.699
2014-12-16T14:15,13559.658
2014-12-16T14:30,26635.259
2014-12-16T14:45,21873.606
2014-12-16T15:00,28686.382
2014-12-16T15:15,30379.547
2014-12-16T15:30,32519.097
2014-12-16T15:45,24479.009
2014-12-16T16:00,23987.696
2014-12-16T16:15,26539.067
2014-12-16T16:30,26193.403
2014-12-16T16:45,31189.276
2014-12-16T17:00,35220.085
2014-12-16T17:15,37297.776
2014-12-16T17:30,38737.84
2014-12-16T17:45,38365.51
2014-12-16T18:00,34060.388
2014-12-16T18:15,34711.113
2014-12-16T18:30,33501.611
2014-12-16T18:45,32727.478
2014-12-16T19:00,38561.517
2014-12-16T19:15,35748.052
2014-12-16T19:30,33025.079
2014-12-16T19:45,21691.205
2014-12-16T20:00,19312.252
2014-12-16T20:15,20335.571
2014-12-16T20:30,20419.747
2014-12-16T20:45,18930.522
2014-12-16T21:00,19609.479
2014-12-16T21:15,18955.158
2014-12-16T21:30,20826.175
2014-12-16T21:45,18466.74
2014-12-16T22:00,27241.291
2014-12-16T22:15,28868.134
2014-12-16T22:30,20566.718
2014-12-16T22:45,25167.147
2014-12-16T23:00,40928.045
2014-12-16T23:15,31946.033
2014-12-16T23:30,29277.796
2014-12-16T23:45,25639.753
2014-12-17T00:00,25244.636
2014-12-17T00:15,23683.115
2014-12-17T00:30,20948.901
2014-12-17T00:45,21427.008
2014-12-17T01:00,28606.189
2014-12-17T01:15,29375.264
2014-12-17T01:30,28126.801
2014-12-17T01:45,22073.71
2014-12-17T02:00,18236.406
2014-12-17T02:15,9499.118
2014-12-17T02:30,6573.877
2014-12-17T02:45,7791.396
2014-12-17T03:00,7526.868
2014-12-17T03:15,12526.866
2014-12-17T03:30,13241.757
2014-12-17T03:45,11355.2
2014-12-17T04:00,7435.977
2014-12-17T04:15,8295.995
2014-12-17T04:30,8446.033
2014-12-17T04:45,10830.734
2014-12-17T05:00,14388.319
2014-12-17T05:15,13336.227
2014-12-17T05:30,13966.412
2014-12-17T05:45,14066.686
2014-12-17T06:00,13595.243
2014-12-17T06:15,13007.286
2014-12-17T06:30,14881.097
2014-12-17T06:45,17279.413
2014-12-17T07:00,27000.15
2014-12-17T07:15,32915.982
2014-12-17T07:30,16627.375
2014-12-17T07:45,20277.396
2014-12-17T08:00,21996.139
2014-12-17T08:15,20358.886
2014-12-17T08:30,21567.707
2014-12-17T08:45,21858.545
2014-12-17T09:00,18367.323
2014-12-17T09:15,20412.719
2014-12-17T09:30,26109.64
2014-12-17T09:45,22997.225
2014-12-17T10:00,26827.39
2014-12-17T10:15,30394.471
2014-12-17T10:30,21871.247
2014-12-17T10:45,15619.11
2014-12-17T11:00,12296.012
2014-12-17T11:15,18423.178
2014-12-17T11:30,14112.734
2014-12-17T11:45,10203.402
2014-12-17T12:00,9879.47
2014-12-17T12:15,6407.777
2014-12-17T12:30,6109.712
2014-12-17T12:45,5311.816
2014-12-17T13:00,16428.015
2014-12-17T13:15,15965.585
2014-12-17T13:30,17701.514
2014-12-17T13:45,12201.314
2014-12-17T14:00,8509.316
2014-12-17T14:15,2649.649
2014-12-17T14:30,833.352
2014-12-17T14:45,6425.958
2014-12-17T15:00,15276.41
2014-12-17T15:15,17403.165
2014-12-17T15:30,12340.719
2014-12-17T15:45,14885.805
2014-12-17T16:00,13497.907
2014-12-17T16:15,14515.379
2014-12-17T16:30,16388.692
2014-12-17T16:45,16841.379
2014-12-17T17:00,24322.592
2014-12-17T17:15,23106.489
2014-12-17T17:30,26734.742
2014-12-17T17:45,23205.452
2014-12-17T18:00,23590.562
2014-12-17T18:15,23215.52
2014-12-17T18:30,27327.532
2014-12-17T18:45,32704.706
2014-12-17T19:00,34597.309
2014-12-17T19:15,34014.694
2014-12-17T19:30,27370.725
2014-12-17T19:45,17381.276
2014-12-17T20:00,22017.937
2014-12-17T20:15,18491.164
2014-12-17T20:30,17075.338
2014-12-17T20:45,17736.47
2014-12-17T21:00,16503.719
2014-12-17T21:15,19004.99
2014-12-17T21:30,19689.415
2014-12-17T21:45,16902.32
2014-12-17T22:00,22859.871
2014-12-17T22:15,26642.067
2014-12-17T22:30,17741.133
2014-12-17T22:45,15931.687
2014-12-17T23:00,14312.784
2014-12-17T23:15,14737.873
2014-12-17T23:30,11274.178
2014-12-17T23:45,13723.005
2014-12-18T00:00,11581.217
2014-12-18T00:15,8551.195
2014-12-18T00:30,7881.4
2014-12-18T00:45,9478.219
2014-12-18T01:00,18396.903
2014-12-18T01:15,22806.787
2014-12-18T01:30,17610.526
2014-12-18T01:45,18597.56
2014-12-18T02:00,13875.552
2014-12-18T02:15,8210.584
2014-12-18T02:30,8250.56
2014-12-18T02:45,7590.53
2014-12-18T03:00,7395.919
2014-12-18T03:15,12792.592
2014-12-18T03:30,17610.516
2014-12-18T03:45,15971.823
2014-12-18T04:00,13065.684
2014-12-18T04:15,12684.376
2014-12-18T04:30,13490.449
2014-12-18T04:45,13870.423
2014-12-18T05:00,18553.214
2014-12-18T05:15,17524.908
2014-12-18T05:30,17223.143
2014-12-18T05:45,18781.447
2014-12-18T06:00,18618.066
2014-12-18T06:15,17811.644
2014-12-18T06:30,16712.512
2014-12-18T06:45,21491.277
2014-12-18T07:00,29686.147
2014-12-18T07:15,37515.455
2014-12-18T07:30,22842.495
2014-12-18T07:45,24604.448
2014-12-18T08:00,21955.499
2014-12-18T08:15,20724.856
2014-12-18T08:30,24582.818
2014-12-18T08:45,24231.527
2014-12-18T09:00,21095.034
2014-12-18T09:15,24648.074
2014-12-18T09:30,26588.044
2014-12-18T09:45,20775.083
2014-12-18T10:00,24740.512
2014-12-18T10:15,27330.315
2014-12-18T10:30,19768.064
2014-12-18T10:45,11572.509
2014-12-18T11:00,10666.011
2014-12-18T11:15,18289.225
2014-12-18T11:30,20056.818
2014-12-18T11:45,21946.764
2014-12-18T12:00,15234.987
2014-12-18T12:15,12417.771
2014-12-18T12:30,8841.11
2014-12-18T12:45,14286.671
2014-12-18T13:00,27920.91
2014-12-18T13:15,33426.576
2014-12-18T13:30,23680.961
2014-12-18T13:45,14987.631
2014-12-18T14:00,18321.521
2014-12-18T14:15,15049.771
2014-12-18T14:30,9960.303
2014-12-18T14:45,6679.657
2014-12-18T15:00,12913.392
2014-12-18T15:15,14916.534
2014-12-18T15:30,14926.398
2014-12-18T15:45,23236.983
2014-12-18T16:00,30389.931
2014-12-18T16:15,31330.909
2014-12-18T16:30,29741.117
2014-12-18T16:45,62120.549
2014-12-18T17:00,63529.989
2014-12-18T17:15,65150.415
2014-12-18T17:30,66948.107
2014-12-18T17:45,44954.596
2014-12-18T18:00,42407.368
2014-12-18T18:15,38557.162
2014-12-18T18:30,36959.547
2014-12-18T18:45,34573.207
2014-12-18T19:00,40234.857
2014-12-18T19:15,40915.124
2014-12-18T19:30,27177.747
2014-12-18T19:45,22531.983
2014-12-18T20:00,21735.862
2014-12-18T20:15,19229.576
2014-12-18T20:30,18800.005
2014-12-18T20:45,17072.291
2014-12-18T21:00,18167.906
2014-12-18T21:15,21366.195
2014-12-18T21:30,19902.9
2014-12-18T21:45,19731.807
2014-12-18T22:00,23523.125
2014-12-18T22:15,23930.644
2014-12-18T22:30,15085.717
2014-12-18T22:45,15265.287
2014-12-18T23:00,20175.2
2014-12-18T23:15,16111.41
2014-12-18T23:30,15243.736
2014-12-18T23:45,14428.515
2014-12-19T00:00,18574.338
2014-12-19T00:15,14624.275
2014-12-19T00:30,10924.465
2014-12-19T00:45,11337.535
2014-12-19T01:00,20350.091
2014-12-19T01:15,22771.95
2014-12-19T01:30,22588.199
2014-12-19T01:45,15542.195
2014-12-19T02:00,15302.926
2014-12-19T02:15,8764.288
2014-12-19T02:30,6890.934
2014-12-19T02:45,6914.961
2014-12-19T03:00,10058.797
2014-12-19T03:15,11763.661
2014-12-19T03:30,17282.44
2014-12-19T03:45,14638.757
2014-12-19T04:00,11569.251
2014-12-19T04:15,11930.102
2014-12-19T04:30,12453.278
2014-12-19T04:45,14048.177
2014-12-19T05:00,17061.933
2014-12-19T05:15,17624.297
2014-12-19T05:30,16413.308
2014-12-19T05:45,16553.206
2014-12-19T06:00,16149.918
2014-12-19T06:15,16418.082
2014-12-19T06:30,17933.269
2014-12-19T06:45,19753.304
2014-12-19T07:00,32457.973
2014-12-19T07:15,42472.831
2014-12-19T07:30,30092.715
2014-12-19T07:45,63654.143
2014-12-19T08:00,69671.602
2014-12-19T08:15,72690.56
2014-12-19T08:30,72563.069
2014-12-19T08:45,63554.024
2014-12-19T09:00,68479.5
2014-12-19T09:15,59212.301
2014-12-19T09:30,58395.065
2014-12-19T09:45,57464.999
2014-12-19T10:00,61862.969
2014-12-19T10:15,64820.707
2014-12-19T10:30,61090.62
2014-12-19T10:45,15710.9
2014-12-19T11:00,14589.545
2014-12-19T11:15,21541.398
2014-12-19T11:30,44842.922
2014-12-19T11:45,53445.091
2014-12-19T12:00,53898.596
2014-12-19T12:15,51088.548
2014-12-19T12:30,66108.793
2014-12-19T12:45,60174.024
2014-12-19T13:00,61279.425
2014-12-19T13:15,45830.824
2014-12-19T13:30,28804.491
2014-12-19T13:45,14795.3
2014-12-19T14:00,18647.058
2014-12-19T14:15,41511.3
2014-12-19T14:30,35669.357
2014-12-19T14:45,43015.364
2014-12-19T15:00,49957.657
2014-12-19T15:15,47229.877
2014-12-19T15:30,67690.406
2014-12-19T15:45,68433.033
2014-12-19T16:00,72502.588
2014-12-19T16:15,73750.542
2014-12-19T16:30,62461.681
2014-12-19T16:45,54614.017
2014-12-19T17:00,48918.031
2014-12-19T17:15,40873.91
2014-12-19T17:30,30742.085
2014-12-19T17:45,41444.606
2014-12-19T18:00,41562.213
2014-12-19T18:15,40282.383
2014-12-19T18:30,36407.725
2014-12-19T18:45,34865.721
2014-12-19T19:00,44189.923
2014-12-19T19:15,45871.168
2014-12-19T19:30,32299.69
2014-12-19T19:45,24983.596
2014-12-19T20:00,24608.194
2014-12-19T20:15,25825.182
2014-12-19T20:30,23922.188
2014-12-19T20:45,25923.094
2014-12-19T21:00,28349.936
2014-12-19T21:15,25534.081
2014-12-19T21:30,27643.54
2014-12-19T21:45,24368.292
2014-12-19T22:00,30228.525
2014-12-19T22:15,30102.691
2014-12-19T22:30,23061.251
2014-12-19T22:45,23460.554
2014-12-19T23:00,28660.641
2014-12-19T23:15,15907.516
2014-12-19T23:30,16771.197
2014-12-19T23:45,12697.315
2014-12-20T00:00,14322.167
2014-12-20T00:15,13388.63
2014-12-20T00:30,11133.065
2014-12-20T00:45,12636.475
2014-12-20T01:00,21174.229
2014-12-20T01:15,23396.137
2014-12-20T01:30,24468.933
2014-12-20T01:45,20375.327
2014-12-20T02:00,15012.776
2014-12-20T02:15,10533.206
2014-12-20T02:30,10135.1
2014-12-20T02:45,9809.895
2014-12-20T03:00,11805.809
2014-12-20T03:15,13142.825
2014-12-20T03:30,14164.793
2014-12-20T03:45,13104.876
2014-12-20T04:00,9061.873
2014-12-20T04:15,9781.769
2014-12-20T04:30,8783.991
2014-12-20T04:45,11713.966
2014-12-20T05:00,14693.514
2014-12-20T05:15,14570.639
2014-12-20T05:30,15465.786
2014-12-20T05:45,15023.702
2014-12-20T06:00,15073.246
2014-12-20T06:15,14178.96
2014-12-20T06:30,17293.602
2014-12-20T06:45,18243.27
2014-12-20T07:00,29446.778
2014-12-20T07:15,34472.645
2014-12-20T07:30,34846.093
2014-12-20T07:45,71996.475
2014-12-20T08:00,68495.019
2014-12-20T08:15,77078.824
2014-12-20T08:30,78806.213
2014-12-20T08:45,68419.775
2014-12-20T09:00,62807.19
2014-12-20T09:15,60189.812
2014-12-20T09:30,64926.668
2014-12-20T09:45,52717.065
2014-12-20T10:00,51349.062
2014-12-20T10:15,54716.091
2014-12-20T10:30,18825.456
2014-12-20T10:45,37090.246
2014-12-20T11:00,50857.825
2014-12-20T11:15,47219.156
2014-12-20T11:30,47781.718
2014-12-20T11:45,36561.755
2014-12-20T12:00,31483.048
2014-12-20T12:15,36380.475
2014-12-20T12:30,28485.122
2014-12-20T12:45,6635.378
2014-12-20T13:00,27187.379
2014-12-20T13:15,33856.017
2014-12-20T13:30,16120.342
2014-12-20T13:45,6235.746
2014-12-20T14:00,14379.242
2014-12-20T14:15,9163.094
2014-12-20T14:30,4603.493
2014-12-20T14:45,5616.761
2014-12-20T15:00,8591.925
2014-12-20T15:15,17582.728
2014-12-20T15:30,25569.593
2014-12-20T15:45,42456.346
2014-12-20T16:00,53015.594
2014-12-20T16:15,51470.056
2014-12-20T16:30,57282.085
2014-12-20T16:45,53427.214
2014-12-20T17:00,51403.45
2014-12-20T17:15,53512.982
2014-12-20T17:30,55487.833
2014-12-20T17:45,54766.563
2014-12-20T18:00,27853.125
2014-12-20T18:15,31866.94
2014-12-20T18:30,27522.875
2014-12-20T18:45,27903.238
2014-12-20T19:00,37084.854
2014-12-20T19:15,34396.748
2014-12-20T19:30,23984.977
2014-12-20T19:45,17502.475
2014-12-20T20:00,19857.251
2014-12-20T20:15,19669.464
2014-12-20T20:30,18319.193
2014-12-20T20:45,19878.333
2014-12-20T21:00,19194.688
2014-12-20T21:15,17488.373
2014-12-20T21:30,19235.061
2014-12-20T21:45,17941.873
2014-12-20T22:00,25354.64
2014-12-20T22:15,28297.284
2014-12-20T22:30,17770.66
2014-12-20T22:45,19867.945
2014-12-20T23:00,17533.225
2014-12-20T23:15,18144.203
2014-12-20T23:30,13780.414
2014-12-20T23:45,13458.591
2014-12-21T00:00,13039.988
2014-12-21T00:15,12344.407
2014-12-21T00:30,15182.912
2014-12-21T00:45,13325.661
2014-12-21T01:00,22058.395
2014-12-21T01:15,24108.568
2014-12-21T01:30,23659.183
2014-12-21T01:45,19174.673
2014-12-21T02:00,16132.399
2014-12-21T02:15,10476.302
2014-12-21T02:30,10997.473
2014-12-21T02:45,14057.612
2014-12-21T03:00,10367.447
2014-12-21T03:15,8386.512
2014-12-21T03:30,12553.535
2014-12-21T03:45,10366.757
2014-12-21T04:00,7336.961
2014-12-21T04:15,7050.667
2014-12-21T04:30,7761.983
2014-12-21T04:45,8997.482
2014-12-21T05:00,12186.845
2014-12-21T05:15,12046.778
2014-12-21T05:30,12219.02
2014-12-21T05:45,11032.026
2014-12-21T06:00,8346.768
2014-12-21T06:15,6376.757
2014-12-21T06:30,7099.936
2014-12-21T06:45,14206.848
2014-12-21T07:00,20459.909
2014-12-21T07:15,28126.81
2014-12-21T07:30,27886.785
2014-12-21T07:45,24355.249
2014-12-21T08:00,28222.766
2014-12-21T08:15,27256.684
2014-12-21T08:30,27896.259
2014-12-21T08:45,27275.923
2014-12-21T09:00,24540.714
2014-12-21T09:15,26156.391
2014-12-21T09:30,20228.66
2014-12-21T09:45,14992.922
2014-12-21T10:00,22274.866
2014-12-21T10:15,18044.587
2014-12-21T10:30,2680.684
2014-12-21T10:45,1926.537
2014-12-21T11:00,2923.019
2014-12-21T11:15,2567.883
2014-12-21T11:30,3706.863
2014-12-21T11:45,911.491
2014-12-21T12:00,1122.959
2014-12-21T12:15,754.249
2014-12-21T12:30,1875.383
2014-12-21T12:45,6337.644
2014-12-21T13:00,11427.757
2014-12-21T13:15,7071.337
2014-12-21T13:30,4315.362
2014-12-21T13:45,1333.408
2014-12-21T14:00,1284.941
2014-12-21T14:15,669.697
2014-12-21T14:30,1484.291
2014-12-21T14:45,4341.714
2014-12-21T15:00,6723.656
2014-12-21T15:15,13899.22
2014-12-21T15:30,21276.087
2014-12-21T15:45,27068.521
2014-12-21T16:00,24474.964
2014-12-21T16:15,28451.7
2014-12-21T16:30,29386.019
2014-12-21T16:45,33398.417
2014-12-21T17:00,32146.088
2014-12-21T17:15,37703.164
2014-12-21T17:30,37062.02
2014-12-21T17:45,31579.242
2014-12-21T18:00,27806.353
2014-12-21T18:15,26719.518
2014-12-21T18:30,30869.012
2014-12-21T18:45,37428.0
2014-12-21T19:00,41629.107
2014-12-21T19:15,34832.437
2014-12-21T19:30,29486.211
2014-12-21T19:45,18428.564
2014-12-21T20:00,21275.488
2014-12-21T20:15,17160.371
2014-12-21T20:30,17228.376
2014-12-21T20:45,15499.983
2014-12-21T21:00,16273.611
2014-12-21T21:15,17279.032
2014-12-21T21:30,14872.745
2014-12-21T21:45,16547.397
2014-12-21T22:00,23458.362
2014-12-21T22:15,29644.233
2014-12-21T22:30,17386.644
2014-12-21T22:45,17734.227
2014-12-21T23:00,15308.24
2014-12-21T23:15,12452.121
2014-12-21T23:30,12578.037
2014-12-21T23:45,10098.273
2014-12-22T00:00,7895.194
2014-12-22T00:15,9647.286
2014-12-22T00:30,7962.191
2014-12-22T00:45,9165.569
2014-12-22T01:00,17481.224
2014-12-22T01:15,20309.117
2014-12-22T01:30,20586.147
2014-12-22T01:45,16189.687
2014-12-22T02:00,12694.42
2014-12-22T02:15,7549.343
2014-12-22T02:30,7339.814
2014-12-22T02:45,11917.499
2014-12-22T03:00,11198.331
2014-12-22T03:15,14055.988
2014-12-22T03:30,16440.661
2014-12-22T03:45,15943.414
2014-12-22T04:00,12543.495
2014-12-22T04:15,14783.088
2014-12-22T04:30,11775.565
2014-12-22T04:45,15575.759
2014-12-22T05:00,18667.292
2014-12-22T05:15,17789.999
2014-12-22T05:30,18405.256
2014-12-22T05:45,18879.971
2014-12-22T06:00,18916.29
2014-12-22T06:15,18128.784
2014-12-22T06:30,17137.269
2014-12-22T06:45,18104.891
2014-12-22T07:00,20830.483
2014-12-22T07:15,30042.147
2014-12-22T07:30,28814.486
2014-12-22T07:45,20440.836
2014-12-22T08:00,23909.088
2014-12-22T08:15,26093.489
2014-12-22T08:30,30523.886
2014-12-22T08:45,35675.785
2014-12-22T09:00,39486.03
2014-12-22T09:15,29089.71
2014-12-22T09:30,24014.17
2014-12-22T09:45,19785.269
2014-12-22T10:00,18775.132
2014-12-22T10:15,19312.137
2014-12-22T10:30,10623.472
2014-12-22T10:45,12353.452
2014-12-22T11:00,27390.963
2014-12-22T11:15,23841.775
2014-12-22T11:30,19975.645
2014-12-22T11:45,25911.531
2014-12-22T12:00,12768.602
2014-12-22T12:15,19320.9
2014-12-22T12:30,19156.622
2014-12-22T12:45,21882.497
2014-12-22T13:00,26908.479
2014-12-22T13:15,31269.125
2014-12-22T13:30,28565.577
2014-12-22T13:45,24415.638
2014-12-22T14:00,20646.799
2014-12-22T14:15,19574.801
2014-12-22T14:30,13717.911
2014-12-22T14:45,9429.787
2014-12-22T15:00,10538.303
2014-12-22T15:15,16128.487
2014-12-22T15:30,20939.488
2014-12-22T15:45,25470.68
2014-12-22T16:00,27464.345
2014-12-22T16:15,33510.433
2014-12-22T16:30,32532.509
2014-12-22T16:45,31945.254
2014-12-22T17:00,34506.793
2014-12-22T17:15,40025.295
2014-12-22T17:30,41441.352
2014-12-22T17:45,29824.943
2014-12-22T18:00,34260.976
2014-12-22T18:15,29859.75
2014-12-22T18:30,31136.098
2014-12-22T18:45,26417.858
2014-12-22T19:00,44347.767
2014-12-22T19:15,45413.313
2014-12-22T19:30,39200.039
2014-12-22T19:45,19352.686
2014-12-22T20:00,19121.798
2014-12-22T20:15,18518.344
2014-12-22T20:30,19064.64
2014-12-22T20:45,18300.875
2014-12-22T21:00,19235.341
2014-12-22T21:15,20748.742
2014-12-22T21:30,17540.187
2014-12-22T21:45,17016.924
2014-12-22T22:00,22038.637
2014-12-22T22:15,22905.862
2014-12-22T22:30,16321.054
2014-12-22T22:45,17942.388
2014-12-22T23:00,18152.306
2014-12-22T23:15,17764.021
2014-12-22T23:30,16367.651
2014-12-22T23:45,16838.201
2014-12-23T00:00,16299.89
2014-12-23T00:15,15632.2
2014-12-23T00:30,17541.357
2014-12-23T00:45,16448.709
2014-12-23T01:00,23039.335
2014-12-23T01:15,23533.822
2014-12-23T01:30,29239.363
2014-12-23T01:45,23029.372
2014-12-23T02:00,18914.965
2014-12-23T02:15,12969.893
2014-12-23T02:30,13936.275
2014-12-23T02:45,12417.981
2014-12-23T03:00,12560.49
2014-12-23T03:15,17100.698
2014-12-23T03:30,17237.313
2014-12-23T03:45,16152.188
2014-12-23T04:00,12470.413
2014-12-23T04:15,13994.44
2014-12-23T04:30,13580.463
2014-12-23T04:45,15182.063
2014-12-23T05:00,19577.975
2014-12-23T05:15,18109.239
2014-12-23T05:30,18999.086
2014-12-23T05:45,18028.101
2014-12-23T06:00,19304.161
2014-12-23T06:15,22180.901
2014-12-23T06:30,18327.476
2014-12-23T06:45,14472.902
2014-12-23T07:00,23124.722
2014-12-23T07:15,31127.387
2014-12-23T07:30,21481.147
2014-12-23T07:45,17263.113
2014-12-23T08:00,17627.043
2014-12-23T08:15,19003.173
2014-12-23T08:30,18164.075
2014-12-23T08:45,17731.416
2014-12-23T09:00,13126.746
2014-12-23T09:15,15631.974
2014-12-23T09:30,18815.395
2014-12-23T09:45,32763.599
2014-12-23T10:00,30550.23
2014-12-23T10:15,27620.209
2014-12-23T10:30,26126.6
2014-12-23T10:45,18907.727
2014-12-23T11:00,18371.098
2014-12-23T11:15,17902.87
2014-12-23T11:30,15127.335
2014-12-23T11:45,26135.198
2014-12-23T12:00,30329.344
2014-12-23T12:15,32200.935
2014-12-23T12:30,23456.344
2014-12-23T12:45,21326.501
2014-12-23T13:00,29955.74
2014-12-23T13:15,28494.511
2014-12-23T13:30,26525.048
2014-12-23T13:45,18320.829
2014-12-23T14:00,19520.711
2014-12-23T14:15,16299.902
2014-12-23T14:30,13792.216
2014-12-23T14:45,7844.503
2014-12-23T15:00,5751.811
2014-12-23T15:15,14080.995
2014-12-23T15:30,11644.979
2014-12-23T15:45,14220.623
2014-12-23T16:00,15189.467
2014-12-23T16:15,24378.087
2014-12-23T16:30,16409.231
2014-12-23T16:45,16755.975
2014-12-23T17:00,18062.364
2014-12-23T17:15,21464.96
2014-12-23T17:30,20031.358
2014-12-23T17:45,17329.273
2014-12-23T18:00,19437.131
2014-12-23T18:15,18390.015
2014-12-23T18:30,23553.562
2014-12-23T18:45,27408.817
2014-12-23T19:00,34564.538
2014-12-23T19:15,39813.439
2014-12-23T19:30,28650.662
2014-12-23T19:45,20921.892
2014-12-23T20:00,22103.027
2014-12-23T20:15,20978.63
2014-12-23T20:30,22789.938
2014-12-23T20:45,21111.905
2014-12-23T21:00,19246.543
2014-12-23T21:15,19490.155
2014-12-23T21:30,18929.787
2014-12-23T21:45,18294.434
2014-12-23T22:00,28384.964
2014-12-23T22:15,31178.081
2014-12-23T22:30,21506.623
2014-12-23T22:45,14649.674
2014-12-23T23:00,15332.289
2014-12-23T23:15,13249.887
2014-12-23T23:30,13123.263
2014-12-23T23:45,10724.113
2014-12-24T00:00,10814.205
2014-12-24T00:15,8237.042
2014-12-24T00:30,8832.267
2014-12-24T00:45,10648.852
2014-12-24T01:00,17684.858
2014-12-24T01:15,19504.757
2014-12-24T01:30,22084.715
2014-12-24T01:45,17286.899
2014-12-24T02:00,12684.041
2014-12-24T02:15,9523.911
2014-12-24T02:30,10366.002
2014-12-24T02:45,13004.312
2014-12-24T03:00,12026.958
2014-12-24T03:15,15183.593
2014-12-24T03:30,17062.898
2014-12-24T03:45,15943.678
2014-12-24T04:00,11703.265
2014-12-24T04:15,13693.777
2014-12-24T04:30,11961.684
2014-12-24T04:45,14921.98
2014-12-24T05:00,18484.048
2014-12-24T05:15,16863.572
2014-12-24T05:30,18586.246
2014-12-24T05:45,17570.684
2014-12-24T06:00,19053.561
2014-12-24T06:15,19026.142
2014-12-24T06:30,18918.01
2014-12-24T06:45,21757.108
2014-12-24T07:00,30072.092
2014-12-24T07:15,30937.348
2014-12-24T07:30,19918.675
2014-12-24T07:45,15470.011
2014-12-24T08:00,15297.585
2014-12-24T08:15,17614.858
2014-12-24T08:30,15568.186
2014-12-24T08:45,14363.983
2014-12-24T09:00,14893.328
2014-12-24T09:15,14790.276
2014-12-24T09:30,16422.398
2014-12-24T09:45,12833.298
2014-12-24T10:00,19552.909
2014-12-24T10:15,22864.122
2014-12-24T10:30,10208.098
2014-12-24T10:45,5940.333
2014-12-24T11:00,7703.325
2014-12-24T11:15,5872.242
2014-12-24T11:30,6243.529
2014-12-24T11:45,5607.202
2014-12-24T12:00,3136.528
2014-12-24T12:15,1998.521
2014-12-24T12:30,8709.431
2014-12-24T12:45,9074.233
2014-12-24T13:00,16952.002
2014-12-24T13:15,16889.638
2014-12-24T13:30,18564.849
2014-12-24T13:45,12842.933
2014-12-24T14:00,5618.664
2014-12-24T14:15,5991.711
2014-12-24T14:30,4705.575
2014-12-24T14:45,6470.907
2014-12-24T15:00,11753.877
2014-12-24T15:15,12882.126
2014-12-24T15:30,15371.199
2014-12-24T15:45,18486.863
2014-12-24T16:00,24294.072
2014-12-24T16:15,23648.147
2014-12-24T16:30,23890.55
2014-12-24T16:45,22393.085
2014-12-24T17:00,28262.608
2014-12-24T17:15,24195.871
2014-12-24T17:30,24898.995
2014-12-24T17:45,24201.697
2014-12-24T18:00,22486.843
2014-12-24T18:15,31395.634
2014-12-24T18:30,23546.231
2014-12-24T18:45,21222.929
2014-12-24T19:00,29054.072
2014-12-24T19:15,30715.447
2014-12-24T19:30,24404.129
2014-12-24T19:45,16906.515
2014-12-24T20:00,15192.201
2014-12-24T20:15,16545.143
2014-12-24T20:30,18927.771
2014-12-24T20:45,17102.692
2014-12-24T21:00,17995.823
2014-12-24T21:15,19721.061
2014-12-24T21:30,21395.949
2014-12-24T21:45,15954.834
2014-12-24T22:00,24172.352
2014-12-24T22:15,32785.271
2014-12-24T22:30,14631.569
2014-12-24T22:45,15221.027
2014-12-24T23:00,15184.581
2014-12-24T23:15,13254.546
2014-12-24T23:30,11734.521
2014-12-24T23:45,11135.453
2014-12-25T00:00,10432.958
2014-12-25T00:15,10262.302
2014-12-25T00:30,9062.364
2014-12-25T00:45,12171.195
2014-12-25T01:00,19827.097
2014-12-25T01:15,16262.998
2014-12-25T01:30,26583.014
2014-12-25T01:45,15076.596
2014-12-25T02:00,14640.917
2014-12-25T02:15,11272.726
2014-12-25T02:30,8442.711
2014-12-25T02:45,8578.593
2014-12-25T03:00,9562.154
2014-12-25T03:15,9352.948
2014-12-25T03:30,13382.824
2014-12-25T03:45,13093.335
2014-12-25T04:00,8182.898
2014-12-25T04:15,10123.702
2014-12-25T04:30,8203.703
2014-12-25T04:45,10579.11
2014-12-25T05:00,14342.241
2014-12-25T05:15,13771.308
2014-12-25T05:30,14203.915
2014-12-25T05:45,14502.042
2014-12-25T06:00,13545.275
2014-12-25T06:15,16845.463
2014-12-25T06:30,19404.266
2014-12-25T06:45,24330.606
2014-12-25T07:00,29224.542
2014-12-25T07:15,39723.813
2014-12-25T07:30,22834.447
2014-12-25T07:45,22545.498
2014-12-25T08:00,24804.573
2014-12-25T08:15,25093.148
2014-12-25T08:30,25893.691
2014-12-25T08:45,22885.465
2014-12-25T09:00,23922.084
2014-12-25T09:15,19982.255
2014-12-25T09:30,21327.302
2014-12-25T09:45,17927.111
2014-12-25T10:00,22709.493
2014-12-25T10:15,27748.956
2014-12-25T10:30,8123.58
2014-12-25T10:45,3839.599
2014-12-25T11:00,4522.737
2014-12-25T11:15,696.105
2014-12-25T11:30,492.308
2014-12-25T11:45,329.752
2014-12-25T12:00,486.272
2014-12-25T12:15,183.29
2014-12-25T12:30,536.788
2014-12-25T12:45,2107.149
2014-12-25T13:00,7436.893
2014-12-25T13:15,940.428
2014-12-25T13:30,1102.413
2014-12-25T13:45,991.462
2014-12-25T14:00,395.626
2014-12-25T14:15,542.02
2014-12-25T14:30,483.59
2014-12-25T14:45,693.187
2014-12-25T15:00,593.52
2014-12-25T15:15,2331.491
2014-12-25T15:30,5706.0
2014-12-25T15:45,6704.269
2014-12-25T16:00,7873.842
2014-12-25T16:15,14224.993
2014-12-25T16:30,20151.795
2014-12-25T16:45,19434.226
2014-12-25T17:00,22259.554
2014-12-25T17:15,21275.475
2014-12-25T17:30,19312.658
2014-12-25T17:45,18757.602
2014-12-25T18:00,21784.973
2014-12-25T18:15,22743.679
2014-12-25T18:30,23720.638
2014-12-25T18:45,20123.398
2014-12-25T19:00,27635.375
2014-12-25T19:15,28876.291
2014-12-25T19:30,24435.238
2014-12-25T19:45,17810.002
2014-12-25T20:00,16560.265
2014-12-25T20:15,17995.85
2014-12-25T20:30,19657.289
2014-12-25T20:45,19543.029
2014-12-25T21:00,20542.192
2014-12-25T21:15,21954.737
2014-12-25T21:30,18753.477
2014-12-25T21:45,16851.382
2014-12-25T22:00,26396.1
2014-12-25T22:15,28837.15
2014-12-25T22:30,14483.154
2014-12-25T22:45,13054.29
2014-12-25T23:00,13253.629
2014-12-25T23:15,11520.245
2014-12-25T23:30,12614.745
2014-12-25T23:45,10687.744
2014-12-26T00:00,8631.969
2014-12-26T00:15,7609.806
2014-12-26T00:30,8445.033
2014-12-26T00:45,9885.092
2014-12-26T01:00,19751.256
2014-12-26T01:15,18217.417
2014-12-26T01:30,21305.389
2014-12-26T01:45,16605.39
2014-12-26T02:00,15382.156
2014-12-26T02:15,8817.652
2014-12-26T02:30,8005.61
2014-12-26T02:45,10885.564
2014-12-26T03:00,7962.684
2014-12-26T03:15,10340.445
2014-12-26T03:30,13005.706
2014-12-26T03:45,11945.753
2014-12-26T04:00,8131.342
2014-12-26T04:15,10075.293
2014-12-26T04:30,8825.907
2014-12-26T04:45,11104.006
2014-12-26T05:00,15064.835
2014-12-26T05:15,14293.509
2014-12-26T05:30,14926.791
2014-12-26T05:45,14524.236
2014-12-26T06:00,17217.765
2014-12-26T06:15,15597.303
2014-12-26T06:30,20037.676
2014-12-26T06:45,22753.166
2014-12-26T07:00,30686.443
2014-12-26T07:15,39025.335
2014-12-26T07:30,22726.739
2014-12-26T07:45,21507.392
2014-12-26T08:00,22013.61
2014-12-26T08:15,19627.734
2014-12-26T08:30,20730.851
2014-12-26T08:45,20452.263
2014-12-26T09:00,19176.309
2014-12-26T09:15,18828.609
2014-12-26T09:30,18232.225
2014-12-26T09:45,10320.858
2014-12-26T10:00,15890.005
2014-12-26T10:15,15198.151
2014-12-26T10:30,767.758
2014-12-26T10:45,559.063
2014-12-26T11:00,1229.42
2014-12-26T11:15,2679.619
2014-12-26T11:30,1811.243
2014-12-26T11:45,1235.819
2014-12-26T12:00,742.802
2014-12-26T12:15,1825.676
2014-12-26T12:30,2949.126
2014-12-26T12:45,2733.995
2014-12-26T13:00,11793.559
2014-12-26T13:15,10365.902
2014-12-26T13:30,15842.363
2014-12-26T13:45,3499.663
2014-12-26T14:00,4034.794
2014-12-26T14:15,2200.435
2014-12-26T14:30,1502.947
2014-12-26T14:45,2036.178
2014-12-26T15:00,3651.426
2014-12-26T15:15,1621.711
2014-12-26T15:30,2837.431
2014-12-26T15:45,4217.743
2014-12-26T16:00,7866.259
2014-12-26T16:15,12181.661
2014-12-26T16:30,13093.759
2014-12-26T16:45,12718.702
2014-12-26T17:00,19491.558
2014-12-26T17:15,17332.743
2014-12-26T17:30,17418.281
2014-12-26T17:45,18877.526
2014-12-26T18:00,20543.078
2014-12-26T18:15,19928.25
2014-12-26T18:30,25660.429
2014-12-26T18:45,25892.107
2014-12-26T19:00,29599.871
2014-12-26T19:15,24649.205
2014-12-26T19:30,24778.707
2014-12-26T19:45,16363.835
2014-12-26T20:00,15496.982
2014-12-26T20:15,17299.599
2014-12-26T20:30,17664.51
2014-12-26T20:45,17252.686
2014-12-26T21:00,17124.461
2014-12-26T21:15,18950.843
2014-12-26T21:30,17876.87
2014-12-26T21:45,16473.645
2014-12-26T22:00,26198.843
2014-12-26T22:15,19699.083
2014-12-26T22:30,12546.988
2014-12-26T22:45,10413.173
2014-12-26T23:00,11995.172
2014-12-26T23:15,12541.793
2014-12-26T23:30,13884.052
2014-12-26T23:45,9628.217
2014-12-27T00:00,8498.508
2014-12-27T00:15,8130.954
2014-12-27T00:30,8184.168
2014-12-27T00:45,10724.43
2014-12-27T01:00,18216.964
2014-12-27T01:15,16937.256
2014-12-27T01:30,20804.062
2014-12-27T01:45,16033.612
2014-12-27T02:00,14313.353
2014-12-27T02:15,7001.125
2014-12-27T02:30,6514.483
2014-12-27T02:45,8254.838
2014-12-27T03:00,5880.641
2014-12-27T03:15,9445.123
2014-12-27T03:30,11904.384
2014-12-27T03:45,10654.388
2014-12-27T04:00,6810.079
2014-12-27T04:15,8503.505
2014-12-27T04:30,7086.372
2014-12-27T04:45,9553.985
2014-12-27T05:00,12586.625
2014-12-27T05:15,13222.458
2014-12-27T05:30,13055.413
2014-12-27T05:45,13740.637
2014-12-27T06:00,16423.434
2014-12-27T06:15,16068.008
2014-12-27T06:30,15989.911
2014-12-27T06:45,19872.761
2014-12-27T07:00,31217.421
2014-12-27T07:15,30256.242
2014-12-27T07:30,25380.422
2014-12-27T07:45,25926.369
2014-12-27T08:00,25288.92
2014-12-27T08:15,26892.294
2014-12-27T08:30,29537.625
2014-12-27T08:45,27074.007
2014-12-27T09:00,23506.167
2014-12-27T09:15,22737.349
2014-12-27T09:30,23652.582
2014-12-27T09:45,20847.737
2014-12-27T10:00,25004.529
2014-12-27T10:15,23013.156
2014-12-27T10:30,11767.76
2014-12-27T10:45,15597.645
2014-12-27T11:00,15120.898
2014-12-27T11:15,16005.709
2014-12-27T11:30,14044.449
2014-12-27T11:45,4330.563
2014-12-27T12:00,5092.179
2014-12-27T12:15,10392.187
2014-12-27T12:30,17331.187
2014-12-27T12:45,23197.943
2014-12-27T13:00,28370.706
2014-12-27T13:15,21265.371
2014-12-27T13:30,23754.159
2014-12-27T13:45,15071.086
2014-12-27T14:00,7797.442
2014-12-27T14:15,5564.051
2014-12-27T14:30,9527.416
2014-12-27T14:45,6511.226
2014-12-27T15:00,14236.432
2014-12-27T15:15,22218.005
2014-12-27T15:30,19331.261
2014-12-27T15:45,15347.501
2014-12-27T16:00,14359.644
2014-12-27T16:15,17788.722
2014-12-27T16:30,16483.799
2014-12-27T16:45,15641.431
2014-12-27T17:00,19204.754
2014-12-27T17:15,21248.656
2014-12-27T17:30,18599.909
2014-12-27T17:45,21917.056
2014-12-27T18:00,26745.818
2014-12-27T18:15,28263.903
2014-12-27T18:30,28994.794
2014-12-27T18:45,26795.284
2014-12-27T19:00,30615.679
2014-12-27T19:15,31947.262
2014-12-27T19:30,17084.306
2014-12-27T19:45,17768.667
2014-12-27T20:00,21944.366
2014-12-27T20:15,23908.991
2014-12-27T20:30,18881.423
2014-12-27T20:45,18408.581
2014-12-27T21:00,20460.457
2014-12-27T21:15,17597.72
2014-12-27T21:30,20389.163
2014-12-27T21:45,19134.634
2014-12-27T22:00,21382.192
2014-12-27T22:15,23660.794
2014-12-27T22:30,15169.674
2014-12-27T22:45,12122.599
2014-12-27T23:00,12665.171
2014-12-27T23:15,11672.066
2014-12-27T23:30,11440.504
2014-12-27T23:45,11825.11
2014-12-28T00:00,8012.197
2014-12-28T00:15,8531.479
2014-12-28T00:30,10324.609
2014-12-28T00:45,9633.856
2014-12-28T01:00,19292.375
2014-12-28T01:15,21076.92
2014-12-28T01:30,22274.606
2014-12-28T01:45,19392.335
2014-12-28T02:00,13102.629
2014-12-28T02:15,11505.877
2014-12-28T02:30,13530.61
2014-12-28T02:45,12292.462
2014-12-28T03:00,12242.328
2014-12-28T03:15,12335.649
2014-12-28T03:30,16741.329
2014-12-28T03:45,16412.355
2014-12-28T04:00,12242.593
2014-12-28T04:15,11712.312
2014-12-28T04:30,11870.791
2014-12-28T04:45,13356.352
2014-12-28T05:00,17332.37
2014-12-28T05:15,17612.249
2014-12-28T05:30,17829.044
2014-12-28T05:45,20509.456
2014-12-28T06:00,13252.559
2014-12-28T06:15,12507.905
2014-12-28T06:30,12935.487
2014-12-28T06:45,14986.058
2014-12-28T07:00,21292.789
2014-12-28T07:15,32372.71
2014-12-28T07:30,14812.677
2014-12-28T07:45,17821.364
2014-12-28T08:00,20988.781
2014-12-28T08:15,19922.711
2014-12-28T08:30,34012.67
2014-12-28T08:45,50657.372
2014-12-28T09:00,52775.562
2014-12-28T09:15,55933.378
2014-12-28T09:30,56576.826
2014-12-28T09:45,46667.759
2014-12-28T10:00,49363.266
2014-12-28T10:15,51466.927
2014-12-28T10:30,44409.034
2014-12-28T10:45,30121.943
2014-12-28T11:00,22009.17
2014-12-28T11:15,25710.09
2014-12-28T11:30,26900.976
2014-12-28T11:45,37762.147
2014-12-28T12:00,35594.368
2014-12-28T12:15,31032.149
2014-12-28T12:30,30001.943
2014-12-28T12:45,47303.834
2014-12-28T13:00,63279.75
2014-12-28T13:15,58167.185
2014-12-28T13:30,58231.022
2014-12-28T13:45,54382.345
2014-12-28T14:00,34897.994
2014-12-28T14:15,40294.617
2014-12-28T14:30,37302.855
2014-12-28T14:45,38107.785
2014-12-28T15:00,45630.33
2014-12-28T15:15,50923.312
2014-12-28T15:30,44411.905
2014-12-28T15:45,42040.678
2014-12-28T16:00,75130.591
2014-12-28T16:15,67438.105
2014-12-28T16:30,62249.357
2014-12-28T16:45,76765.284
2014-12-28T17:00,77107.845
2014-12-28T17:15,75656.314
2014-12-28T17:30,76192.438
2014-12-28T17:45,80788.72
2014-12-28T18:00,44910.214
2014-12-28T18:15,43088.992
2014-12-28T18:30,41695.397
2014-12-28T18:45,44900.382
2014-12-28T19:00,49805.361
2014-12-28T19:15,39924.294
2014-12-28T19:30,29232.124
2014-12-28T19:45,27496.134
2014-12-28T20:00,26015.549
2014-12-28T20:15,23970.768
2014-12-28T20:30,22100.933
2014-12-28T20:45,20843.942
2014-12-28T21:00,23036.967
2014-12-28T21:15,21377.24
2014-12-28T21:30,25249.619
2014-12-28T21:45,29292.295
2014-12-28T22:00,21504.817
2014-12-28T22:15,20722.495
2014-12-28T22:30,11280.69
2014-12-28T22:45,12430.938
2014-12-28T23:00,12614.163
2014-12-28T23:15,12459.756
2014-12-28T23:30,11292.699
2014-12-28T23:45,8644.767
2014-12-29T00:00,8250.487
2014-12-29T00:15,7610.923
2014-12-29T00:30,8862.963
2014-12-29T00:45,9409.482
2014-12-29T01:00,17811.06
2014-12-29T01:15,16967.296
2014-12-29T01:30,20743.983
2014-12-29T01:45,22357.419
2014-12-29T02:00,9070.891
2014-12-29T02:15,8730.802
2014-12-29T02:30,8347.783
2014-12-29T02:45,7697.981
2014-12-29T03:00,7407.042
2014-12-29T03:15,10370.778
2014-12-29T03:30,12776.469
2014-12-29T03:45,12183.664
2014-12-29T04:00,8669.337
2014-12-29T04:15,8350.318
2014-12-29T04:30,6613.487
2014-12-29T04:45,7837.217
2014-12-29T05:00,12172.904
2014-12-29T05:15,13100.188
2014-12-29T05:30,14880.414
2014-12-29T05:45,14719.097
2014-12-29T06:00,13726.69
2014-12-29T06:15,13282.467
2014-12-29T06:30,12221.274
2014-12-29T06:45,15297.662
2014-12-29T07:00,21784.908
2014-12-29T07:15,22312.443
2014-12-29T07:30,21745.882
2014-12-29T07:45,30621.725
2014-12-29T08:00,52112.11
2014-12-29T08:15,64929.905
2014-12-29T08:30,64868.835
2014-12-29T08:45,67012.416
2014-12-29T09:00,37694.78
2014-12-29T09:15,43445.109
2014-12-29T09:30,51303.457
2014-12-29T09:45,48639.998
2014-12-29T10:00,50085.209
2014-12-29T10:15,50693.937
2014-12-29T10:30,39447.515
2014-12-29T10:45,36532.158
2014-12-29T11:00,42819.875
2014-12-29T11:15,11897.966
2014-12-29T11:30,6377.965
2014-12-29T11:45,28550.911
2014-12-29T12:00,2680.955
2014-12-29T12:15,186.909
2014-12-29T12:30,195.985
2014-12-29T12:45,660.41
2014-12-29T13:00,1085.726
2014-12-29T13:15,280.125
2014-12-29T13:30,186.637
2014-12-29T13:45,310.784
2014-12-29T14:00,370.156
2014-12-29T14:15,190.805
2014-12-29T14:30,186.264
2014-12-29T14:45,310.422
2014-12-29T15:00,294.585
2014-12-29T15:15,698.361
2014-12-29T15:30,3703.047
2014-12-29T15:45,6745.274
2014-12-29T16:00,11866.266
2014-12-29T16:15,12849.764
2014-12-29T16:30,14140.374
2014-12-29T16:45,15703.948
2014-12-29T17:00,19472.919
2014-12-29T17:15,24448.801
2014-12-29T17:30,21746.721
2014-12-29T17:45,21897.566
2014-12-29T18:00,23078.993
2014-12-29T18:15,22475.638
2014-12-29T18:30,22104.998
2014-12-29T18:45,22618.062
2014-12-29T19:00,29288.229
2014-12-29T19:15,27194.345
2014-12-29T19:30,17953.217
2014-12-29T19:45,16374.421
2014-12-29T20:00,21311.551
2014-12-29T20:15,28099.336
2014-12-29T20:30,28452.071
2014-12-29T20:45,28871.911
2014-12-29T21:00,22249.301
2014-12-29T21:15,19057.169
2014-12-29T21:30,20688.546
2014-12-29T21:45,19235.036
2014-12-29T22:00,28557.031
2014-12-29T22:15,30276.051
2014-12-29T22:30,19994.492
2014-12-29T22:45,20973.488
2014-12-29T23:00,19347.655
2014-12-29T23:15,20057.542
2014-12-29T23:30,19192.26
2014-12-29T23:45,17442.943
2014-12-30T00:00,17151.041
2014-12-30T00:15,15695.883
2014-12-30T00:30,15734.268
2014-12-30T00:45,16613.873
2014-12-30T01:00,24739.892
2014-12-30T01:15,24792.519
2014-12-30T01:30,31215.604
2014-12-30T01:45,19130.595
2014-12-30T02:00,10380.832
2014-12-30T02:15,8484.412
2014-12-30T02:30,9256.957
2014-12-30T02:45,8388.633
2014-12-30T03:00,8705.464
2014-12-30T03:15,11987.894
2014-12-30T03:30,13772.736
2014-12-30T03:45,12707.745
2014-12-30T04:00,8931.274
2014-12-30T04:15,9115.463
2014-12-30T04:30,9218.739
2014-12-30T04:45,11425.765
2014-12-30T05:00,13856.373
2014-12-30T05:15,13486.01
2014-12-30T05:30,15933.7
2014-12-30T05:45,14182.512
2014-12-30T06:00,13453.108
2014-12-30T06:15,13492.703
2014-12-30T06:30,14296.283
2014-12-30T06:45,14761.18
2014-12-30T07:00,21322.218
2014-12-30T07:15,26883.197
2014-12-30T07:30,14486.405
2014-12-30T07:45,16303.463
2014-12-30T08:00,19179.473
2014-12-30T08:15,17227.387
2014-12-30T08:30,22816.327
2014-12-30T08:45,22723.483
2014-12-30T09:00,24417.074
2014-12-30T09:15,28239.434
2014-12-30T09:30,30167.012
2014-12-30T09:45,26350.956
2014-12-30T10:00,30568.342
2014-12-30T10:15,33450.442
2014-12-30T10:30,21019.609
2014-12-30T10:45,14533.138
2014-12-30T11:00,15396.362
2014-12-30T11:15,8879.163
2014-12-30T11:30,11099.677
2014-12-30T11:45,9377.232
2014-12-30T12:00,7183.712
2014-12-30T12:15,8825.984
2014-12-30T12:30,7774.802
2014-12-30T12:45,12242.596
2014-12-30T13:00,16901.41
2014-12-30T13:15,27414.339
2014-12-30T13:30,32619.339
2014-12-30T13:45,19355.241
2014-12-30T14:00,12922.298
2014-12-30T14:15,13284.36
2014-12-30T14:30,10787.199
2014-12-30T14:45,12452.149
2014-12-30T15:00,18767.366
2014-12-30T15:15,17526.885
2014-12-30T15:30,13222.551
2014-12-30T15:45,16150.332
2014-12-30T16:00,16104.721
2014-12-30T16:15,18755.637
2014-12-30T16:30,19369.672
2014-12-30T16:45,19238.408
2014-12-30T17:00,21802.279
2014-12-30T17:15,25116.363
2014-12-30T17:30,24996.911
2014-12-30T17:45,29016.515
2014-12-30T18:00,22441.441
2014-12-30T18:15,22820.767
2014-12-30T18:30,22615.535
2014-12-30T18:45,27145.475
2014-12-30T19:00,33040.132
2014-12-30T19:15,35960.062
2014-12-30T19:30,27376.945
2014-12-30T19:45,20006.116
2014-12-30T20:00,21232.235
2014-12-30T20:15,18966.905
2014-12-30T20:30,16455.336
2014-12-30T20:45,17076.374
2014-12-30T21:00,17856.578
2014-12-30T21:15,18024.964
2014-12-30T21:30,18950.968
2014-12-30T21:45,18453.375
2014-12-30T22:00,25376.818
2014-12-30T22:15,26845.226
2014-12-30T22:30,19412.467
2014-12-30T22:45,18028.979
2014-12-30T23:00,17534.058
2014-12-30T23:15,16404.286
2014-12-30T23:30,16983.877
2014-12-30T23:45,16421.012
2014-12-31T00:00,14609.756
2014-12-31T00:15,12448.013
2014-12-31T00:30,12584.124
2014-12-31T00:45,13688.239
2014-12-31T01:00,22227.405
2014-12-31T01:15,31463.88
2014-12-31T01:30,22915.473
2014-12-31T01:45,19937.332
2014-12-31T02:00,15778.594
2014-12-31T02:15,10878.554
2014-12-31T02:30,11020.718
2014-12-31T02:45,10229.328
2014-12-31T03:00,10573.356
2014-12-31T03:15,15009.8
2014-12-31T03:30,16641.454
2014-12-31T03:45,14465.396
2014-12-31T04:00,12466.639
2014-12-31T04:15,11360.083
2014-12-31T04:30,10310.112
2014-12-31T04:45,14123.702
2014-12-31T05:00,16801.72
2014-12-31T05:15,17600.694
2014-12-31T05:30,15300.949
2014-12-31T05:45,16291.509
2014-12-31T06:00,15085.614
2014-12-31T06:15,12348.421
2014-12-31T06:30,12989.651
2014-12-31T06:45,16600.577
2014-12-31T07:00,24122.109
2014-12-31T07:15,31340.601
2014-12-31T07:30,23419.849
2014-12-31T07:45,17322.069
2014-12-31T08:00,16452.206
2014-12-31T08:15,19499.436
2014-12-31T08:30,22334.902
2014-12-31T08:45,21402.293
2014-12-31T09:00,19393.377
2014-12-31T09:15,20644.032
2014-12-31T09:30,19270.624
2014-12-31T09:45,21772.622
2014-12-31T10:00,26354.061
2014-12-31T10:15,23252.427
2014-12-31T10:30,10370.337
2014-12-31T10:45,4769.49
2014-12-31T11:00,3387.226
2014-12-31T11:15,7380.431
2014-12-31T11:30,6473.234
2014-12-31T11:45,1713.592
2014-12-31T12:00,4513.481
2014-12-31T12:15,1133.792
2014-12-31T12:30,819.98
2014-12-31T12:45,3055.169
2014-12-31T13:00,9077.789
2014-12-31T13:15,4796.526
2014-12-31T13:30,2050.369
2014-12-31T13:45,569.634
2014-12-31T14:00,535.723
2014-12-31T14:15,407.041
2014-12-31T14:30,639.054
2014-12-31T14:45,590.318
2014-12-31T15:00,2110.112
2014-12-31T15:15,735.443
2014-12-31T15:30,491.499
2014-12-31T15:45,546.448
2014-12-31T16:00,481.885
2014-12-31T16:15,282.686
2014-12-31T16:30,372.374
2014-12-31T16:45,1640.611
2014-12-31T17:00,14485.1
2014-12-31T17:15,10570.714
2014-12-31T17:30,14991.486
2014-12-31T17:45,25225.649
2014-12-31T18:00,35820.69
2014-12-31T18:15,30438.588
2014-12-31T18:30,28793.478
2014-12-31T18:45,28270.678
2014-12-31T19:00,35235.225
2014-12-31T19:15,38715.914
2014-12-31T19:30,32269.111
2014-12-31T19:45,22809.169
2014-12-31T20:00,19532.3
2014-12-31T20:15,18876.673
2014-12-31T20:30,19975.548
2014-12-31T20:45,19366.882
2014-12-31T21:00,19118.621
2014-12-31T21:15,20220.772
2014-12-31T21:30,19086.493
2014-12-31T21:45,17723.282
2014-12-31T22:00,23368.866
2014-12-31T22:15,25333.543
2014-12-31T22:30,20668.061
2014-12-31T22:45,16118.786
2014-12-31T23:00,15732.848
2014-12-31T23:15,13403.096
2014-12-31T23:30,12002.042
2014-12-31T23:45,12573.168
